05233297+0135176,6568.0,39.0,4.06,0.07,-0.07,0.05,3.32,0.03,25_Ori,0.9951
05242648+0126492,5966.0,79.0,4.15,0.08,0.06,0.05,3.51,0.07,25_Ori,0.9999
05251050+0135592,4838.0,56.0,4.5,0.1,-0.21,0.12,3.57,0.09,25_Ori,0.9923
05264349+0143538,5054.0,55.0,4.49,0.1,0.02,0.12,3.76,0.08,25_Ori,0.9992
05242422+0141333,7289.0,96.0,4.18,0.11,-0.02,0.07,3.26,0.06,25_Ori,0.9927
05243891+0154066,6185.0,81.0,4.2,0.09,0.02,0.05,3.4,0.07,25_Ori,0.9996
05253957+0142537,3965.75,98.14,3.45,0.32,-0.3,0.31,2.38,0.18,25_Ori,0.9998
08505112-4150558,4980.0,83.0,3.07,0.15,-0.17,0.07,2.84,0.12,Assc50,0.9999
08491676-4128195,5037.0,57.0,4.26,0.09,0.08,0.11,4.02,0.09,Assc50,0.9991
08513558-4147555,4057.79,67.66,3.74,0.22,-0.02,0.06,3.46,0.2,Assc50,0.9978
08494667-4144146,3814.25,59.05,4.52,0.1,-0.14,0.1,3.29,0.06,Assc50,0.9999
08505871-4201063,5135.0,53.0,4.5,0.1,-0.04,0.12,3.73,0.08,Assc50,0.9997
00015217-3017097,3937.0,62.13,4.67,0.09,0.01,0.05,0.0,0.26,Blanco1,1.0
00015342-3006129,3925.67,61.97,4.56,0.09,0.04,0.05,0.27,0.16,Blanco1,1.0
00015692-3012079,4020.94,64.6,4.76,0.09,0.05,0.04,0.41,0.13,Blanco1,1.0
00020421-3010344,4396.4,73.77,4.58,0.09,0.03,0.05,0.56,0.13,Blanco1,1.0
00012867-3012211,6476.0,59.0,3.9,0.09,0.01,0.11,3.22,0.04,Blanco1,0.9998
00013320-3012597,5311.0,31.0,4.55,0.05,-0.05,0.05,2.75,0.04,Blanco1,0.9999
00021804-2924052,4520.0,83.0,4.69,0.09,0.02,0.05,0.49,0.13,Blanco1,0.9999
00024879-2918422,5446.0,31.0,4.42,0.05,-0.02,0.05,2.71,0.04,Blanco1,1.0
00022426-3009090,3857.15,59.48,4.69,0.09,-0.17,0.08,1.52,0.09,Blanco1,0.9999
00030056-3015440,3928.77,60.88,4.54,0.08,0.07,0.04,-0.06,0.2,Blanco1,0.9999
00032418-2956229,4136.44,65.61,4.62,0.07,0.11,0.02,1.24,0.08,Blanco1,0.9999
00031081-3010489,6098.0,57.0,4.2,0.1,0.0,0.11,3.17,0.05,Blanco1,0.9999
00024822-2946349,4609.0,81.0,4.5,0.1,-0.01,0.05,1.28,0.11,Blanco1,1.0
00032467-2955146,4511.0,82.0,4.73,0.09,0.02,0.05,1.05,0.11,Blanco1,1.0
00032061-2949227,6230.0,32.0,4.36,0.05,-0.05,0.05,3.2,0.03,Blanco1,1.0
00032439-2948493,6538.0,61.0,3.91,0.09,0.14,0.11,3.17,0.05,Blanco1,0.9998
00032339-3041232,4327.88,70.74,4.53,0.08,0.0,0.04,0.49,0.11,Blanco1,0.9998
00052552-3018355,3884.6,60.01,4.63,0.08,0.11,0.05,0.1,0.21,Blanco1,0.9999
00050824-3029421,5754.0,32.0,4.42,0.05,0.01,0.05,2.91,0.03,Blanco1,0.9999
00043954-2935200,4804.0,82.0,4.52,0.07,0.01,0.04,1.92,0.1,Blanco1,0.9999
00044354-2941048,4614.0,83.0,4.56,0.08,0.0,0.05,2.03,0.12,Blanco1,0.9999
00045458-2926282,3992.17,62.46,4.78,0.08,-0.01,0.03,0.02,0.22,Blanco1,0.9999
00051756-2946573,4742.0,82.0,4.57,0.08,-0.01,0.05,2.07,0.11,Blanco1,0.9999
00052034-2930564,3918.7,60.27,4.7,0.07,0.04,0.03,-0.02,0.24,Blanco1,1.0
00043317-2938281,6317.0,33.0,4.18,0.05,-0.03,0.05,3.1,0.02,Blanco1,0.9999
00045864-2933477,5960.0,45.0,4.42,0.09,-0.01,0.12,3.17,0.04,Blanco1,0.9999
00055905-2939046,5923.0,36.0,4.47,0.05,-0.01,0.05,3.11,0.03,Blanco1,1.0
00060429-3002119,3868.57,59.41,4.65,0.08,-0.11,0.06,-0.06,0.22,Blanco1,0.9999
00045884-3009416,6038.0,44.0,4.34,0.09,-0.12,0.08,3.16,0.04,Blanco1,0.9999
00055472-3006258,5677.0,30.0,4.47,0.05,-0.01,0.05,2.99,0.03,Blanco1,1.0
00061723-3034316,4061.93,68.21,4.77,0.1,0.03,0.05,0.31,0.15,Blanco1,1.0
00062673-3026092,4031.99,65.34,4.59,0.1,-0.01,0.05,-0.07,0.26,Blanco1,0.9713
00070564-3014319,3826.67,58.04,4.66,0.07,0.08,0.04,0.11,0.18,Blanco1,1.0
00073766-2959467,3995.14,62.18,4.6,0.07,0.07,0.03,0.33,0.08,Blanco1,0.9999
05513013+2149273,5609.0,83.0,3.5,0.22,-0.57,0.08,2.3,0.12,Br21,0.9956
05513062+2147067,6528.0,82.0,3.54,0.22,0.1,0.08,3.55,0.15,Br21,0.9935
05513679+2149187,6387.0,81.0,3.41,0.22,-0.08,0.08,2.75,0.14,Br21,0.9823
05514338+2148437,6868.0,83.0,4.07,0.22,0.3,0.07,2.41,,Br21,0.9527
05514482+2147402,6057.0,81.0,4.11,0.22,-0.59,0.08,2.72,0.14,Br21,0.963
05514583+2149426,6649.0,82.0,4.22,0.22,-0.34,0.07,2.92,0.19,Br21,0.9982
05514616+2146045,4614.0,67.0,2.21,0.17,-0.32,0.05,1.01,0.1,Br21,0.9997
05514777+2149008,6455.0,84.0,4.42,0.22,-0.49,0.08,3.17,0.15,Br21,0.998
05515117+2150050,4784.0,66.0,2.67,0.18,-0.14,0.05,1.02,0.1,Br21,0.9996
05515345+2147578,5592.0,83.0,3.38,0.22,-0.31,0.07,2.48,0.11,Br21,0.9976
05515523+2146016,5022.0,82.0,2.99,0.22,-0.14,0.08,1.17,0.15,Br21,0.9996
05515655+2149434,6777.0,106.0,3.34,0.34,-0.4,0.1,3.31,0.2,Br21,0.9917
05515716+2151083,6804.0,81.0,3.39,0.21,-0.09,0.07,2.89,,Br21,0.9932
05514200+2148497,4520.0,33.0,2.25,0.05,-0.18,0.04,3.01,0.06,Br21,0.9998
05514204+2148027,4509.0,31.0,2.15,0.05,-0.23,0.05,-1.0,,Br21,0.9995
05514483+2148504,4120.0,45.0,1.63,0.07,-0.44,0.08,0.42,0.08,Br21,0.9996
05514883+2148542,4530.0,32.0,2.16,0.05,-0.2,0.04,-1.0,,Br21,0.9998
05514944+2146597,4419.0,33.0,1.91,0.05,-0.24,0.04,0.66,0.06,Br21,0.9998
05512285+2146017,6205.0,81.0,3.87,0.22,-0.38,0.08,2.76,0.12,Br21,0.9982
05512645+2149179,6140.0,85.0,3.31,0.21,-0.6,0.08,2.97,0.21,Br21,0.9978
05513866+2145349,5871.0,82.0,4.33,0.22,-0.62,0.08,1.72,,Br21,0.9919
05513951+2146429,5063.0,64.0,3.03,0.18,-0.16,0.05,0.87,,Br21,0.9998
05514742+2148457,4986.0,63.0,2.91,0.17,-0.12,0.05,0.4,0.49,Br21,0.9996
05514756+2148067,6185.0,83.0,3.2,0.22,0.03,0.08,2.89,0.22,Br21,0.9974
05515261+2147522,5596.0,65.0,3.59,0.18,-0.23,0.06,2.32,0.11,Br21,0.9969
05515964+2144121,6239.0,81.0,4.08,0.22,-0.28,0.08,2.41,,Br21,0.9911
05520771+2150531,5290.0,66.0,3.54,0.18,-0.36,0.05,2.17,0.11,Br21,0.9977
05513679+2147479,5041.0,65.0,3.0,0.17,-0.15,0.05,0.57,0.94,Br21,0.9997
05513961+2146494,5010.0,64.0,3.04,0.17,-0.08,0.05,1.04,,Br21,0.9996
05515895+2148284,5668.0,81.0,3.33,0.21,-0.3,0.08,2.44,0.14,Br21,0.9967
05512285+2148139,5803.0,67.0,3.79,0.17,-0.36,0.05,2.44,0.13,Br21,0.9832
05513584+2150125,4997.0,65.0,3.01,0.17,-0.13,0.05,0.98,0.15,Br21,0.9994
05513655+2149535,6238.0,80.0,3.41,0.22,-0.59,0.08,2.71,0.17,Br21,0.9985
05514501+2146307,6653.0,100.0,3.8,0.33,-0.37,0.09,2.59,,Br21,0.995
05514573+2146489,4745.0,65.0,2.54,0.17,-0.19,0.05,1.11,0.1,Br21,0.9998
05514773+2149434,5050.0,64.0,3.22,0.17,-0.45,0.05,1.62,0.11,Br21,0.9987
05515891+2148420,5618.0,80.0,3.3,0.22,-0.21,0.08,2.32,0.14,Br21,0.9961
05520265+2144496,5035.0,64.0,3.33,0.17,-0.2,0.06,1.5,0.13,Br21,0.9994
05513930+2150034,6892.0,84.0,3.74,0.22,-0.5,0.08,3.27,0.25,Br21,0.9987
05514130+2145383,6320.0,84.0,3.84,0.21,-0.61,0.08,2.85,0.24,Br21,0.9951
05514290+2147462,6324.0,84.0,3.69,0.22,0.07,0.08,2.94,0.19,Br21,0.9981
05514412+2147440,5643.0,82.0,3.46,0.21,-0.48,0.08,2.01,,Br21,0.9984
05514863+2147505,6454.0,81.0,3.83,0.22,-0.02,0.08,2.88,0.17,Br21,0.9987
05515065+2148321,5127.0,66.0,3.21,0.18,-0.07,0.05,1.53,0.12,Br21,0.9905
05515180+2147238,6444.0,83.0,3.85,0.21,0.26,0.08,3.24,0.17,Br21,0.9984
05515695+2147377,5008.0,65.0,2.94,0.17,-0.15,0.05,1.54,0.12,Br21,0.9712
05512750+2153016,6475.0,82.0,4.58,0.22,-0.09,0.08,3.15,0.15,Br21,0.9924
05513769+2153554,6098.0,81.0,3.11,0.22,-0.84,0.08,2.02,,Br21,0.9976
05513871+2150063,6747.0,82.0,4.43,0.22,0.11,0.08,2.55,,Br21,0.9958
05513960+2153487,6501.0,84.0,4.12,0.22,-0.03,0.08,2.97,0.19,Br21,0.996
05514216+2146407,5015.0,66.0,2.99,0.18,-0.11,0.05,0.16,0.74,Br21,0.9995
05514232+2148454,5945.0,80.0,3.91,0.22,-0.2,0.08,2.57,0.1,Br21,0.999
05514280+2147242,6695.0,84.0,3.89,0.22,-0.21,0.08,2.95,0.18,Br21,0.9982
05514325+2149216,6656.0,81.0,3.06,0.23,-0.52,0.08,2.88,0.18,Br21,0.9972
05514435+2148014,6707.0,80.0,4.42,0.22,0.02,0.07,3.07,0.17,Br21,0.9974
05514869+2148585,6260.0,82.0,3.48,0.22,-0.23,0.08,2.48,0.21,Br21,0.9891
05514910+2148440,6269.0,83.0,4.08,0.22,-0.05,0.07,3.12,0.14,Br21,0.9983
05515566+2149482,5568.0,63.0,3.71,0.17,-0.21,0.05,2.26,0.09,Br21,0.999
05512626+2149496,6686.0,82.0,4.39,0.22,-0.21,0.08,3.23,0.18,Br21,0.9743
05512981+2143071,6736.0,65.0,4.29,0.17,-0.37,0.05,2.32,0.25,Br21,0.9982
05514334+2147068,6736.0,83.0,4.62,0.22,-0.37,0.08,3.36,0.18,Br21,0.9975
05514368+2147277,6570.0,64.0,4.46,0.17,-0.07,0.05,3.21,0.11,Br21,0.9944
05514903+2149310,6468.0,84.0,4.6,0.22,-0.01,0.08,2.89,0.2,Br21,0.9954
05515017+2149207,4974.0,63.0,3.06,0.18,-0.07,0.05,1.35,0.1,Br21,0.9979
05515727+2150546,5964.0,83.0,4.3,0.22,-0.17,0.08,2.23,0.15,Br21,0.9992
05520624+2144252,6463.0,83.0,3.97,0.22,0.16,0.07,3.01,0.15,Br21,0.9932
05513825+2149243,4985.0,33.0,2.7,0.05,-0.11,0.04,0.63,,Br21,0.9996
05513908+2150213,5048.0,33.0,2.79,0.05,-0.19,0.04,0.82,,Br21,0.9998
05514217+2150599,4991.0,32.0,2.73,0.05,-0.21,0.05,0.31,,Br21,0.9996
05514275+2150304,4952.0,33.0,2.67,0.05,-0.19,0.04,0.72,,Br21,0.9997
05514277+2149599,4413.0,30.0,1.87,0.05,-0.25,0.05,0.69,0.05,Br21,0.9997
05514545+2148168,4605.0,31.0,2.33,0.05,-0.24,0.05,1.14,0.05,Br21,0.9998
05515202+2149143,4626.0,33.0,2.43,0.05,-0.19,0.04,0.96,0.06,Br21,0.9994
05580716+0743388,4995.0,65.0,3.06,0.18,-0.13,0.05,0.86,0.15,Br22,1.0
05580794+0745557,5102.0,61.0,3.53,0.17,-0.26,0.06,1.5,0.16,Br22,0.9999
05581601+0745425,5254.0,64.0,3.82,0.17,-0.15,0.05,1.85,0.14,Br22,1.0
05582173+0745314,5033.0,62.0,3.57,0.18,-0.19,0.05,1.47,0.14,Br22,0.9999
05582173+0747012,5011.0,65.0,3.06,0.17,-0.2,0.05,1.22,0.16,Br22,1.0
05582695+0745261,3776.0,107.0,1.03,0.24,-0.16,0.09,-1.0,,Br22,0.9829
05582709+0746206,4946.0,66.0,3.05,0.17,-0.12,0.05,1.25,0.12,Br22,1.0
05582869+0744339,5142.0,83.0,3.23,0.22,-0.43,0.08,1.86,0.17,Br22,1.0
05583119+0745274,5136.0,66.0,3.75,0.17,-0.07,0.06,1.52,0.16,Br22,1.0
05583459+0744390,4918.0,64.0,2.85,0.17,-0.31,0.05,0.69,0.22,Br22,1.0
05581634+0745408,6372.0,81.0,3.92,0.22,-0.18,0.08,2.98,0.19,Br22,0.9999
05582088+0746054,6378.0,82.0,4.43,0.33,-0.54,0.08,2.87,0.24,Br22,0.9998
05582101+0743505,5947.0,81.0,4.62,0.22,-0.4,0.07,2.6,0.19,Br22,0.9999
05582153+0745171,5177.0,82.0,4.01,0.22,-0.25,0.08,1.48,0.27,Br22,0.9942
05582225+0744513,6458.0,102.0,4.08,0.33,-0.23,0.1,3.04,0.17,Br22,0.9999
05582359+0746424,4867.0,81.0,3.16,0.22,-0.26,0.08,1.2,,Br22,0.9999
05582381+0745440,6125.0,83.0,3.81,0.22,-0.81,0.08,2.68,,Br22,0.9997
05582878+0746196,5016.0,81.0,2.98,0.22,-0.24,0.08,1.56,0.2,Br22,0.9999
05583050+0747464,6263.0,84.0,4.14,0.22,-0.22,0.08,2.8,,Br22,0.9999
05583070+0742101,4841.0,82.0,3.03,0.21,-0.35,0.08,1.08,0.38,Br22,0.9999
05583211+0747092,4649.0,63.0,2.34,0.17,-0.35,0.05,0.32,0.17,Br22,1.0
05581517+0743214,5278.0,82.0,2.83,0.22,-0.94,0.08,2.08,0.18,Br22,0.9991
05581676+0744469,5539.0,82.0,3.35,0.22,-0.55,0.08,1.69,,Br22,0.9997
05581893+0747317,4828.0,82.0,3.41,0.22,-0.73,0.08,1.3,0.2,Br22,0.9993
05582215+0745435,5916.0,84.0,4.27,0.33,-0.6,0.08,1.93,,Br22,0.9999
05582514+0747047,5600.0,81.0,3.13,0.21,-0.49,0.08,2.04,0.36,Br22,0.9991
05582910+0744222,4963.0,84.0,3.25,0.21,-0.06,0.08,1.29,0.45,Br22,0.9999
05581312+0743255,5270.0,66.0,3.67,0.17,-0.36,0.06,1.78,0.16,Br22,0.9999
05582053+0744052,5764.0,79.0,4.43,0.22,-0.88,0.08,2.32,,Br22,0.9994
05582366+0744166,6232.0,82.0,4.25,0.33,-0.48,0.1,2.43,0.32,Br22,0.9998
05583147+0745301,6152.0,80.0,3.87,0.34,-0.65,0.08,2.11,,Br22,0.9999
05584819+0745561,6229.0,81.0,3.98,0.22,-0.87,0.08,2.97,,Br22,0.9999
05582744+0745385,5036.0,66.0,3.07,0.17,-0.14,0.06,0.87,0.31,Br22,1.0
05583767+0748280,5046.0,63.0,3.06,0.18,-0.2,0.05,0.73,0.24,Br22,0.9995
05581989+0743559,4962.0,32.0,2.45,0.06,-0.3,0.05,0.81,,Br22,0.9819
05582518+0747593,4930.0,32.0,2.73,0.06,-0.17,0.04,0.75,0.12,Br22,1.0
05582595+0746114,4329.0,44.0,1.74,0.07,-0.38,0.04,0.03,0.08,Br22,1.0
05582915+0745331,4813.0,33.0,2.69,0.05,-0.36,0.05,0.33,,Br22,0.9999
05583017+0742597,5127.0,34.0,2.83,0.05,-0.24,0.05,0.81,,Br22,1.0
05583046+0746119,4743.0,55.0,2.55,0.09,-0.23,0.04,1.24,0.09,Br22,0.9998
05583091+0746314,4963.0,34.0,2.64,0.05,-0.25,0.04,0.82,0.12,Br22,1.0
06574688+0316593,6543.0,64.0,4.12,0.17,-0.27,0.05,2.66,,Br30,0.9775
06575649+0313337,6754.0,99.0,4.27,0.26,0.42,0.07,3.12,0.16,Br30,0.9924
06572773+0312107,6696.0,82.0,3.94,0.22,-0.04,0.07,3.23,0.18,Br30,0.9844
06574063+0316018,6737.0,84.0,4.33,0.22,-0.07,0.08,3.06,0.2,Br30,0.9915
06574145+0315351,6848.0,109.0,4.17,0.24,-0.06,0.09,2.97,0.16,Br30,0.9698
06574258+0313501,6431.0,63.0,4.03,0.17,-0.24,0.05,2.84,0.11,Br30,0.9913
06574326+0316414,6703.0,66.0,4.24,0.17,-0.09,0.06,3.15,0.15,Br30,0.9953
06574450+0313062,6631.0,83.0,4.22,0.22,-0.36,0.08,3.16,0.26,Br30,0.99
06574621+0314134,6629.0,65.0,4.04,0.17,0.02,0.05,2.78,0.2,Br30,0.9816
06574989+0309394,6612.0,80.0,4.36,0.22,-0.11,0.08,2.95,,Br30,0.9705
06575489+0314159,6983.0,71.0,4.03,0.21,-0.4,0.06,2.99,0.16,Br30,0.9942
06580483+0312579,6723.0,87.0,4.18,0.22,0.06,0.08,2.57,,Br30,0.9749
06572924+0313476,6167.0,84.0,3.35,0.21,-0.11,0.08,2.96,0.15,Br30,0.9764
06574574+0312117,6583.0,84.0,3.82,0.21,-0.33,0.08,3.38,0.16,Br30,0.954
06574771+0319292,6816.0,83.0,4.11,0.22,-0.2,0.08,3.19,0.19,Br30,0.9805
06574886+0317068,6089.0,82.0,3.79,0.22,-0.49,0.07,3.18,0.15,Br30,0.9886
06574011+0313174,6753.0,83.0,4.32,0.22,0.18,0.08,3.31,0.17,Br30,0.9883
06574556+0312506,6834.0,108.0,4.21,0.24,-0.21,0.09,2.94,0.17,Br30,0.9965
06574305+0312491,6951.0,72.0,4.18,0.21,-0.03,0.06,2.9,0.25,Br30,0.9794
06574314+0314284,6026.0,83.0,3.95,0.21,-0.37,0.08,2.64,,Br30,0.9753
06574567+0313308,4354.0,31.0,1.72,0.06,-0.17,0.05,1.0,0.05,Br30,0.998
06574845+0313424,5011.0,31.0,2.48,0.05,-0.13,0.05,0.85,,Br30,0.9994
06574890+0312476,5053.0,31.0,2.49,0.05,-0.14,0.05,1.05,0.04,Br30,0.9984
06580794+0814272,5076.0,64.0,3.21,0.17,-0.32,0.05,1.39,0.09,Br31,0.9997
06571311+0814188,4807.0,31.0,2.69,0.05,-0.33,0.05,0.65,0.05,Br31,0.9996
06573260+0815157,4912.0,31.0,2.6,0.05,-0.34,0.05,-0.14,,Br31,0.9997
06573630+0816561,4943.0,31.0,2.56,0.05,-0.37,0.05,-0.75,,Br31,0.9996
06572760+0817084,5014.0,84.0,3.02,0.21,-0.96,0.08,1.62,,Br31,0.997
06573133+0819394,5224.0,65.0,3.91,0.17,-0.32,0.05,1.13,0.22,Br31,0.9996
06573192+0816305,5537.0,65.0,3.78,0.17,-0.5,0.05,1.6,0.26,Br31,0.9993
06573611+0817202,5444.0,79.0,3.25,0.33,-1.09,0.09,2.37,0.17,Br31,0.991
06573685+0816470,6565.0,81.0,4.26,0.22,-0.22,0.08,2.69,,Br31,0.9668
06573773+0817511,5244.0,63.0,3.64,0.18,-0.36,0.05,1.5,0.16,Br31,0.9988
06573778+0818114,6176.0,81.0,3.65,0.21,-0.62,0.07,2.32,0.21,Br31,0.9848
06573838+0817365,6206.0,65.0,4.1,0.17,-0.54,0.06,2.47,0.14,Br31,0.9994
06573894+0815476,6125.0,65.0,3.85,0.18,-0.39,0.05,2.21,0.19,Br31,0.9995
06573964+0816212,5125.0,66.0,3.34,0.17,-0.28,0.05,1.46,0.1,Br31,0.9988
06574174+0815539,6187.0,83.0,4.27,0.22,-0.29,0.07,2.68,0.23,Br31,0.9984
06574229+0815376,5259.0,64.0,3.58,0.17,-0.35,0.06,1.62,0.12,Br31,0.9995
06574509+0818240,6277.0,65.0,4.32,0.17,-0.55,0.05,2.22,,Br31,0.9986
06574639+0824353,6353.0,66.0,3.79,0.18,-0.25,0.06,2.23,,Br31,0.9993
06574809+0819021,5248.0,67.0,3.52,0.18,-0.26,0.06,1.56,0.12,Br31,0.999
06574992+0816409,6221.0,64.0,4.32,0.18,-0.42,0.05,2.85,0.11,Br31,0.996
06572746+0819245,4786.0,31.0,2.64,0.05,-0.35,0.05,-0.51,,Br31,0.9997
06572634+0823290,5221.0,65.0,3.53,0.17,-0.34,0.05,1.4,0.14,Br31,0.9996
06572851+0813156,6281.0,66.0,3.99,0.18,-0.56,0.05,2.47,0.13,Br31,0.9994
06572877+0818224,6212.0,82.0,4.64,0.22,-0.51,0.08,2.69,0.17,Br31,0.9965
06572960+0817463,6204.0,68.0,4.29,0.17,-0.37,0.05,2.66,0.14,Br31,0.9743
06573708+0817066,5800.0,81.0,3.42,0.22,-0.82,0.07,2.29,,Br31,0.9889
06573896+0817150,6492.0,81.0,3.84,0.22,-0.21,0.08,2.68,0.21,Br31,0.9988
06573919+0814527,6359.0,83.0,3.95,0.21,-0.63,0.08,2.92,,Br31,0.9789
06574005+0817135,6127.0,64.0,4.27,0.17,-0.68,0.06,1.65,,Br31,0.9993
06574020+0816332,6562.0,67.0,4.13,0.17,-0.44,0.05,2.61,0.22,Br31,0.9989
06574235+0816363,6506.0,80.0,4.48,0.21,-0.45,0.08,3.03,0.17,Br31,0.9982
06574502+0817338,6339.0,66.0,4.1,0.17,-0.34,0.06,2.32,,Br31,0.998
06574526+0817008,6653.0,82.0,4.55,0.22,-0.45,0.08,2.47,,Br31,0.9965
06574867+0816485,5082.0,65.0,3.21,0.18,-0.46,0.05,1.48,0.11,Br31,0.9983
06575358+0819359,5853.0,65.0,3.95,0.17,-0.4,0.05,1.8,,Br31,0.9994
06581084+0815146,6465.0,82.0,4.09,0.21,-0.31,0.08,2.85,0.18,Br31,0.9956
06573094+0818246,6152.0,66.0,4.09,0.17,-0.41,0.05,1.97,0.2,Br31,0.9919
06573570+0819118,6275.0,64.0,4.35,0.17,-0.43,0.06,2.3,,Br31,0.9984
06573611+0816140,5922.0,104.0,3.34,0.33,-0.73,0.09,2.87,0.2,Br31,0.9956
06573803+0818024,5575.0,65.0,4.52,0.17,-0.14,0.05,1.96,0.15,Br31,0.9992
06573960+0816065,6554.0,104.0,4.98,0.28,-0.16,0.09,2.93,0.25,Br31,0.9947
06573963+0815200,6098.0,83.0,3.31,0.22,-0.73,0.08,2.97,0.16,Br31,0.9889
06574006+0819407,6608.0,83.0,3.79,0.22,-0.24,0.07,3.56,0.16,Br31,0.9938
06574256+0816369,6669.0,83.0,4.14,0.22,-0.21,0.08,2.45,,Br31,0.9984
06575675+0824521,6123.0,66.0,4.46,0.17,-0.09,0.05,2.97,0.09,Br31,0.9828
06573578+0818017,5031.0,33.0,3.2,0.05,-0.25,0.04,0.98,0.09,Br31,0.9994
06574379+0818049,4883.0,30.0,2.76,0.05,-0.31,0.05,-0.31,,Br31,0.9996
06574513+0814164,4901.0,31.0,2.81,0.05,-0.3,0.05,1.01,0.05,Br31,0.9997
06571770+0814482,6302.0,63.0,4.12,0.18,-0.14,0.05,2.5,0.14,Br31,0.9736
06571852+0816390,6013.0,65.0,3.72,0.17,-0.41,0.05,1.83,,Br31,0.9841
06573095+0817561,6619.0,67.0,4.47,0.18,-0.37,0.05,2.61,,Br31,0.9981
06573251+0816296,6357.0,83.0,4.29,0.22,-0.35,0.07,2.47,0.22,Br31,0.9991
06573425+0816319,5140.0,66.0,3.41,0.17,-0.26,0.05,1.51,0.1,Br31,0.9994
06573690+0818137,5368.0,66.0,4.47,0.17,-0.4,0.05,2.11,0.11,Br31,0.9985
06573794+0816527,6291.0,65.0,3.65,0.17,-0.55,0.05,2.11,,Br31,0.9994
06573952+0817327,5242.0,67.0,3.95,0.17,-0.51,0.06,1.95,0.11,Br31,0.9989
06581128+0810163,5188.0,65.0,3.69,0.18,-0.61,0.05,1.61,0.17,Br31,0.9564
06571091+0822381,5441.0,65.0,3.68,0.18,-0.73,0.05,1.49,0.23,Br31,0.9991
06572528+0821491,5633.0,82.0,3.3,0.21,-0.88,0.08,2.12,0.15,Br31,0.9988
06573197+0822179,6246.0,81.0,3.66,0.22,-0.45,0.08,1.94,,Br31,0.9962
06573806+0817056,5285.0,66.0,3.64,0.18,-0.37,0.05,1.58,0.17,Br31,0.9991
06574100+0818108,6334.0,84.0,3.88,0.22,-0.4,0.08,2.97,0.17,Br31,0.9982
06574924+0817547,5417.0,64.0,3.83,0.17,-0.36,0.05,1.99,0.12,Br31,0.9995
06575294+0810179,5663.0,65.0,4.19,0.17,-0.05,0.05,2.32,0.12,Br31,0.9897
06580238+0824247,6410.0,82.0,4.29,0.22,-0.22,0.08,3.3,0.16,Br31,0.9946
06581267+0821266,6413.0,84.0,4.19,0.22,-0.3,0.08,2.9,0.17,Br31,0.9886
06575696+0623208,6017.0,66.0,4.58,0.17,-0.46,0.05,2.06,,Br32,0.9996
06575844+0630186,5305.0,83.0,3.71,0.21,-0.39,0.08,1.71,,Br32,0.9999
06575960+0629472,5929.0,65.0,4.4,0.18,-0.42,0.06,2.52,0.09,Br32,1.0
06575966+0625208,5261.0,81.0,3.44,0.22,-0.29,0.08,1.42,,Br32,0.9995
06580072+0626232,5766.0,106.0,4.09,0.35,-0.21,0.09,2.4,0.19,Br32,0.9779
06580119+0622218,5468.0,84.0,3.76,0.22,-0.13,0.07,2.16,0.23,Br32,0.9737
06580174+0624137,6097.0,64.0,4.35,0.18,-0.7,0.05,2.66,0.08,Br32,0.9988
06580220+0627279,5925.0,66.0,4.32,0.17,-0.53,0.05,2.54,0.1,Br32,0.9731
06580252+0624288,6123.0,66.0,3.83,0.18,-0.5,0.05,2.56,0.08,Br32,1.0
06580301+0626441,6173.0,64.0,4.4,0.17,-0.48,0.05,2.62,0.08,Br32,0.9991
06580410+0628159,5704.0,80.0,4.5,0.21,-0.23,0.08,2.07,0.26,Br32,0.998
06580592+0625490,6209.0,64.0,4.14,0.17,-0.34,0.05,2.88,0.06,Br32,1.0
06580618+0627201,5300.0,64.0,4.39,0.17,-0.32,0.06,1.66,,Br32,0.9998
06580647+0629441,5356.0,104.0,4.49,0.33,-0.41,0.1,1.83,,Br32,0.9999
06580746+0629327,5021.0,66.0,3.27,0.17,-0.39,0.05,0.64,0.16,Br32,1.0
06580778+0626117,6020.0,66.0,4.16,0.17,-0.51,0.05,2.38,0.11,Br32,0.9839
06580835+0622432,5342.0,82.0,3.56,0.23,-0.23,0.08,1.84,0.26,Br32,0.9998
06580841+0626530,6133.0,66.0,3.96,0.18,-0.42,0.05,2.72,0.07,Br32,1.0
06580929+0624461,6245.0,65.0,3.74,0.18,-0.42,0.05,2.29,0.14,Br32,1.0
06580957+0626442,6004.0,83.0,4.11,0.23,-0.34,0.08,2.85,0.18,Br32,0.999
06581240+0625139,6180.0,66.0,4.2,0.17,-0.47,0.05,2.55,0.1,Br32,1.0
06581248+0628095,5952.0,83.0,4.36,0.21,-0.41,0.08,2.46,0.2,Br32,0.9986
06581260+0626218,5653.0,81.0,4.07,0.22,-0.15,0.08,1.89,,Br32,0.9999
06581755+0627122,5054.0,81.0,4.68,0.23,-0.68,0.08,1.24,,Br32,0.9931
06581779+0624300,5770.0,80.0,4.47,0.22,-0.29,0.07,2.43,0.25,Br32,0.9999
06581808+0622125,5597.0,64.0,3.52,0.18,-0.49,0.06,2.28,0.16,Br32,0.9999
06581889+0624243,5860.0,106.0,4.36,0.34,-0.3,0.1,2.31,,Br32,0.9999
06581928+0622065,6016.0,67.0,4.27,0.17,-0.29,0.06,2.55,0.1,Br32,1.0
06581930+0623040,5340.0,81.0,4.17,0.22,-0.25,0.08,2.08,,Br32,0.9996
06582090+0622490,6336.0,64.0,3.94,0.17,-0.61,0.06,2.1,,Br32,1.0
06582201+0628540,5592.0,69.0,4.3,0.21,-0.44,0.05,2.39,0.14,Br32,0.9999
06582362+0623318,6134.0,81.0,3.57,0.22,-0.13,0.08,2.31,0.46,Br32,0.9999
06582413+0624417,6112.0,85.0,3.79,0.22,0.02,0.08,2.25,,Br32,0.9998
06574833+0625052,5959.0,81.0,4.63,0.22,-0.38,0.08,2.86,0.13,Br32,0.9987
06575232+0626515,5811.0,81.0,4.11,0.22,-0.37,0.08,2.68,0.16,Br32,0.9991
06575301+0625054,6300.0,80.0,4.48,0.21,-0.26,0.07,2.97,0.1,Br32,1.0
06575864+0626186,6036.0,64.0,4.36,0.17,-0.8,0.05,2.5,0.1,Br32,1.0
06575971+0626232,5182.0,66.0,3.96,0.18,-0.53,0.05,1.09,0.16,Br32,1.0
06575986+0626550,4664.0,80.0,2.72,0.22,-1.27,0.08,1.04,,Br32,0.9973
06580118+0630375,6564.0,82.0,4.63,0.22,0.41,0.06,2.94,0.24,Br32,1.0
06580135+0630092,6428.0,81.0,4.28,0.21,0.01,0.08,2.99,0.18,Br32,1.0
06580371+0620169,6317.0,82.0,4.29,0.21,-0.54,0.08,1.87,,Br32,1.0
06580397+0624396,6240.0,84.0,4.12,0.22,-0.4,0.08,2.78,0.18,Br32,0.9999
06580400+0627168,6014.0,66.0,4.13,0.17,-0.35,0.06,1.59,0.36,Br32,1.0
06580493+0625444,6026.0,64.0,4.07,0.17,-0.56,0.05,2.7,0.08,Br32,1.0
06580499+0627356,6249.0,66.0,4.13,0.18,-0.57,0.05,2.4,0.1,Br32,1.0
06580623+0625285,6110.0,65.0,3.84,0.18,-0.42,0.05,2.43,0.11,Br32,0.9997
06580669+0627100,5934.0,64.0,4.27,0.17,-0.47,0.05,2.76,0.08,Br32,0.9999
06580719+0626367,6099.0,65.0,4.14,0.17,-0.48,0.05,2.02,0.14,Br32,0.9967
06580725+0630202,6005.0,64.0,4.17,0.17,-0.5,0.05,1.86,0.17,Br32,1.0
06580751+0625589,6236.0,64.0,4.23,0.18,-0.55,0.05,2.75,0.08,Br32,1.0
06580785+0628566,6274.0,65.0,4.16,0.17,-0.42,0.05,2.93,0.07,Br32,1.0
06580798+0628291,5534.0,83.0,4.48,0.22,-0.29,0.07,2.2,0.22,Br32,0.9999
06580849+0626148,6030.0,64.0,4.42,0.18,-0.57,0.06,2.45,0.1,Br32,0.9998
06580858+0627190,6185.0,66.0,3.99,0.18,-0.48,0.06,2.22,0.16,Br32,1.0
06580881+0628230,6341.0,66.0,4.22,0.18,-0.17,0.05,2.52,0.11,Br32,1.0
06581052+0625534,5945.0,64.0,4.5,0.18,-0.36,0.05,2.47,0.1,Br32,0.9999
06581156+0631069,6314.0,81.0,4.14,0.22,-0.41,0.07,2.92,0.1,Br32,1.0
06581202+0623266,6203.0,66.0,4.09,0.17,-0.47,0.05,2.39,0.13,Br32,1.0
06581260+0626303,6238.0,66.0,4.05,0.17,-0.5,0.05,2.27,0.11,Br32,1.0
06581372+0624136,6339.0,81.0,5.0,0.21,0.03,0.08,2.48,,Br32,0.9999
06581642+0623348,6429.0,65.0,3.99,0.17,-0.45,0.05,2.88,0.09,Br32,0.9999
06581855+0627137,5519.0,64.0,4.28,0.17,-0.4,0.05,1.92,0.24,Br32,1.0
06582106+0622060,6283.0,64.0,4.17,0.17,-0.47,0.05,2.42,0.11,Br32,1.0
06582214+0629036,6087.0,83.0,4.66,0.22,-0.6,0.08,2.84,0.16,Br32,1.0
06582503+0624347,6328.0,63.0,4.24,0.17,-0.66,0.06,2.36,0.14,Br32,0.9981
06582579+0624005,6124.0,66.0,4.23,0.17,-0.26,0.05,2.65,0.11,Br32,1.0
06582632+0624474,5131.0,64.0,3.44,0.18,-0.37,0.05,0.81,0.17,Br32,0.9995
06575056+0626120,4927.0,32.0,2.73,0.05,-0.24,0.05,0.26,,Br32,1.0
06575269+0628365,5892.0,66.0,4.16,0.18,-0.65,0.06,2.03,0.11,Br32,1.0
06575334+0628060,4914.0,22.0,2.57,0.04,-0.34,0.03,0.26,0.07,Br32,1.0
06575489+0622582,6242.0,65.0,4.04,0.18,-0.42,0.05,1.65,,Br32,0.9982
06575615+0628305,4900.0,27.0,2.62,0.04,-0.19,0.03,0.31,0.08,Br32,1.0
06580225+0624567,4831.0,31.0,2.83,0.05,-0.25,0.05,0.25,,Br32,1.0
06580317+0624222,4366.0,27.0,1.87,0.04,-0.23,0.04,-0.77,0.12,Br32,1.0
06580520+0625591,5673.0,66.0,4.32,0.18,-0.55,0.06,1.61,0.16,Br32,1.0
06580693+0625565,5034.0,23.0,2.85,0.04,-0.22,0.04,0.4,0.07,Br32,0.9999
06580823+0624195,4915.0,30.0,2.64,0.05,-0.36,0.05,0.3,,Br32,1.0
06581041+0627202,4881.0,31.0,2.75,0.05,-0.29,0.05,0.33,,Br32,1.0
06581062+0620402,6100.0,64.0,4.29,0.17,-0.44,0.05,2.35,0.09,Br32,0.998
06581072+0626212,5074.0,63.0,3.3,0.17,-0.28,0.06,0.83,0.14,Br32,1.0
06581419+0628477,5977.0,63.0,4.21,0.17,-0.34,0.06,1.9,0.14,Br32,1.0
06581795+0625351,6286.0,65.0,4.02,0.18,-0.52,0.06,2.6,0.11,Br32,1.0
06581869+0627037,5899.0,65.0,4.23,0.17,-0.38,0.05,1.59,,Br32,0.9997
06582015+0625397,6126.0,64.0,4.13,0.17,-0.42,0.06,1.65,,Br32,1.0
06582220+0624028,6571.0,66.0,3.88,0.17,-0.44,0.06,2.39,,Br32,0.9657
06581064+0630417,6145.0,65.0,3.99,0.17,-0.59,0.05,2.04,0.17,Br32,1.0
06574927+0626531,5638.0,63.0,4.52,0.18,-0.24,0.05,2.23,0.15,Br32,0.9999
06575192+0625574,4947.0,66.0,3.53,0.18,-1.0,0.05,1.14,,Br32,0.9822
06575214+0625050,5672.0,63.0,3.89,0.17,-0.37,0.06,2.07,0.19,Br32,0.9999
06575240+0630275,6258.0,64.0,4.07,0.17,-0.51,0.05,2.72,0.06,Br32,1.0
06575383+0628243,5857.0,66.0,4.25,0.18,-0.52,0.06,2.55,0.08,Br32,0.9967
06575602+0630205,5615.0,104.0,4.52,0.34,-0.33,0.1,1.86,0.19,Br32,1.0
06575624+0623280,5833.0,62.0,4.83,0.18,-0.16,0.05,2.49,0.1,Br32,0.9998
06575754+0629072,5979.0,67.0,3.9,0.18,-0.31,0.05,1.69,,Br32,1.0
06575780+0630269,6263.0,68.0,4.06,0.18,-0.35,0.05,2.82,0.06,Br32,1.0
06575936+0627324,5450.0,66.0,4.49,0.18,-0.44,0.06,1.34,,Br32,0.9999
06575952+0629533,5678.0,104.0,3.82,0.33,-0.47,0.09,2.17,0.22,Br32,0.9999
06575954+0626196,5188.0,64.0,4.69,0.17,-0.53,0.05,1.66,,Br32,0.9998
06575993+0628329,6083.0,83.0,3.24,0.22,-0.46,0.08,2.78,0.14,Br32,0.9999
06580132+0626244,5652.0,64.0,4.65,0.17,-0.56,0.05,2.17,0.12,Br32,0.9999
06580150+0627418,5432.0,104.0,4.4,0.33,-0.19,0.1,1.84,,Br32,0.9998
06580438+0623224,6182.0,63.0,4.3,0.18,-0.31,0.05,2.63,0.08,Br32,1.0
06580462+0624452,6000.0,65.0,4.51,0.17,-0.09,0.06,2.3,0.18,Br32,1.0
06580526+0628099,6067.0,66.0,4.51,0.18,-0.24,0.06,2.56,0.14,Br32,1.0
06580527+0622312,5333.0,84.0,4.86,0.22,-0.13,0.08,1.67,0.25,Br32,0.9994
06580593+0630035,5342.0,83.0,4.52,0.22,-0.19,0.07,1.84,,Br32,0.9922
06580607+0627171,5302.0,69.0,4.67,0.21,-0.53,0.05,1.88,0.14,Br32,0.9971
06580615+0626526,5731.0,65.0,4.46,0.17,-0.44,0.05,2.05,0.12,Br32,0.9998
06580716+0626166,5445.0,65.0,4.32,0.18,-0.47,0.06,1.5,0.26,Br32,0.9999
06580792+0627381,5325.0,82.0,3.6,0.22,-0.47,0.08,1.64,0.22,Br32,0.9998
06580857+0626104,6085.0,68.0,4.12,0.17,-0.4,0.05,2.19,0.08,Br32,1.0
06580859+0625019,6122.0,66.0,4.39,0.17,-0.51,0.06,2.52,0.08,Br32,0.9763
06580915+0628017,5969.0,65.0,4.53,0.17,-0.47,0.05,2.65,0.09,Br32,1.0
06580970+0629485,6087.0,67.0,4.43,0.17,-0.35,0.06,2.6,0.09,Br32,0.9996
06581077+0623377,5373.0,65.0,4.85,0.17,-0.48,0.05,1.63,0.17,Br32,0.9999
06581084+0629112,5615.0,65.0,3.88,0.18,-0.41,0.05,2.14,0.18,Br32,0.9976
06581298+0627254,6019.0,64.0,4.29,0.17,-0.43,0.06,2.45,0.08,Br32,0.9999
06581390+0625203,6152.0,66.0,4.19,0.17,-0.48,0.06,2.05,0.12,Br32,1.0
06581401+0622261,5089.0,64.0,3.37,0.17,-0.32,0.05,0.95,0.09,Br32,1.0
06581409+0623309,5618.0,71.0,4.27,0.21,-0.4,0.06,1.64,,Br32,0.9975
06581421+0627334,6037.0,63.0,4.22,0.17,-0.33,0.05,2.7,0.08,Br32,1.0
06581507+0630475,5936.0,65.0,4.45,0.17,-0.4,0.05,2.54,0.09,Br32,0.9997
06581525+0627118,5536.0,65.0,4.9,0.17,-0.3,0.05,2.06,0.16,Br32,0.9999
06581545+0627282,5802.0,64.0,4.3,0.17,-0.33,0.05,2.13,0.17,Br32,1.0
06581558+0622044,5434.0,65.0,4.81,0.17,-0.35,0.06,1.52,,Br32,0.9999
06581690+0627309,5844.0,63.0,4.38,0.18,-0.37,0.05,2.33,0.14,Br32,0.9999
06581740+0626184,5724.0,65.0,4.38,0.17,-0.43,0.06,1.81,0.42,Br32,0.9997
06581788+0624265,5715.0,69.0,4.55,0.21,-0.23,0.05,2.11,0.15,Br32,0.9992
06581802+0628295,5497.0,80.0,4.29,0.22,-0.39,0.08,1.96,,Br32,0.9993
06581860+0625400,5625.0,71.0,4.5,0.21,-0.41,0.06,2.27,0.15,Br32,1.0
06581936+0627194,6253.0,82.0,4.47,0.22,-0.03,0.08,3.12,0.14,Br32,0.9998
06581992+0621459,6202.0,64.0,4.16,0.18,-0.5,0.05,2.08,0.09,Br32,1.0
06582069+0619175,6168.0,65.0,4.05,0.18,-0.4,0.05,2.68,0.07,Br32,1.0
06582173+0628549,5345.0,82.0,3.85,0.22,-0.48,0.08,1.94,,Br32,0.9996
06582243+0626488,5304.0,79.0,3.14,0.22,-0.46,0.08,1.56,,Br32,0.999
06582421+0629090,5451.0,104.0,4.69,0.32,-0.39,0.09,1.62,0.43,Br32,0.9997
06582551+0630097,5804.0,64.0,4.08,0.18,-0.37,0.05,1.16,,Br32,0.9999
06582562+0624530,5555.0,65.0,4.65,0.18,-0.36,0.05,2.05,0.18,Br32,0.9999
06582604+0628035,5769.0,83.0,4.34,0.22,-0.07,0.08,2.48,,Br32,0.9999
06574913+0630031,5361.0,65.0,4.16,0.17,-0.48,0.05,0.94,0.31,Br32,0.9999
06575139+0625599,5217.0,81.0,3.61,0.22,-0.29,0.08,1.58,,Br32,0.9936
06575139+0626328,5960.0,65.0,4.11,0.17,-0.5,0.05,2.6,0.09,Br32,0.9976
06575203+0621497,6154.0,101.0,4.54,0.34,0.07,0.1,2.72,0.16,Br32,0.9999
06575307+0628377,5816.0,81.0,3.77,0.22,-0.5,0.08,1.94,0.26,Br32,0.9999
06575377+0622068,5812.0,105.0,4.33,0.33,0.1,0.09,2.49,0.2,Br32,0.9999
06575402+0624587,5793.0,83.0,3.4,0.22,-0.49,0.07,2.65,0.15,Br32,0.9999
06575584+0629385,6122.0,64.0,4.23,0.18,-0.33,0.06,2.8,0.08,Br32,0.9999
06575634+0627267,6091.0,66.0,4.17,0.17,-0.48,0.05,2.34,0.1,Br32,0.9999
06575024+0630310,5661.0,66.0,4.83,0.14,-0.54,0.08,2.22,0.13,Br32,0.9999
06575105+0631137,5391.0,64.0,3.65,0.14,-0.32,0.07,1.01,0.32,Br32,1.0
06575213+0629184,6203.0,64.0,3.93,0.15,-0.35,0.07,2.32,0.1,Br32,1.0
06575323+0627039,6198.0,66.0,4.22,0.14,-0.33,0.07,3.04,0.08,Br32,1.0
06575517+0626460,5689.0,64.0,4.36,0.14,-0.39,0.07,2.11,0.15,Br32,1.0
06575578+0628126,6140.0,65.0,4.41,0.14,-0.32,0.07,2.85,0.07,Br32,1.0
06575667+0628179,5891.0,65.0,4.48,0.14,-0.36,0.07,2.55,0.1,Br32,0.9994
06575691+0627169,6267.0,65.0,4.3,0.14,-0.33,0.07,2.85,0.06,Br32,1.0
06575840+0623497,5875.0,63.0,4.28,0.14,-0.26,0.07,2.25,0.2,Br32,1.0
06575894+0626486,6270.0,64.0,4.5,0.15,-0.32,0.07,2.5,0.11,Br32,0.9998
06580016+0626396,5701.0,66.0,3.71,0.14,-0.31,0.07,1.6,0.17,Br32,1.0
06580121+0622131,6169.0,65.0,4.19,0.14,-0.37,0.07,2.82,0.1,Br32,0.9999
06580246+0625238,6295.0,64.0,4.21,0.15,-0.36,0.07,2.89,0.06,Br32,0.9999
06580288+0625411,5632.0,64.0,4.42,0.14,-0.46,0.07,1.87,,Br32,0.9999
06580297+0625584,6216.0,68.0,4.44,0.14,-0.33,0.07,2.82,0.07,Br32,1.0
06580403+0622581,6061.0,64.0,3.91,0.15,-0.22,0.07,2.29,0.09,Br32,1.0
06580447+0626557,5866.0,63.0,4.32,0.15,-0.36,0.07,2.33,0.12,Br32,0.9999
06580516+0623013,4282.0,32.0,1.8,0.06,-0.34,0.05,-0.85,0.13,Br32,1.0
06580606+0620556,6154.0,65.0,4.22,0.14,-0.29,0.07,2.93,0.11,Br32,1.0
06580652+0625389,6232.0,64.0,4.42,0.14,-0.26,0.07,2.81,0.12,Br32,1.0
06580703+0626474,5997.0,65.0,4.34,0.14,-0.21,0.07,2.4,0.13,Br32,0.9999
06580904+0626090,6258.0,66.0,4.1,0.15,-0.36,0.07,2.31,0.1,Br32,0.9997
06581024+0621063,6344.0,67.0,4.04,0.14,-0.35,0.07,2.79,0.09,Br32,1.0
06581029+0630000,6195.0,65.0,4.0,0.14,-0.35,0.07,1.68,0.39,Br32,0.9993
06581058+0626484,5736.0,65.0,3.9,0.14,-0.39,0.07,1.71,0.16,Br32,0.9987
06581327+0626028,5560.0,64.0,3.66,0.14,-0.29,0.07,1.63,0.12,Br32,1.0
06581408+0626432,5355.0,62.0,3.83,0.14,-0.39,0.07,1.36,0.14,Br32,1.0
06581471+0627024,6221.0,66.0,4.12,0.14,-0.2,0.07,2.89,0.06,Br32,1.0
06581473+0631199,6379.0,63.0,4.09,0.14,-0.4,0.07,2.36,0.09,Br32,1.0
06581615+0622387,6209.0,66.0,4.32,0.14,-0.16,0.07,2.48,0.14,Br32,0.9998
06581923+0626333,6342.0,64.0,4.02,0.15,-0.35,0.07,2.76,0.07,Br32,1.0
06581983+0624485,6218.0,64.0,4.34,0.14,-0.21,0.07,2.9,0.08,Br32,1.0
06582027+0623482,6260.0,66.0,3.92,0.14,-0.42,0.07,2.53,0.1,Br32,0.9998
06582217+0625076,4980.0,63.0,2.48,0.15,-0.39,0.07,0.57,0.18,Br32,0.9977
06582463+0624211,6437.0,92.0,3.59,0.14,-0.82,0.05,2.95,0.09,Br32,0.9984
06582478+0624100,6109.0,65.0,3.85,0.14,-0.34,0.07,1.86,0.21,Br32,1.0
06582634+0628040,6296.0,66.0,3.97,0.14,-0.41,0.07,2.21,0.19,Br32,1.0
06582662+0630128,6257.0,62.0,3.98,0.14,-0.39,0.07,2.25,0.12,Br32,1.0
06583089+0623307,6307.0,64.0,4.05,0.14,-0.25,0.07,2.61,0.07,Br32,1.0
06574763+0623449,4812.0,31.0,2.76,0.05,-0.29,0.05,0.07,,Br32,1.0
06574791+0623475,4758.0,30.0,2.68,0.05,-0.3,0.05,0.52,0.09,Br32,0.9982
06580078+0626537,5052.0,31.0,2.54,0.05,-0.29,0.05,0.51,,Br32,1.0
06580308+0626161,4936.0,29.0,2.68,0.05,-0.29,0.05,0.21,,Br32,0.9824
06580338+0626499,4152.0,42.0,1.37,0.07,-0.44,0.05,-0.67,0.12,Br32,1.0
06580421+0627172,5099.0,23.0,2.97,0.04,-0.11,0.04,0.53,0.13,Br32,1.0
06581375+0627549,4920.0,31.0,2.66,0.05,-0.29,0.05,-0.03,,Br32,1.0
06582290+0626253,4928.0,30.0,2.65,0.05,-0.28,0.05,0.15,,Br32,1.0
07160722-1314272,5793.0,83.0,4.81,0.22,-0.21,0.08,2.74,0.15,Br36,0.9977
07161398-1311119,5516.0,79.0,3.28,0.22,-0.49,0.08,2.5,0.14,Br36,0.9808
07161693-1315132,5145.0,64.0,3.48,0.17,-0.02,0.05,1.44,0.21,Br36,0.9865
07161707-1316305,5760.0,84.0,4.0,0.22,-0.4,0.08,2.61,0.14,Br36,0.9987
07162000-1304063,5960.0,66.0,4.29,0.17,-0.22,0.05,2.74,0.1,Br36,0.9994
07162350-1321199,5648.0,83.0,3.84,0.21,-0.17,0.08,2.35,0.14,Br36,0.9992
07162772-1315322,5905.0,65.0,4.72,0.17,-0.19,0.05,2.18,0.17,Br36,0.9992
07162779-1318188,5715.0,66.0,3.99,0.17,-0.27,0.05,2.55,0.11,Br36,0.9993
07162935-1318354,5519.0,65.0,4.1,0.17,-0.21,0.06,1.94,0.14,Br36,0.9993
07163328-1316019,5027.0,64.0,3.18,0.17,-0.31,0.05,1.22,0.16,Br36,0.9984
07163664-1313443,5553.0,82.0,2.98,0.21,-0.33,0.07,2.74,0.18,Br36,0.998
07163773-1313049,6038.0,104.0,3.76,0.34,-0.09,0.1,3.17,0.18,Br36,0.9978
07163870-1310244,5760.0,64.0,4.3,0.18,-0.21,0.06,2.79,0.1,Br36,0.9977
07163982-1320304,4963.0,65.0,3.33,0.18,-0.25,0.06,1.54,0.13,Br36,0.9965
07164795-1316024,5387.0,81.0,3.92,0.21,-0.49,0.08,2.08,0.22,Br36,0.9948
07155232-1311130,5479.0,66.0,3.51,0.17,-0.55,0.06,2.45,0.11,Br36,0.9987
07155441-1313414,6134.0,103.0,4.32,0.35,-0.11,0.09,2.87,0.18,Br36,0.9914
07160749-1312096,6124.0,82.0,4.54,0.22,-0.16,0.08,2.46,0.29,Br36,0.9968
07161183-1312270,5075.0,63.0,3.29,0.17,-0.01,0.06,1.11,0.25,Br36,0.9976
07161195-1311553,5528.0,64.0,3.94,0.17,-0.22,0.05,1.72,0.28,Br36,0.9978
07161876-1313539,4937.0,64.0,3.36,0.17,-0.44,0.05,1.41,0.17,Br36,0.998
07161946-1313095,5858.0,64.0,4.23,0.17,-0.5,0.05,2.54,0.12,Br36,0.9991
07162048-1311373,4990.0,63.0,3.17,0.17,-0.13,0.05,0.89,0.23,Br36,0.9791
07162050-1314197,4734.0,63.0,2.47,0.17,-0.26,0.06,0.79,0.14,Br36,0.9998
07162204-1308239,5420.0,82.0,3.31,0.22,-0.08,0.08,2.46,0.14,Br36,0.996
07162212-1311051,4926.0,81.0,2.36,0.21,-0.46,0.08,1.22,0.27,Br36,0.9967
07162329-1308456,5440.0,84.0,2.27,0.22,-0.45,0.08,2.27,0.2,Br36,0.9757
07162589-1311596,5366.0,83.0,2.88,0.23,-0.37,0.08,2.33,0.16,Br36,0.993
07162701-1310081,5935.0,84.0,3.94,0.22,-0.19,0.08,2.68,0.16,Br36,0.9968
07162703-1307440,5707.0,65.0,4.08,0.18,-0.07,0.05,2.31,0.13,Br36,0.9901
07162725-1310376,5752.0,82.0,3.68,0.22,-0.49,0.07,2.4,0.19,Br36,0.9939
07162741-1312006,6011.0,83.0,3.63,0.21,-0.14,0.08,2.76,0.17,Br36,0.9946
07162746-1311194,5767.0,65.0,4.09,0.17,-0.38,0.05,2.65,0.09,Br36,0.9987
07162834-1307053,5452.0,63.0,3.85,0.17,-0.34,0.05,2.05,0.13,Br36,0.998
07162855-1311160,4997.0,65.0,3.27,0.18,-0.1,0.06,1.24,0.16,Br36,0.9928
07162891-1310233,5547.0,82.0,2.86,0.22,-0.46,0.07,2.32,0.16,Br36,0.9953
07163057-1310135,5107.0,65.0,3.75,0.17,-0.23,0.05,1.62,0.1,Br36,0.9994
07163127-1310328,5870.0,64.0,3.95,0.17,-0.14,0.05,2.54,0.1,Br36,0.9912
07163460-1311054,5743.0,81.0,3.5,0.22,-0.08,0.08,2.24,,Br36,0.9601
07163873-1311394,5413.0,80.0,4.19,0.21,-0.24,0.07,2.56,0.12,Br36,0.9976
07164005-1312365,5030.0,65.0,3.54,0.18,0.03,0.06,1.5,0.14,Br36,0.9921
07165851-1309503,5574.0,81.0,3.3,0.22,-0.11,0.08,2.41,0.14,Br36,0.9974
07161811-1310432,4583.0,33.0,2.56,0.05,-0.18,0.05,0.23,0.08,Br36,0.9968
07163517-1310311,4679.0,33.0,2.73,0.05,-0.15,0.05,0.44,0.1,Br36,0.9995
07160171-1312232,4721.0,64.0,2.61,0.17,-0.14,0.05,0.78,,Br36,0.9992
07160489-1314204,5863.0,83.0,3.81,0.22,-0.52,0.08,2.58,0.13,Br36,0.9986
07161142-1309387,5613.0,66.0,3.98,0.18,-0.35,0.05,2.44,0.11,Br36,0.9991
07161150-1312477,5416.0,82.0,2.95,0.22,-0.46,0.08,2.56,0.16,Br36,0.9981
07161882-1311577,5918.0,82.0,4.07,0.21,-0.41,0.07,2.65,0.12,Br36,0.9957
07162084-1308434,6145.0,82.0,4.38,0.22,-0.12,0.08,2.62,0.19,Br36,0.9987
07162099-1308318,5096.0,65.0,3.36,0.17,-0.02,0.05,0.76,1.04,Br36,0.9939
07162129-1318171,5637.0,83.0,3.57,0.22,-0.32,0.08,2.28,0.21,Br36,0.9961
07162290-1313412,5870.0,65.0,4.48,0.17,-0.41,0.06,2.79,0.1,Br36,0.9753
07162292-1314162,5819.0,82.0,4.42,0.22,-0.27,0.08,2.6,0.14,Br36,0.9985
07162354-1306594,5545.0,64.0,3.71,0.18,-0.12,0.05,1.84,0.21,Br36,0.9992
07162417-1309044,5436.0,67.0,3.53,0.17,-0.34,0.05,2.41,0.11,Br36,0.9984
07162496-1312164,5731.0,67.0,4.51,0.18,-0.34,0.05,2.53,0.11,Br36,0.9623
07162503-1310296,5510.0,65.0,3.22,0.18,-0.57,0.05,2.29,0.11,Br36,0.9935
07162705-1309583,4981.0,63.0,3.54,0.18,-0.34,0.05,1.0,0.27,Br36,0.9995
07162738-1310305,5660.0,67.0,3.9,0.17,-0.43,0.05,1.59,,Br36,0.9964
07162760-1312142,5849.0,79.0,3.82,0.22,-0.16,0.08,2.54,0.15,Br36,0.9972
07162864-1310530,5197.0,65.0,3.98,0.18,-0.31,0.05,1.57,0.19,Br36,0.999
07163024-1312230,4909.0,64.0,3.12,0.17,-0.49,0.05,1.1,0.31,Br36,0.9976
07163367-1309129,5292.0,81.0,3.29,0.22,-0.55,0.08,1.63,,Br36,0.9978
07163450-1311317,5997.0,63.0,4.1,0.18,-0.09,0.06,2.97,0.1,Br36,0.998
07163471-1303410,5628.0,65.0,4.46,0.18,-0.05,0.05,2.19,0.13,Br36,0.9866
07163808-1312459,5885.0,83.0,3.5,0.22,-0.2,0.08,2.53,0.19,Br36,0.9983
07163819-1310564,5430.0,81.0,4.74,0.22,-0.37,0.08,2.38,0.17,Br36,0.9982
07163906-1312433,5625.0,64.0,4.08,0.17,-0.25,0.05,2.34,0.16,Br36,0.9531
07163922-1310479,6421.0,104.0,4.08,0.34,0.11,0.1,2.86,0.23,Br36,0.992
07164223-1311548,5988.0,85.0,4.11,0.22,-0.25,0.08,2.53,0.22,Br36,0.9987
07165003-1315435,4902.0,81.0,3.32,0.22,-0.71,0.08,1.09,,Br36,0.9945
07160107-1317329,5018.0,63.0,3.24,0.17,0.1,0.05,1.06,,Br36,0.9997
07160849-1304452,5075.0,64.0,3.33,0.17,-0.01,0.05,1.26,,Br36,0.9996
07161139-1318289,5577.0,82.0,3.11,0.21,-0.29,0.08,2.36,0.16,Br36,0.9784
07161839-1311057,4449.0,66.0,2.27,0.18,-0.27,0.05,0.09,0.15,Br36,0.9998
07161844-1312066,4975.0,82.0,4.24,0.22,-0.44,0.07,1.96,0.17,Br36,0.9987
07161931-1313149,5473.0,81.0,3.9,0.22,-0.29,0.08,2.07,0.15,Br36,0.9925
07161978-1315363,5184.0,83.0,3.03,0.21,-0.54,0.08,2.13,0.19,Br36,0.9938
07162022-1310489,6536.0,83.0,4.37,0.22,-0.33,0.08,2.29,,Br36,0.9985
07162075-1315457,5494.0,83.0,4.13,0.21,-0.17,0.08,2.1,0.18,Br36,0.9993
07162121-1316266,5730.0,66.0,3.92,0.17,-0.16,0.05,2.51,0.12,Br36,0.9984
07162216-1315374,4665.0,66.0,2.39,0.17,-0.25,0.05,-0.09,0.45,Br36,0.9905
07162227-1312375,5801.0,82.0,4.66,0.22,-0.1,0.08,2.27,0.22,Br36,0.9972
07162717-1307077,5759.0,82.0,3.61,0.21,-0.05,0.08,2.49,0.14,Br36,0.998
07162762-1309303,5717.0,80.0,3.1,0.22,-0.43,0.08,2.66,0.15,Br36,0.9981
07162780-1312559,5699.0,82.0,3.86,0.22,-0.19,0.07,2.2,0.21,Br36,0.9987
07162827-1317063,4693.0,63.0,2.35,0.18,-0.16,0.06,0.74,,Br36,0.9985
07163097-1312569,4718.0,63.0,2.45,0.17,-0.3,0.05,0.35,0.35,Br36,0.9994
07163134-1312474,4887.0,65.0,3.51,0.17,-0.08,0.06,1.11,0.14,Br36,0.9896
07155687-1311181,5004.0,68.0,3.58,0.17,-0.15,0.06,0.87,0.26,Br36,0.9969
07155803-1313094,5166.0,66.0,3.76,0.17,-0.13,0.05,1.31,0.23,Br36,0.9989
07160421-1312592,4747.0,64.0,2.52,0.17,-0.25,0.05,0.69,,Br36,0.9912
07161322-1303264,4366.0,65.0,1.97,0.18,-0.28,0.05,-0.19,0.14,Br36,0.9998
07161365-1315324,5981.0,64.0,4.13,0.17,-0.04,0.05,2.69,0.11,Br36,0.9987
07161430-1310190,4824.0,66.0,2.89,0.17,-0.08,0.05,0.43,0.28,Br36,0.9997
07161585-1310218,5653.0,83.0,4.24,0.22,-0.17,0.08,2.38,0.14,Br36,0.9989
07161647-1312293,5758.0,64.0,3.95,0.16,-0.3,0.06,2.51,0.1,Br36,0.9986
07161751-1315339,6028.0,65.0,4.1,0.17,-0.09,0.05,2.41,0.15,Br36,0.996
07161803-1313522,5970.0,66.0,4.11,0.18,-0.17,0.05,2.44,0.17,Br36,0.9983
07161925-1309500,4838.0,65.0,3.94,0.18,-0.63,0.05,0.82,,Br36,0.9991
07161986-1318192,5827.0,65.0,4.31,0.18,0.06,0.05,2.64,0.1,Br36,0.9983
07162096-1314120,5974.0,65.0,4.5,0.17,-0.19,0.05,2.62,0.11,Br36,0.9979
07162141-1312111,5760.0,68.0,3.97,0.18,-0.32,0.05,2.56,0.13,Br36,0.9823
07162315-1312451,6244.0,63.0,4.28,0.17,-0.16,0.05,2.42,,Br36,0.9975
07162464-1310353,5088.0,64.0,3.21,0.17,-0.4,0.06,1.04,0.17,Br36,0.9583
07162543-1313503,6140.0,66.0,4.19,0.18,-0.17,0.06,2.83,0.13,Br36,0.9991
07162591-1311257,5070.0,65.0,3.44,0.18,-0.18,0.06,1.21,0.15,Br36,0.9994
07162721-1310199,5917.0,63.0,4.41,0.18,-0.43,0.05,2.12,0.17,Br36,0.9982
07162773-1308089,5957.0,64.0,4.27,0.17,-0.09,0.06,2.41,0.14,Br36,0.9966
07162850-1311451,5530.0,64.0,3.8,0.17,-0.18,0.05,2.2,0.1,Br36,0.9674
07162853-1309477,5071.0,64.0,3.32,0.17,-0.13,0.05,1.01,0.21,Br36,0.9993
07162918-1309114,5613.0,64.0,3.78,0.17,-0.19,0.06,2.26,0.12,Br36,0.9994
07162927-1310452,5858.0,65.0,4.0,0.18,-0.13,0.06,2.66,0.1,Br36,0.9983
07162979-1309006,5968.0,65.0,4.21,0.18,-0.2,0.06,2.81,0.11,Br36,0.999
07163031-1311529,5907.0,64.0,3.91,0.17,-0.06,0.06,2.78,0.1,Br36,0.9954
07163130-1312261,5026.0,65.0,3.61,0.17,-0.13,0.05,1.32,0.15,Br36,0.9831
07163273-1312511,5073.0,65.0,3.39,0.17,-0.11,0.06,1.11,0.17,Br36,0.9961
07163285-1313544,5767.0,64.0,4.05,0.17,-0.17,0.05,2.26,0.18,Br36,0.992
07163393-1313144,4693.0,64.0,2.56,0.17,-0.21,0.06,0.25,0.2,Br36,0.9997
07163975-1307317,5824.0,64.0,4.63,0.17,-0.27,0.05,2.84,0.09,Br36,0.9992
07164003-1314463,5715.0,82.0,3.68,0.22,-0.16,0.08,1.93,,Br36,0.9986
07164190-1320240,5136.0,66.0,3.27,0.17,-0.02,0.06,0.81,,Br36,0.9987
07164400-1317024,5985.0,64.0,4.61,0.18,-0.29,0.05,2.73,0.12,Br36,0.9973
07164636-1309029,5815.0,65.0,4.43,0.17,-0.07,0.05,2.41,0.13,Br36,0.9989
07164866-1319372,5663.0,66.0,4.35,0.17,-0.15,0.05,2.06,0.15,Br36,0.9984
07164900-1315379,5606.0,64.0,3.69,0.17,-0.17,0.05,2.4,0.1,Br36,0.9978
07165539-1312149,4604.0,66.0,2.43,0.18,-0.25,0.05,0.3,0.13,Br36,0.9993
07161684-1312060,4219.0,41.0,1.47,0.07,-0.37,0.05,-0.9,0.17,Br36,0.9994
07161891-1313584,4221.0,42.0,1.56,0.07,-0.34,0.05,0.47,0.08,Br36,0.9998
07154930-1312086,5376.0,82.0,2.96,0.22,-0.51,0.07,1.8,0.23,Br36,0.9981
07155606-1312099,6068.0,81.0,3.91,0.21,-0.23,0.07,2.81,0.12,Br36,0.9987
07160121-1306039,5728.0,66.0,3.8,0.18,-0.49,0.06,2.34,0.12,Br36,0.9965
07160285-1308431,5001.0,80.0,2.88,0.21,-0.79,0.08,1.33,,Br36,0.9961
07160471-1305207,5428.0,82.0,2.98,0.22,-0.46,0.08,1.99,0.18,Br36,0.997
07162458-1318455,4611.0,65.0,2.51,0.17,-0.22,0.05,0.25,0.13,Br36,0.9997
07162476-1313517,5133.0,66.0,3.35,0.17,-0.16,0.05,1.11,0.14,Br36,0.9979
07162528-1318345,5811.0,65.0,4.1,0.17,-0.4,0.05,2.24,0.15,Br36,0.9986
07162649-1308040,5720.0,65.0,3.99,0.17,-0.28,0.05,2.33,0.12,Br36,0.9946
07162739-1314249,5825.0,65.0,4.13,0.17,-0.19,0.06,2.59,0.09,Br36,0.9935
07162758-1316173,4784.0,63.0,2.67,0.17,-0.08,0.05,-0.12,0.62,Br36,0.9995
07162827-1308353,6002.0,65.0,4.57,0.17,-0.32,0.05,2.69,0.12,Br36,0.9939
07162918-1313534,6388.0,103.0,3.94,0.33,-0.24,0.1,2.49,,Br36,0.9976
07163081-1314304,5649.0,65.0,3.51,0.17,-0.32,0.05,2.17,0.17,Br36,0.996
07163226-1306476,6026.0,67.0,4.21,0.18,-0.15,0.05,2.61,0.12,Br36,0.9992
07163337-1313279,6010.0,65.0,4.01,0.17,-0.17,0.05,2.39,0.18,Br36,0.9859
07163704-1311167,4869.0,65.0,2.9,0.18,-0.08,0.05,0.92,,Br36,0.9996
07163746-1303038,5975.0,84.0,3.89,0.22,-0.05,0.08,2.63,0.18,Br36,0.9863
07163777-1313094,5881.0,66.0,4.18,0.17,-0.23,0.05,2.69,0.1,Br36,0.9934
07163805-1307201,5923.0,82.0,3.83,0.22,-0.1,0.08,2.54,0.22,Br36,0.9946
07163827-1313469,5205.0,66.0,3.69,0.18,-0.25,0.05,1.46,0.18,Br36,0.9982
07164382-1309510,5953.0,79.0,3.89,0.21,-0.08,0.08,2.68,0.15,Br36,0.9894
07165795-1308528,6204.0,83.0,3.68,0.22,-0.07,0.08,2.71,0.17,Br36,0.9943
07155481-1317376,5769.0,66.0,4.06,0.18,-0.34,0.05,2.59,0.12,Br36,0.9949
07155968-1311125,4598.0,65.0,2.46,0.17,-0.24,0.05,0.37,0.12,Br36,0.9998
07160056-1317018,5728.0,82.0,3.29,0.22,-0.3,0.07,2.39,0.14,Br36,0.9984
07160059-1319158,5763.0,82.0,4.13,0.22,-0.12,0.08,2.67,0.14,Br36,0.9817
07160296-1304427,5813.0,81.0,3.59,0.22,-0.57,0.08,2.79,0.14,Br36,0.9958
07160451-1306255,5606.0,63.0,3.66,0.18,-0.3,0.05,2.63,0.1,Br36,0.999
07160536-1311150,5608.0,63.0,3.95,0.17,-0.36,0.05,2.6,0.12,Br36,0.9983
07161342-1319478,5849.0,106.0,4.51,0.32,-0.32,0.1,2.48,0.19,Br36,0.997
07161359-1316358,5752.0,82.0,3.87,0.22,-0.33,0.08,2.41,0.16,Br36,0.986
07161597-1304298,6333.0,81.0,4.22,0.22,-0.06,0.08,3.21,0.16,Br36,0.9979
07161855-1320562,5876.0,64.0,3.85,0.17,-0.21,0.05,2.74,0.11,Br36,0.9995
07162180-1310177,4764.0,65.0,2.73,0.17,-0.13,0.06,0.9,,Br36,0.9996
07162655-1313466,5698.0,104.0,3.26,0.33,-0.32,0.09,1.76,,Br36,0.9978
07162661-1309132,5930.0,65.0,4.15,0.18,0.01,0.05,2.83,0.1,Br36,0.9986
07162773-1316065,5084.0,63.0,3.57,0.18,-0.07,0.05,1.14,0.16,Br36,0.9945
07162788-1318144,5845.0,65.0,4.6,0.17,-0.33,0.05,2.43,0.11,Br36,0.9934
07163199-1320583,5800.0,81.0,3.87,0.21,-0.15,0.08,2.43,,Br36,0.9829
07163429-1318592,4962.0,64.0,3.28,0.17,-0.32,0.05,0.79,0.24,Br36,0.9997
07163628-1320451,6196.0,81.0,3.7,0.22,0.01,0.08,2.85,0.13,Br36,0.999
07163730-1309501,5971.0,66.0,3.74,0.17,-0.06,0.06,2.66,0.11,Br36,0.9987
07163767-1316095,5304.0,83.0,3.64,0.22,-0.57,0.08,1.87,0.2,Br36,0.9934
07163900-1310072,5731.0,82.0,4.13,0.22,-0.19,0.08,2.4,0.17,Br36,0.9985
07463715-0440113,4629.0,31.0,2.37,0.05,-0.16,0.17,-0.46,,Br39,0.9999
07463926-0437543,4804.0,31.0,2.57,0.05,-0.15,0.17,-0.12,,Br39,0.9998
07464125-0440571,4839.0,30.0,2.67,0.05,-0.13,0.17,-0.27,,Br39,0.9999
07464143-0439084,4829.0,30.0,2.64,0.05,-0.14,0.17,0.03,,Br39,0.9998
07464760-0439563,4334.0,32.0,1.82,0.06,-0.06,0.17,-0.67,0.25,Br39,0.9999
07465077-0441289,4882.0,31.0,2.78,0.05,-0.09,0.17,0.59,0.07,Br39,0.9999
07465249-0441147,4776.0,31.0,2.62,0.05,-0.1,0.17,0.3,,Br39,0.9999
07461672-0442390,5886.0,66.0,4.04,0.17,-0.33,0.05,2.7,0.09,Br39,0.9998
07462341-0442314,6012.0,64.0,4.31,0.18,-0.18,0.05,2.43,0.17,Br39,0.999
07462411-0440148,5573.0,66.0,4.17,0.17,-0.17,0.05,2.17,0.08,Br39,0.9999
07462452-0441254,5903.0,64.0,4.01,0.17,-0.35,0.05,2.3,0.2,Br39,0.9996
07462568-0439276,5559.0,65.0,3.76,0.17,-0.52,0.05,2.14,0.16,Br39,0.9997
07462851-0443276,5764.0,100.0,4.72,0.33,0.12,0.09,2.23,,Br39,0.9933
07462987-0440242,5630.0,65.0,4.44,0.17,-0.43,0.05,2.06,0.12,Br39,0.9978
07463021-0434426,5108.0,96.0,4.79,0.26,-0.17,0.15,1.65,,Br39,0.9973
07463026-0437212,5776.0,63.0,4.56,0.18,-0.39,0.06,2.48,0.13,Br39,0.9962
07463078-0444583,6160.0,82.0,4.8,0.22,-0.06,0.08,2.33,0.28,Br39,0.9997
07463213-0440028,5114.0,65.0,3.6,0.17,-0.21,0.05,1.17,0.13,Br39,0.9969
07463259-0443371,6101.0,84.0,4.01,0.22,-0.14,0.08,1.98,,Br39,0.9599
07463400-0435380,5901.0,65.0,4.38,0.18,-0.4,0.05,2.67,0.1,Br39,0.9984
07463528-0440090,5768.0,82.0,4.25,0.21,-0.17,0.08,2.36,0.22,Br39,0.9997
07463537-0443096,5949.0,66.0,4.71,0.17,-0.18,0.06,2.48,0.12,Br39,0.9991
07463604-0441224,5941.0,66.0,3.94,0.17,-0.26,0.05,2.51,0.11,Br39,0.9984
07463652-0439483,6042.0,66.0,3.99,0.17,-0.15,0.06,2.49,0.09,Br39,0.9999
07463658-0437540,5897.0,80.0,3.85,0.22,-0.26,0.08,2.36,0.14,Br39,0.9998
07463688-0438233,5997.0,67.0,4.07,0.17,-0.25,0.06,2.86,0.08,Br39,0.9998
07463768-0441343,5933.0,65.0,4.21,0.17,-0.18,0.06,2.43,0.15,Br39,0.9698
07463877-0439269,5887.0,106.0,4.37,0.32,-0.22,0.1,2.41,0.17,Br39,0.9996
07463881-0443427,5972.0,65.0,4.34,0.17,-0.2,0.05,2.71,0.07,Br39,0.9999
07463987-0443262,5653.0,107.0,4.16,0.34,0.04,0.1,1.83,,Br39,0.9995
07464012-0439424,6139.0,66.0,4.42,0.18,-0.08,0.05,2.7,0.11,Br39,0.9996
07464071-0441565,5459.0,65.0,3.93,0.17,-0.14,0.06,1.95,0.1,Br39,0.9947
07464092-0438047,5981.0,64.0,4.27,0.18,-0.34,0.05,2.42,0.09,Br39,0.9997
07464172-0437284,6088.0,84.0,4.68,0.22,-0.21,0.08,2.67,0.15,Br39,0.9995
07464247-0441282,6080.0,66.0,4.0,0.18,-0.18,0.05,2.81,0.07,Br39,0.9998
07464257-0438375,5727.0,64.0,4.57,0.17,-0.15,0.05,2.35,0.15,Br39,0.9996
07464261-0439574,5945.0,81.0,4.82,0.22,0.18,0.08,2.18,0.33,Br39,0.9996
07464345-0441370,5677.0,80.0,3.28,0.22,-0.06,0.08,2.31,0.25,Br39,0.9989
07464451-0441335,5748.0,66.0,4.13,0.17,-0.13,0.05,2.33,0.09,Br39,0.9951
07464465-0438533,5684.0,64.0,4.47,0.18,-0.18,0.06,2.08,0.16,Br39,0.9998
07464514-0444307,6063.0,64.0,4.26,0.17,-0.27,0.05,2.69,0.07,Br39,0.9997
07464515-0434404,5520.0,64.0,4.22,0.17,-0.08,0.05,1.86,0.08,Br39,0.9999
07464522-0440392,5826.0,65.0,4.72,0.17,-0.14,0.05,2.21,0.18,Br39,0.9906
07464608-0441153,5352.0,65.0,3.8,0.18,-0.08,0.06,1.38,0.14,Br39,0.9999
07464621-0442341,5434.0,103.0,4.62,0.33,-0.27,0.1,1.88,,Br39,0.9965
07464688-0440568,5257.0,65.0,3.62,0.17,-0.09,0.05,1.11,0.22,Br39,0.9998
07464734-0437089,5984.0,67.0,4.11,0.17,-0.31,0.05,2.59,0.08,Br39,0.9691
07464763-0443171,6022.0,66.0,4.5,0.17,-0.22,0.06,2.58,0.11,Br39,0.9995
07464824-0442507,6038.0,64.0,4.22,0.18,-0.27,0.06,2.56,0.1,Br39,0.9996
07465009-0437463,6124.0,65.0,4.13,0.18,-0.19,0.06,2.85,0.09,Br39,0.9999
07465044-0437314,6042.0,66.0,4.3,0.18,-0.33,0.05,2.49,0.11,Br39,0.9995
07465107-0442162,6136.0,66.0,4.23,0.17,-0.17,0.05,2.7,0.07,Br39,0.9995
07465228-0442317,6145.0,64.0,4.35,0.17,-0.12,0.05,2.7,0.08,Br39,0.9999
07465324-0439231,5760.0,81.0,3.9,0.22,-0.15,0.08,2.29,,Br39,0.9996
07465354-0439421,6117.0,83.0,4.48,0.21,0.31,0.07,2.69,0.17,Br39,0.9935
07465378-0441436,5878.0,65.0,4.04,0.17,-0.23,0.05,2.29,0.18,Br39,0.998
07465385-0436273,5692.0,80.0,4.02,0.23,-0.16,0.08,2.34,,Br39,0.9993
07465464-0440344,6068.0,83.0,4.08,0.22,-0.09,0.08,2.8,0.17,Br39,0.9995
07465560-0438161,5884.0,66.0,4.35,0.17,-0.29,0.05,2.43,0.14,Br39,0.9991
07465577-0435583,6122.0,64.0,4.5,0.18,-0.24,0.05,2.6,0.12,Br39,0.9996
07465720-0440338,5896.0,68.0,4.36,0.21,-0.19,0.05,1.96,,Br39,0.9986
07465726-0438464,5928.0,66.0,4.15,0.18,-0.38,0.05,2.46,0.1,Br39,0.9998
07465727-0439414,6027.0,79.0,4.1,0.22,0.15,0.08,2.51,,Br39,0.9988
07465736-0445137,6038.0,66.0,4.25,0.17,-0.18,0.05,2.44,0.09,Br39,0.9998
07465795-0435423,5717.0,81.0,4.61,0.23,-0.36,0.08,2.21,0.19,Br39,0.9995
07465834-0442381,5927.0,81.0,4.83,0.22,-0.15,0.07,2.46,0.2,Br39,0.9995
07470093-0441455,6046.0,66.0,4.01,0.17,-0.3,0.05,2.58,0.09,Br39,0.9998
07470360-0442091,6145.0,64.0,4.41,0.17,-0.22,0.06,2.71,0.11,Br39,0.9884
07471373-0443558,6062.0,64.0,4.39,0.17,-0.28,0.05,2.32,0.15,Br39,0.9996
07461145-0439384,5869.0,82.0,4.44,0.22,-0.09,0.08,2.05,,Br39,0.9973
07461237-0445007,6198.0,103.0,4.4,0.34,0.06,0.1,2.62,,Br39,0.999
07461293-0436362,5097.0,80.0,3.3,0.22,-0.48,0.08,1.68,0.2,Br39,0.9935
07462272-0438014,5723.0,65.0,4.65,0.18,-0.16,0.06,1.68,,Br39,0.9997
07463543-0444434,6234.0,81.0,4.46,0.22,0.12,0.08,2.88,0.18,Br39,0.9993
07464004-0438072,5682.0,83.0,3.59,0.22,0.11,0.08,1.94,,Br39,0.9973
07464208-0442155,6113.0,81.0,4.9,0.22,0.28,0.07,2.81,0.15,Br39,0.999
07464409-0441441,6395.0,82.0,4.64,0.21,0.17,0.08,2.93,0.21,Br39,0.9986
07464747-0439346,6608.0,81.0,4.09,0.22,0.29,0.08,2.42,,Br39,0.9998
07464787-0440418,5526.0,84.0,4.11,0.22,-0.13,0.08,2.12,0.21,Br39,0.9959
07464812-0431289,6038.0,64.0,4.54,0.17,-0.01,0.06,2.76,0.18,Br39,0.9998
07464850-0439487,6155.0,63.0,3.66,0.18,-0.23,0.05,2.38,0.16,Br39,0.959
07464983-0443276,5507.0,81.0,3.5,0.21,0.04,0.08,2.24,0.18,Br39,0.9979
07465013-0446128,6199.0,80.0,3.91,0.22,0.24,0.08,2.57,0.21,Br39,0.9808
07465031-0439404,6090.0,66.0,4.22,0.17,-0.3,0.06,2.81,0.08,Br39,0.9996
07465041-0440386,6063.0,65.0,4.15,0.17,-0.19,0.06,3.27,0.11,Br39,0.9997
07465231-0439027,6451.0,84.0,4.03,0.22,0.35,0.07,3.25,0.15,Br39,0.9998
07465254-0440416,5910.0,66.0,4.24,0.17,-0.32,0.05,2.52,0.09,Br39,0.9988
07465675-0439586,5802.0,104.0,3.0,0.33,0.01,0.1,2.21,0.45,Br39,0.9974
07465713-0446527,5532.0,85.0,4.56,0.22,-0.1,0.08,2.1,0.22,Br39,0.9848
07465716-0444059,6073.0,80.0,4.9,0.22,-0.25,0.08,2.55,,Br39,0.9995
07465981-0439189,5964.0,66.0,4.01,0.17,-0.03,0.05,2.3,0.2,Br39,0.9692
07470058-0442581,5784.0,104.0,4.19,0.34,-0.13,0.09,2.29,0.27,Br39,0.999
07470106-0439538,5730.0,65.0,4.43,0.18,-0.12,0.05,2.51,0.09,Br39,0.9999
07470410-0439578,5927.0,65.0,4.22,0.17,-0.24,0.06,2.5,0.14,Br39,0.9996
07470466-0439176,5920.0,66.0,4.31,0.17,-0.25,0.06,2.71,0.11,Br39,0.9998
07470677-0449070,5997.0,80.0,4.17,0.22,-0.22,0.08,2.7,0.17,Br39,0.9994
07471650-0439003,5948.0,79.0,3.67,0.22,-0.13,0.08,2.48,0.18,Br39,0.9996
07462164-0440409,5835.0,106.0,4.22,0.33,-0.29,0.09,2.59,0.18,Br39,0.9996
07462521-0440149,5916.0,63.0,4.59,0.18,-0.17,0.05,2.2,0.2,Br39,0.9986
07462642-0439442,6509.0,82.0,4.4,0.21,-0.33,0.08,2.26,,Br39,0.9905
07462927-0441509,6222.0,83.0,4.47,0.22,0.15,0.08,2.22,0.37,Br39,0.9997
07463557-0437499,5907.0,65.0,4.33,0.17,-0.39,0.06,2.42,0.09,Br39,0.9995
07463560-0442099,6049.0,67.0,4.28,0.17,-0.18,0.05,2.77,0.07,Br39,0.9999
07463568-0439523,6132.0,106.0,4.63,0.34,-0.11,0.1,2.61,0.15,Br39,0.966
07463670-0443201,6000.0,62.0,4.35,0.17,-0.26,0.05,2.68,0.07,Br39,0.9998
07463704-0438419,5841.0,63.0,4.0,0.17,-0.32,0.06,2.48,0.11,Br39,0.9988
07463809-0440506,5715.0,80.0,4.36,0.22,-0.19,0.08,2.2,0.23,Br39,0.9931
07463810-0437296,5724.0,66.0,4.16,0.18,-0.5,0.05,2.29,0.08,Br39,0.9997
07463888-0440504,5877.0,63.0,4.19,0.17,-0.36,0.05,2.52,0.08,Br39,0.9884
07463986-0443218,5257.0,63.0,3.8,0.17,-0.15,0.06,1.66,0.09,Br39,0.9704
07464060-0445452,5813.0,83.0,3.7,0.22,0.02,0.08,2.65,0.13,Br39,0.9997
07464097-0435394,5204.0,66.0,3.77,0.17,-0.44,0.05,1.76,0.14,Br39,0.9994
07464258-0439182,4966.0,66.0,3.37,0.17,-0.13,0.06,0.87,0.12,Br39,0.9999
07464311-0439289,6154.0,65.0,4.05,0.17,-0.22,0.05,2.69,0.09,Br39,0.9996
07464419-0438397,5880.0,65.0,4.39,0.17,-0.41,0.05,2.45,0.09,Br39,0.9979
07464490-0440200,5378.0,65.0,3.99,0.18,0.03,0.05,1.0,0.28,Br39,0.9978
07464503-0438106,5428.0,80.0,4.22,0.22,-0.41,0.08,1.74,0.28,Br39,0.9952
07464522-0443318,5868.0,66.0,4.21,0.17,-0.41,0.06,2.44,0.08,Br39,0.9999
07464563-0437308,6091.0,66.0,4.24,0.18,-0.24,0.05,2.89,0.06,Br39,0.9998
07464594-0441053,6091.0,63.0,4.37,0.18,-0.29,0.05,2.73,0.07,Br39,0.9999
07464612-0442462,6097.0,66.0,4.17,0.17,-0.24,0.06,2.53,0.06,Br39,0.9997
07464671-0440377,5914.0,64.0,4.22,0.18,-0.26,0.05,2.34,0.09,Br39,0.9997
07464674-0443249,5802.0,64.0,3.94,0.17,-0.36,0.05,2.58,0.11,Br39,0.9989
07464695-0441196,6267.0,106.0,4.43,0.34,0.05,0.1,2.88,0.13,Br39,0.9983
07464891-0443597,6010.0,65.0,4.05,0.18,-0.28,0.06,2.57,0.07,Br39,0.9998
07464913-0436244,6135.0,66.0,4.36,0.17,-0.14,0.06,2.71,0.09,Br39,0.9995
07464963-0443121,6262.0,106.0,4.17,0.35,0.05,0.09,2.51,0.19,Br39,0.9911
07464991-0441446,5891.0,64.0,4.0,0.17,-0.26,0.05,2.52,0.08,Br39,0.9991
07464992-0444499,6036.0,65.0,4.37,0.17,-0.23,0.06,2.74,0.11,Br39,0.9998
07465077-0436120,5769.0,64.0,3.93,0.17,-0.52,0.05,2.56,0.09,Br39,0.9894
07465153-0433314,5888.0,64.0,4.36,0.17,-0.31,0.06,2.39,0.09,Br39,0.9998
07465239-0436190,5931.0,81.0,4.61,0.22,-0.19,0.08,2.64,0.1,Br39,0.9998
07465340-0439556,6570.0,83.0,4.21,0.22,0.24,0.08,3.02,,Br39,0.9995
07465396-0441518,5748.0,66.0,4.45,0.17,-0.2,0.05,2.27,0.08,Br39,0.9999
07465418-0443263,5698.0,80.0,4.47,0.22,-0.31,0.08,1.68,,Br39,0.9979
07465432-0437308,5684.0,65.0,4.25,0.17,-0.41,0.06,2.19,0.14,Br39,0.9945
07465440-0440053,5265.0,64.0,3.53,0.17,-0.16,0.05,1.81,0.08,Br39,0.9999
07465462-0440241,6149.0,63.0,4.16,0.17,-0.19,0.05,2.59,0.07,Br39,0.9999
07465489-0433132,6014.0,64.0,4.07,0.18,-0.29,0.05,2.67,0.06,Br39,0.9999
07465613-0441527,5537.0,69.0,4.38,0.21,-0.31,0.06,1.97,0.19,Br39,0.9905
07465642-0434349,5795.0,81.0,3.16,0.22,-0.21,0.08,2.03,0.32,Br39,0.9998
07465648-0436077,6035.0,64.0,4.37,0.18,-0.32,0.05,2.76,0.08,Br39,0.9999
07465778-0438431,6125.0,64.0,4.39,0.18,-0.29,0.05,2.61,0.09,Br39,0.9999
07465798-0443038,6087.0,67.0,4.26,0.17,-0.16,0.06,2.64,0.08,Br39,0.9991
07465855-0440599,6048.0,65.0,4.16,0.18,-0.31,0.05,2.68,0.07,Br39,0.9998
07465857-0442486,6026.0,63.0,4.54,0.18,-0.29,0.05,2.81,0.09,Br39,0.9992
07465950-0445386,5681.0,83.0,3.55,0.21,-0.1,0.07,2.32,0.23,Br39,0.9997
07465960-0438381,5624.0,63.0,3.97,0.18,-0.5,0.05,2.28,0.11,Br39,0.9998
07470151-0436365,6129.0,80.0,4.85,0.22,-0.15,0.08,2.35,,Br39,0.9998
07470176-0440150,6004.0,65.0,4.22,0.18,-0.35,0.05,2.42,0.1,Br39,0.9855
07470211-0441349,5239.0,64.0,4.24,0.18,-0.08,0.06,1.13,0.14,Br39,0.987
07470224-0438387,5918.0,63.0,4.11,0.18,-0.37,0.05,2.73,0.07,Br39,0.9851
07470316-0442197,5841.0,65.0,3.91,0.17,-0.22,0.05,2.31,0.15,Br39,0.9996
07470519-0435028,5999.0,65.0,4.05,0.17,-0.34,0.06,2.66,0.08,Br39,0.9949
07470748-0439506,5856.0,64.0,4.34,0.17,-0.24,0.05,2.41,0.12,Br39,0.9997
07471151-0442471,5287.0,64.0,3.49,0.18,-0.38,0.05,2.01,0.15,Br39,0.9995
07471215-0438547,6038.0,65.0,4.18,0.18,-0.24,0.05,2.69,0.08,Br39,0.9997
07461809-0436498,4671.0,82.0,2.88,0.22,-0.46,0.08,0.81,,Br39,0.9983
07461890-0446254,5475.0,80.0,3.03,0.22,-0.16,0.08,1.53,,Br39,0.9995
07462123-0445459,5595.0,84.0,3.71,0.22,0.19,0.08,2.21,,Br39,0.9994
07462576-0445070,5104.0,81.0,3.99,0.21,-0.31,0.08,1.29,,Br39,0.998
07462750-0438389,5369.0,101.0,4.26,0.34,-0.08,0.09,1.57,,Br39,0.9983
07462827-0446479,5996.0,66.0,4.41,0.17,-0.34,0.06,2.79,0.08,Br39,0.9998
07462942-0430461,5802.0,66.0,3.85,0.17,-0.17,0.05,2.17,0.19,Br39,0.9983
07463433-0434585,5690.0,81.0,3.6,0.22,-0.13,0.08,1.84,,Br39,0.9996
07463804-0435059,5252.0,80.0,3.44,0.21,-0.15,0.07,1.87,,Br39,0.9867
07463848-0439584,5282.0,65.0,4.54,0.18,-0.28,0.06,1.25,,Br39,0.999
07464093-0440253,5472.0,66.0,4.74,0.18,-0.32,0.05,2.13,0.17,Br39,0.9995
07464151-0429578,5593.0,81.0,3.36,0.22,0.07,0.07,1.71,0.49,Br39,0.9983
07464489-0433351,5900.0,105.0,4.49,0.34,0.13,0.09,2.26,0.29,Br39,0.9986
07464518-0437309,5725.0,81.0,4.0,0.22,-0.18,0.07,2.31,0.16,Br39,0.9995
07464518-0445344,5133.0,82.0,4.66,0.22,-0.26,0.08,1.52,0.28,Br39,0.9782
07464650-0441028,6016.0,82.0,4.16,0.22,0.18,0.08,2.82,0.17,Br39,0.9988
07464785-0441049,5890.0,66.0,4.09,0.17,-0.23,0.05,2.47,0.14,Br39,0.999
07464839-0440089,6133.0,65.0,4.3,0.17,-0.24,0.05,2.79,0.07,Br39,0.9998
07464920-0445237,5529.0,64.0,4.04,0.17,-0.13,0.05,1.78,0.31,Br39,0.985
07464928-0440106,5857.0,63.0,4.31,0.18,-0.35,0.05,2.68,0.1,Br39,0.9996
07465017-0440205,5759.0,64.0,4.32,0.17,-0.34,0.06,2.46,0.1,Br39,0.9994
07465186-0438125,5810.0,103.0,4.79,0.32,0.01,0.09,2.52,0.21,Br39,0.9985
07465187-0440022,5486.0,64.0,4.26,0.17,-0.18,0.05,1.81,0.1,Br39,0.995
07465188-0435157,5561.0,83.0,3.85,0.22,-0.02,0.08,1.88,0.28,Br39,0.9985
07465301-0442031,6105.0,66.0,4.21,0.18,-0.2,0.05,2.58,0.08,Br39,0.9972
07465315-0445253,5544.0,64.0,4.28,0.17,-0.26,0.06,1.95,0.23,Br39,0.9995
07465390-0444238,5875.0,101.0,4.52,0.33,-0.07,0.09,2.06,,Br39,0.9994
07465444-0443452,5841.0,65.0,4.21,0.18,-0.37,0.05,2.41,0.16,Br39,0.9986
07465567-0437027,4887.0,81.0,4.07,0.22,-0.29,0.08,1.53,0.2,Br39,0.9624
07465662-0448234,5602.0,79.0,4.13,0.21,0.0,0.08,1.82,,Br39,0.9995
07470119-0431261,5604.0,82.0,4.9,0.21,0.31,0.07,2.25,0.22,Br39,0.9991
07470308-0446467,5938.0,68.0,4.24,0.21,-0.4,0.05,2.66,0.08,Br39,0.9999
07470386-0441175,5473.0,79.0,3.19,0.22,-0.14,0.08,2.35,0.18,Br39,0.9972
07470609-0442319,5869.0,70.0,4.49,0.21,-0.34,0.05,2.44,0.13,Br39,0.9998
07470613-0442590,5569.0,70.0,4.35,0.21,-0.15,0.05,1.84,,Br39,0.9992
07470803-0441477,5956.0,64.0,4.53,0.17,-0.13,0.05,2.4,0.14,Br39,0.9995
07470877-0433267,5335.0,81.0,4.08,0.22,-0.17,0.08,1.8,0.23,Br39,0.9902
07471018-0445233,5438.0,66.0,4.32,0.17,-0.36,0.05,1.55,,Br39,0.9996
07471024-0435200,5884.0,85.0,4.98,0.22,0.26,0.08,2.68,0.18,Br39,0.9986
07471207-0441081,5650.0,70.0,4.37,0.2,-0.14,0.05,1.73,,Br39,0.9992
07471210-0434498,5592.0,81.0,4.05,0.22,-0.1,0.08,2.07,0.27,Br39,0.9924
07471256-0439231,5707.0,83.0,4.03,0.21,0.14,0.08,2.44,0.21,Br39,0.996
07471267-0440354,5550.0,70.0,4.35,0.21,-0.33,0.05,2.01,0.2,Br39,0.9996
07471663-0443230,5564.0,65.0,4.22,0.17,-0.25,0.06,1.88,0.24,Br39,0.9996
07472212-0445231,5763.0,67.0,4.5,0.17,-0.07,0.05,1.71,,Br39,0.9943
07472934-0446554,5976.0,65.0,4.21,0.18,-0.11,0.05,2.75,0.1,Br39,0.9948
07461360-0438293,6574.0,82.0,3.88,0.22,-0.06,0.08,2.45,,Br39,0.9995
07462020-0437323,5876.0,65.0,4.11,0.17,-0.24,0.05,2.92,0.09,Br39,0.9999
07462529-0440341,5174.0,65.0,3.88,0.17,-0.33,0.05,1.62,0.13,Br39,0.9996
07462603-0436508,6059.0,65.0,4.16,0.18,-0.24,0.05,2.83,0.09,Br39,0.9995
07462914-0436223,5886.0,66.0,4.39,0.17,-0.25,0.05,2.5,0.07,Br39,0.9998
07463452-0439332,5601.0,63.0,3.96,0.17,-0.4,0.05,2.36,0.14,Br39,0.9993
07463543-0436405,6079.0,64.0,4.22,0.17,-0.26,0.05,2.5,0.06,Br39,0.9992
07463586-0440391,5922.0,65.0,4.16,0.17,-0.11,0.05,2.68,0.08,Br39,0.9998
07463755-0442400,5940.0,65.0,4.43,0.17,-0.34,0.05,2.65,0.11,Br39,0.9988
07464060-0434317,6132.0,65.0,4.14,0.18,-0.17,0.06,2.76,0.07,Br39,0.9984
07464334-0439507,6111.0,65.0,4.31,0.18,-0.15,0.05,2.58,0.11,Br39,0.9991
07464396-0444330,5803.0,65.0,4.33,0.17,-0.26,0.06,2.32,0.07,Br39,0.9992
07464438-0440111,6071.0,65.0,4.3,0.17,-0.24,0.05,2.63,0.07,Br39,0.9999
07464474-0434155,5934.0,63.0,3.93,0.17,-0.34,0.05,2.51,0.09,Br39,0.9992
07464519-0436405,6104.0,64.0,4.41,0.18,-0.19,0.06,3.16,0.09,Br39,0.9999
07464523-0438417,5148.0,65.0,3.33,0.17,-0.08,0.05,1.21,0.18,Br39,0.9997
07464606-0440285,5810.0,79.0,4.21,0.22,-0.23,0.08,2.61,0.17,Br39,0.9998
07464621-0436391,6211.0,64.0,4.08,0.17,-0.06,0.06,2.78,0.1,Br39,0.9992
07464719-0437320,5674.0,66.0,4.24,0.18,-0.12,0.05,2.04,0.12,Br39,0.9999
07464788-0440115,4767.0,67.0,2.49,0.18,-0.23,0.05,0.09,0.15,Br39,0.9999
07464789-0439419,6113.0,82.0,4.83,0.22,-0.16,0.08,2.69,0.12,Br39,0.9999
07464890-0440142,5139.0,62.0,3.63,0.17,-0.19,0.05,1.05,0.22,Br39,0.9856
07464896-0439494,6024.0,65.0,4.11,0.18,-0.23,0.05,2.96,0.08,Br39,0.9998
07464983-0438524,6119.0,83.0,3.63,0.21,-0.17,0.07,2.72,0.12,Br39,0.9996
07465048-0440450,5949.0,68.0,4.13,0.17,-0.45,0.05,2.51,0.1,Br39,0.9996
07465080-0442163,6283.0,83.0,4.25,0.22,-0.11,0.07,2.92,0.17,Br39,0.9993
07465090-0441137,5415.0,66.0,4.14,0.18,0.0,0.05,1.48,,Br39,0.9997
07465183-0436558,6626.0,84.0,3.76,0.21,0.21,0.07,2.43,,Br39,0.9771
07465191-0433379,4996.0,63.0,3.38,0.18,-0.12,0.05,0.48,0.46,Br39,0.9972
07465201-0437385,5785.0,65.0,4.12,0.18,-0.35,0.05,2.37,0.1,Br39,0.9855
07465268-0439444,5426.0,66.0,3.79,0.18,-0.02,0.05,2.05,0.1,Br39,0.9993
07465346-0438423,6028.0,65.0,4.57,0.18,-0.1,0.05,2.43,0.12,Br39,0.9915
07465369-0443580,6084.0,64.0,4.43,0.17,-0.19,0.05,2.44,0.09,Br39,0.9996
07465371-0443307,5892.0,65.0,4.39,0.18,-0.39,0.05,2.47,0.07,Br39,0.9998
07465410-0445352,5900.0,65.0,4.11,0.17,-0.16,0.06,2.7,0.07,Br39,0.9999
07465414-0438582,4699.0,31.0,2.53,0.05,-0.15,0.05,-1.0,,Br39,0.9999
07465506-0445252,5988.0,65.0,3.71,0.17,-0.27,0.06,1.99,0.16,Br39,0.9997
07465523-0440124,5551.0,65.0,4.33,0.17,-0.05,0.05,1.83,0.14,Br39,0.9999
07465541-0439390,6202.0,68.0,4.3,0.18,0.07,0.05,2.91,0.1,Br39,0.9998
07465580-0444155,6149.0,65.0,3.91,0.18,-0.33,0.05,2.68,0.11,Br39,0.9998
07465614-0444327,5885.0,63.0,4.01,0.17,-0.33,0.05,1.9,0.25,Br39,0.9804
07465645-0439273,6335.0,81.0,3.94,0.22,0.13,0.07,2.62,,Br39,0.9986
07465819-0447243,5872.0,65.0,4.5,0.18,-0.39,0.05,2.58,0.11,Br39,0.993
07465981-0441479,4840.0,30.0,2.63,0.05,-0.17,0.05,-0.17,,Br39,0.9993
07470013-0433261,5059.0,64.0,3.39,0.17,-0.06,0.05,1.02,,Br39,0.9999
07470014-0449151,5699.0,64.0,4.29,0.17,-0.15,0.05,2.02,0.16,Br39,0.9998
07470294-0440218,6207.0,65.0,4.22,0.17,-0.17,0.05,2.56,0.11,Br39,0.9944
07470350-0447154,5585.0,65.0,4.4,0.18,-0.13,0.06,1.87,0.15,Br39,0.9999
07470488-0440355,6094.0,66.0,4.34,0.18,-0.17,0.05,2.94,0.07,Br39,0.9997
07470632-0442181,6406.0,82.0,4.57,0.23,0.01,0.07,2.87,0.15,Br39,0.9997
07471076-0436259,4638.0,31.0,2.71,0.05,-0.12,0.05,0.28,0.06,Br39,0.9999
07471307-0435542,6436.0,83.0,4.08,0.22,-0.06,0.07,2.7,0.22,Br39,0.9941
07462466-0444454,5868.0,64.0,4.07,0.18,-0.36,0.05,2.29,0.09,Br39,0.9995
07463174-0439430,6099.0,63.0,4.31,0.18,-0.13,0.05,2.72,0.07,Br39,0.9998
07463320-0444202,6020.0,66.0,4.34,0.17,-0.34,0.05,2.66,0.08,Br39,0.9997
07463682-0442382,6057.0,66.0,4.38,0.17,-0.3,0.06,2.75,0.1,Br39,0.9998
07463828-0439474,6036.0,65.0,4.3,0.18,-0.22,0.05,2.7,0.07,Br39,0.9998
07463869-0441141,6039.0,67.0,4.38,0.17,-0.38,0.05,2.59,0.08,Br39,0.9985
07463897-0441563,4697.0,64.0,2.48,0.17,-0.28,0.05,0.5,0.11,Br39,0.9999
07464081-0437213,5604.0,65.0,3.98,0.18,-0.17,0.05,2.16,0.08,Br39,0.9991
07464135-0435045,5865.0,65.0,4.54,0.18,-0.3,0.05,2.27,0.17,Br39,0.9998
07464227-0440498,6588.0,83.0,4.33,0.22,-0.07,0.08,2.1,,Br39,0.9818
07464338-0445368,5981.0,66.0,4.36,0.18,-0.19,0.05,2.72,0.08,Br39,0.9998
07464402-0439460,6089.0,64.0,4.05,0.18,-0.24,0.05,2.58,0.11,Br39,0.9914
07464434-0440076,6130.0,64.0,3.78,0.17,-0.27,0.05,1.89,0.22,Br39,0.9874
07464503-0442552,5149.0,66.0,3.65,0.18,-0.05,0.05,1.59,0.1,Br39,0.9998
07464551-0440332,5962.0,64.0,4.12,0.18,-0.36,0.05,2.44,0.1,Br39,0.9992
07464558-0442471,5900.0,64.0,4.07,0.17,-0.34,0.06,2.53,0.07,Br39,0.9877
07464570-0439106,5856.0,65.0,4.31,0.17,-0.32,0.06,2.6,0.08,Br39,0.999
07464580-0439474,6008.0,66.0,4.26,0.18,-0.01,0.05,2.84,0.07,Br39,0.9985
07464606-0434478,5959.0,65.0,4.09,0.17,-0.28,0.06,2.67,0.08,Br39,0.9994
07464652-0435220,5907.0,64.0,4.29,0.17,-0.09,0.05,2.71,0.06,Br39,0.9999
07464662-0441350,5889.0,65.0,3.94,0.18,-0.39,0.05,2.53,0.1,Br39,0.9755
07464737-0441001,6031.0,65.0,4.23,0.17,-0.25,0.05,2.43,0.08,Br39,0.9997
07464760-0441406,5952.0,66.0,4.23,0.17,-0.15,0.05,2.52,0.07,Br39,0.9999
07464906-0438110,6094.0,65.0,4.38,0.17,-0.27,0.05,2.71,0.07,Br39,0.9998
07464930-0442222,6123.0,63.0,4.15,0.18,-0.22,0.05,2.46,0.09,Br39,0.9995
07464971-0441495,5690.0,63.0,4.1,0.17,-0.2,0.05,1.98,0.1,Br39,0.9778
07465071-0441347,6021.0,64.0,4.23,0.17,-0.28,0.05,2.73,0.07,Br39,0.9998
07465131-0438487,6268.0,66.0,4.02,0.17,-0.24,0.05,1.8,,Br39,0.9895
07465136-0437167,5400.0,64.0,4.05,0.18,-0.55,0.06,2.22,0.12,Br39,0.9997
07465196-0435390,5609.0,67.0,4.28,0.18,-0.25,0.05,2.14,0.09,Br39,0.9997
07465216-0437314,6154.0,65.0,4.54,0.18,-0.15,0.05,2.66,0.11,Br39,0.9963
07465242-0441267,6035.0,64.0,4.18,0.17,-0.08,0.05,2.89,0.08,Br39,0.9992
07465320-0444160,6157.0,65.0,3.94,0.17,-0.19,0.05,2.65,0.07,Br39,0.9996
07465343-0442422,6175.0,64.0,4.3,0.17,-0.18,0.05,2.7,0.09,Br39,0.9994
07465583-0439534,5977.0,64.0,4.33,0.17,-0.39,0.06,2.51,0.08,Br39,0.9999
07465717-0438315,5789.0,65.0,4.27,0.18,-0.47,0.05,2.45,0.06,Br39,0.9991
07465854-0440174,6049.0,63.0,4.27,0.18,-0.28,0.05,2.62,0.08,Br39,0.9954
07465906-0439102,5773.0,65.0,4.06,0.17,-0.08,0.06,2.73,0.06,Br39,0.9999
07465940-0437489,6025.0,67.0,4.22,0.17,-0.28,0.05,2.46,0.08,Br39,0.9999
07465982-0438597,5923.0,63.0,4.32,0.17,-0.25,0.05,2.71,0.09,Br39,0.974
07465982-0441085,5038.0,65.0,3.44,0.17,-0.13,0.05,0.44,0.49,Br39,0.9979
07465987-0433162,6255.0,63.0,4.32,0.17,-0.19,0.05,2.58,0.12,Br39,0.9997
07470093-0435564,6089.0,66.0,4.19,0.17,-0.14,0.06,2.74,0.08,Br39,0.9998
07470248-0436369,6066.0,65.0,4.36,0.18,-0.05,0.05,2.92,0.09,Br39,0.9997
07470302-0441396,6153.0,65.0,4.1,0.17,0.02,0.06,2.71,0.08,Br39,0.9996
07470308-0439056,6264.0,66.0,4.31,0.17,-0.12,0.05,2.81,0.1,Br39,0.9982
07470409-0440178,6284.0,65.0,4.14,0.18,-0.13,0.06,2.63,0.14,Br39,0.9995
07471181-0441580,6178.0,67.0,4.32,0.18,-0.13,0.05,2.67,0.09,Br39,0.9999
07471208-0446289,5996.0,66.0,4.28,0.17,-0.33,0.05,2.66,0.11,Br39,0.9585
07471268-0437532,6131.0,66.0,4.24,0.17,-0.2,0.05,2.74,0.09,Br39,0.9996
07471526-0446560,5611.0,64.0,4.22,0.17,-0.27,0.05,1.98,0.09,Br39,0.9993
07471695-0444134,5920.0,72.0,4.17,0.21,-0.41,0.05,2.5,0.1,Br39,0.9997
07471908-0446276,6004.0,64.0,4.23,0.17,-0.3,0.06,2.75,0.08,Br39,0.9999
07471940-0442180,5900.0,65.0,4.42,0.17,-0.27,0.06,2.09,0.14,Br39,0.9997
07472131-0449367,6067.0,65.0,4.38,0.18,-0.25,0.05,2.7,0.09,Br39,0.9996
07472189-0445280,5766.0,66.0,4.01,0.18,-0.45,0.06,2.13,0.09,Br39,0.9997
07472418-0439448,6223.0,65.0,4.18,0.18,-0.12,0.05,2.61,0.12,Br39,0.9944
07472777-0439250,6004.0,66.0,4.17,0.18,-0.12,0.05,2.19,0.11,Br39,0.9947
07462530-0436380,5845.0,63.0,4.08,0.17,-0.37,0.05,2.22,0.08,Br39,0.9997
07463148-0440498,5812.0,65.0,4.13,0.17,-0.16,0.05,2.27,0.07,Br39,0.9998
07464058-0439038,6403.0,65.0,4.17,0.18,-0.18,0.05,2.4,0.13,Br39,0.9997
07464986-0441416,6110.0,66.0,4.28,0.17,-0.24,0.05,2.46,0.09,Br39,0.9972
07465121-0436035,4909.0,65.0,3.14,0.18,-0.11,0.06,0.8,0.11,Br39,0.9999
07465121-0441472,6015.0,66.0,4.11,0.18,-0.17,0.06,2.81,0.06,Br39,0.9999
07465221-0440041,5956.0,65.0,4.17,0.17,-0.25,0.05,2.51,0.07,Br39,0.9926
07465725-0446317,5832.0,62.0,4.24,0.17,-0.33,0.05,2.3,0.08,Br39,0.9999
07470438-0440071,6011.0,65.0,4.25,0.17,-0.07,0.05,2.23,0.14,Br39,0.9995
07463708-0439072,5091.0,33.0,3.63,0.05,-0.1,0.17,0.6,,Br39,0.9997
07464629-0440040,4996.0,32.0,3.52,0.05,-0.24,0.17,0.94,0.09,Br39,0.9991
07464855-0439092,5067.0,33.0,3.59,0.05,-0.23,0.17,1.21,0.06,Br39,0.9999
07465009-0436004,4817.0,32.0,2.62,0.05,-0.14,0.17,0.64,0.05,Br39,0.9999
07471674-0439150,4829.0,30.0,2.61,0.05,-0.14,0.17,-0.18,,Br39,0.9982
07461976-0434182,5858.0,66.0,4.01,0.18,-0.34,0.06,2.28,0.13,Br39,0.9999
07462005-0442051,5812.0,63.0,4.07,0.18,-0.44,0.05,2.53,0.1,Br39,0.9998
07462406-0440106,5984.0,66.0,4.42,0.18,0.02,0.05,2.38,0.13,Br39,0.9999
07462504-0435396,5689.0,67.0,3.95,0.17,-0.48,0.05,2.32,0.14,Br39,0.9991
07462812-0440073,5679.0,64.0,3.76,0.18,-0.3,0.05,2.78,0.11,Br39,0.9998
07462813-0437443,5555.0,67.0,3.85,0.17,-0.39,0.06,2.17,0.1,Br39,0.9996
07463285-0447005,6037.0,64.0,4.25,0.17,-0.23,0.05,2.57,0.13,Br39,0.9995
07463607-0440079,6070.0,64.0,4.27,0.18,-0.2,0.06,2.54,0.08,Br39,0.9997
07463628-0434522,5579.0,82.0,3.87,0.22,-0.36,0.08,2.41,0.19,Br39,0.9995
07463708-0439479,6156.0,66.0,4.26,0.17,-0.14,0.05,2.65,0.08,Br39,0.9997
07463816-0440256,5939.0,66.0,4.11,0.18,-0.22,0.05,2.43,0.08,Br39,0.9999
07463861-0441303,6009.0,63.0,4.14,0.18,-0.27,0.05,2.64,0.1,Br39,0.9993
07463941-0435346,5579.0,83.0,3.99,0.22,-0.09,0.08,1.65,0.45,Br39,0.9996
07464059-0435031,5724.0,65.0,4.01,0.18,-0.24,0.05,2.14,0.17,Br39,0.9996
07464189-0431042,5544.0,64.0,3.92,0.18,-0.18,0.06,2.05,0.08,Br39,0.9999
07464215-0445192,6072.0,66.0,4.32,0.17,-0.17,0.06,2.57,0.18,Br39,0.9997
07464243-0435007,5851.0,66.0,4.54,0.17,-0.38,0.05,2.6,0.09,Br39,0.9931
07464280-0442170,6093.0,66.0,4.55,0.17,-0.13,0.06,2.54,0.12,Br39,0.9997
07464335-0443200,6064.0,66.0,4.23,0.17,-0.27,0.05,2.63,0.07,Br39,0.9999
07464417-0438252,5912.0,66.0,4.53,0.17,-0.27,0.06,2.46,0.11,Br39,0.9997
07464497-0439015,5835.0,69.0,4.33,0.21,-0.41,0.05,2.47,0.1,Br39,0.9823
07464599-0444054,5794.0,65.0,4.21,0.17,-0.23,0.05,2.24,0.12,Br39,0.9852
07464615-0442099,6278.0,82.0,4.07,0.21,-0.26,0.08,2.74,0.16,Br39,0.9991
07464623-0440377,5862.0,81.0,4.11,0.21,-0.14,0.08,2.36,0.21,Br39,0.9989
07464664-0436366,5940.0,66.0,4.44,0.17,-0.21,0.05,2.4,0.11,Br39,0.9999
07464696-0434586,5753.0,65.0,3.92,0.17,-0.34,0.06,2.4,0.11,Br39,0.9995
07464915-0439599,5959.0,65.0,4.17,0.17,-0.3,0.06,2.68,0.08,Br39,0.9997
07464951-0437282,5804.0,65.0,4.27,0.17,-0.3,0.05,2.37,0.12,Br39,0.9997
07465104-0442331,5892.0,64.0,4.26,0.18,-0.23,0.05,2.43,0.09,Br39,0.9993
07465201-0439201,5764.0,65.0,4.35,0.17,-0.43,0.05,2.25,0.09,Br39,0.9935
07465201-0441255,5081.0,64.0,3.73,0.17,-0.02,0.05,1.21,0.11,Br39,0.9999
07465243-0439524,5954.0,65.0,4.24,0.17,-0.51,0.05,2.7,0.07,Br39,0.9999
07465282-0435386,5913.0,66.0,4.11,0.17,-0.44,0.05,2.26,0.2,Br39,0.9995
07465402-0435596,5798.0,65.0,4.64,0.17,-0.15,0.06,1.97,0.23,Br39,0.9909
07465422-0440235,5969.0,65.0,4.04,0.17,-0.05,0.06,2.42,0.08,Br39,0.9998
07465493-0439063,6040.0,65.0,4.19,0.18,-0.28,0.05,2.54,0.1,Br39,0.9997
07465498-0441552,5859.0,70.0,4.46,0.21,-0.17,0.05,2.54,0.12,Br39,0.9995
07465500-0437433,5149.0,66.0,3.46,0.17,0.01,0.06,0.94,0.16,Br39,0.9999
07465570-0441344,5956.0,102.0,4.39,0.34,-0.24,0.1,2.55,0.15,Br39,0.9913
07465585-0448212,5983.0,81.0,4.69,0.22,0.05,0.08,1.93,,Br39,0.9977
07465652-0439100,5935.0,66.0,4.57,0.18,-0.39,0.05,2.54,0.13,Br39,0.9994
07465971-0440572,5904.0,65.0,4.7,0.18,-0.02,0.05,2.58,0.15,Br39,0.9985
07470030-0442471,6136.0,64.0,4.32,0.17,-0.34,0.05,3.02,0.09,Br39,0.999
07470042-0440047,5824.0,64.0,4.5,0.18,-0.28,0.05,2.26,,Br39,0.9989
07470122-0437519,5962.0,67.0,4.62,0.17,-0.42,0.05,2.38,0.11,Br39,0.9999
07470208-0438555,5783.0,65.0,3.95,0.17,-0.4,0.05,2.42,0.12,Br39,0.9995
07470429-0435133,5810.0,82.0,3.79,0.21,-0.3,0.08,2.08,0.19,Br39,0.9998
07470493-0435424,4941.0,33.0,3.18,0.05,-0.11,0.04,-0.13,,Br39,0.9998
07470554-0443068,5667.0,71.0,4.4,0.21,-0.55,0.05,2.39,0.11,Br39,0.9641
07470908-0434391,5992.0,66.0,4.43,0.17,-0.34,0.05,2.87,0.1,Br39,0.9996
07471318-0435353,5702.0,79.0,4.28,0.21,-0.18,0.08,2.18,0.2,Br39,0.9986
07460935-0441028,5834.0,65.0,3.9,0.17,-0.16,0.06,2.72,0.07,Br39,0.9998
07461196-0438297,6015.0,65.0,4.13,0.17,-0.36,0.05,2.48,0.08,Br39,0.9998
07461394-0441505,5742.0,69.0,3.83,0.17,-0.55,0.06,2.37,0.11,Br39,0.9998
07462140-0436313,6010.0,66.0,4.2,0.17,-0.38,0.06,2.56,0.09,Br39,0.9997
07462166-0435063,6062.0,64.0,4.24,0.18,-0.24,0.06,2.52,0.08,Br39,0.9999
07462491-0440361,5941.0,64.0,4.12,0.17,-0.35,0.05,2.51,0.1,Br39,0.9816
07462510-0442275,5811.0,64.0,3.74,0.17,-0.17,0.05,2.29,0.13,Br39,0.9997
07462677-0440523,5944.0,65.0,4.3,0.17,-0.27,0.05,2.2,0.19,Br39,0.9958
07462982-0436269,5681.0,67.0,3.96,0.17,-0.56,0.06,2.27,0.11,Br39,0.9998
07463133-0436276,5829.0,64.0,4.1,0.17,-0.49,0.06,2.41,0.1,Br39,0.9998
07463322-0437337,5500.0,65.0,4.04,0.18,-0.32,0.05,2.3,0.1,Br39,0.963
07463459-0444376,5871.0,64.0,4.49,0.17,-0.29,0.05,2.44,0.11,Br39,0.999
07463480-0441145,5086.0,64.0,3.5,0.18,-0.15,0.06,1.16,0.11,Br39,0.9998
07463586-0434535,5965.0,64.0,4.03,0.18,-0.27,0.05,2.23,0.14,Br39,0.9998
07463644-0437349,5899.0,81.0,4.12,0.22,-0.35,0.08,2.54,0.15,Br39,0.9997
07463742-0438317,6006.0,65.0,4.21,0.17,-0.19,0.05,2.7,0.1,Br39,0.9983
07463876-0439342,5965.0,81.0,4.13,0.22,-0.18,0.08,2.6,0.14,Br39,0.9826
07464065-0438422,5146.0,64.0,3.63,0.17,-0.11,0.05,1.08,0.13,Br39,0.9937
07464296-0438369,5917.0,65.0,4.21,0.17,-0.24,0.05,2.36,0.09,Br39,0.9999
07464328-0439022,6013.0,63.0,4.12,0.17,-0.22,0.05,2.56,0.08,Br39,0.9997
07464434-0437206,5887.0,65.0,4.21,0.17,-0.35,0.06,2.48,0.13,Br39,0.9972
07464592-0437331,5786.0,64.0,4.05,0.17,-0.08,0.05,2.23,0.17,Br39,0.9997
07464604-0441465,5347.0,65.0,4.27,0.17,-0.37,0.06,1.37,,Br39,0.9996
07464681-0433224,5540.0,81.0,4.08,0.21,-0.28,0.07,2.12,0.13,Br39,0.9961
07464707-0442575,6100.0,64.0,4.5,0.18,-0.19,0.05,2.82,0.08,Br39,0.9999
07464751-0440205,5979.0,65.0,4.35,0.17,-0.27,0.05,2.68,0.08,Br39,0.9942
07464881-0438344,5817.0,65.0,4.0,0.17,-0.39,0.05,2.31,0.12,Br39,0.9997
07464912-0440525,6017.0,65.0,4.4,0.18,-0.27,0.05,2.4,0.09,Br39,0.9998
07465102-0438168,6094.0,65.0,4.07,0.17,-0.2,0.06,2.65,0.11,Br39,0.9992
07465124-0441032,6024.0,63.0,4.08,0.18,-0.35,0.05,2.58,0.08,Br39,0.9997
07465220-0441015,5687.0,64.0,4.64,0.18,-0.37,0.05,2.44,0.11,Br39,0.9991
07465374-0438415,4917.0,67.0,3.06,0.17,-0.1,0.06,0.18,0.34,Br39,0.9999
07465480-0439297,5008.0,64.0,3.42,0.18,-0.1,0.05,0.82,0.13,Br39,0.9926
07465620-0441578,6076.0,67.0,4.32,0.17,-0.15,0.05,2.88,0.08,Br39,0.9998
07470054-0440008,5878.0,65.0,4.28,0.17,-0.22,0.06,2.58,0.07,Br39,0.9983
07470082-0445164,6345.0,81.0,4.4,0.22,-0.07,0.07,2.85,0.14,Br39,0.9998
07470144-0433270,5415.0,82.0,3.36,0.22,-0.16,0.08,1.74,0.35,Br39,0.9997
07470610-0439193,5928.0,65.0,4.33,0.17,-0.33,0.06,2.38,0.12,Br39,0.9993
07470684-0440248,5827.0,65.0,3.99,0.18,-0.29,0.05,2.53,0.1,Br39,0.9995
07470975-0449415,6055.0,66.0,4.04,0.17,-0.31,0.06,2.4,0.09,Br39,0.9999
07471289-0434368,6035.0,64.0,3.99,0.17,-0.26,0.05,2.66,0.09,Br39,0.9999
07472130-0442031,5380.0,66.0,4.1,0.18,-0.33,0.05,1.71,0.25,Br39,0.9893
07472226-0439119,5981.0,66.0,4.16,0.17,-0.33,0.05,2.51,0.12,Br39,0.9774
07472285-0436561,5964.0,65.0,4.17,0.17,-0.31,0.06,2.63,0.09,Br39,0.9996
07472434-0437378,5755.0,84.0,3.66,0.23,-0.03,0.08,2.36,0.17,Br39,0.9996
07472486-0435530,5962.0,79.0,4.41,0.21,-0.3,0.08,2.93,0.17,Br39,0.9968
07472594-0438493,5903.0,65.0,4.16,0.18,-0.1,0.05,2.69,0.07,Br39,0.9999
07473589-0442356,6065.0,66.0,4.14,0.18,-0.28,0.05,2.52,0.1,Br39,0.9988
07462726-0441382,5834.0,66.0,4.5,0.18,-0.33,0.05,2.32,0.16,Br39,0.9998
07464911-0441557,4859.0,31.0,3.04,0.05,-0.09,0.17,0.64,0.06,Br39,0.9999
07465200-0441557,4980.0,30.0,2.77,0.05,-0.18,0.17,0.48,0.09,Br39,0.9817
07465801-0433550,4501.0,30.0,2.29,0.05,-0.21,0.17,-0.01,0.1,Br39,0.9999
07470332-0439436,4932.0,31.0,3.21,0.05,-0.07,0.17,-1.0,,Br39,0.9999
07465652-0443512,4844.0,31.0,2.69,0.05,-0.15,0.05,-0.42,,Br39,0.9999
07470378-0439141,4700.0,31.0,2.52,0.05,-0.14,0.05,1.17,0.06,Br39,1.0
19165874+1934193,4776.0,63.0,2.46,0.18,0.03,0.05,0.66,0.1,Br44,1.0
19170200+1933193,6596.0,65.0,4.06,0.17,0.14,0.05,2.35,,Br44,0.9998
19170216+1930159,6639.0,77.0,4.35,0.18,0.02,0.1,3.27,0.06,Br44,0.9985
19170500+1929506,6871.0,67.0,4.34,0.17,0.27,0.05,2.38,,Br44,0.9981
19170614+1932172,6531.0,65.0,4.24,0.17,0.06,0.05,2.5,0.17,Br44,0.9993
19170666+1932396,6761.0,79.0,4.19,0.18,-0.03,0.09,3.37,0.07,Br44,0.9998
19170833+1934095,6268.0,64.0,4.37,0.18,0.15,0.05,2.82,0.1,Br44,0.9988
19170890+1932231,6288.0,66.0,4.53,0.18,0.11,0.06,2.07,,Br44,0.9997
19170961+1929259,6679.0,67.0,4.13,0.17,0.05,0.05,3.28,0.07,Br44,0.9943
19170972+1931594,6504.0,64.0,4.15,0.17,0.15,0.06,2.29,0.33,Br44,0.9999
19171000+1933207,6550.0,68.0,4.5,0.18,0.12,0.06,2.62,,Br44,0.9999
19171160+1932583,4897.0,65.0,2.7,0.17,0.22,0.06,0.53,0.14,Br44,1.0
19171258+1931562,6449.0,66.0,4.26,0.18,0.17,0.05,3.18,0.07,Br44,0.9998
19171260+1936298,6585.0,78.0,4.37,0.18,0.02,0.09,3.1,0.08,Br44,0.9999
19171326+1934055,6725.0,67.0,4.14,0.17,0.06,0.05,3.22,0.06,Br44,0.9988
19171454+1937098,6638.0,65.0,4.22,0.18,0.12,0.05,3.29,0.1,Br44,0.9993
19171523+1933146,6526.0,67.0,4.24,0.18,0.04,0.05,2.81,0.1,Br44,0.9997
19171538+1930591,6627.0,66.0,4.39,0.17,0.05,0.05,2.25,,Br44,0.9997
19171588+1932063,4725.0,77.0,2.52,0.18,0.1,0.1,-0.31,0.49,Br44,0.9999
19171832+1932559,6182.0,65.0,4.39,0.18,0.12,0.06,2.69,0.13,Br44,0.9996
19172103+1931174,6109.0,64.0,4.55,0.17,0.16,0.05,2.95,0.08,Br44,0.9991
19172439+1930201,6267.0,66.0,4.21,0.17,0.12,0.06,2.24,0.28,Br44,0.9995
19172723+1932188,6574.0,65.0,4.4,0.17,0.02,0.05,3.19,0.08,Br44,0.9995
19173018+1931575,6235.0,63.0,4.47,0.18,-0.06,0.05,2.25,,Br44,0.9961
19173159+1934134,6634.0,66.0,3.98,0.17,0.11,0.05,3.2,0.08,Br44,0.9996
19170732+1930555,4801.0,35.0,2.81,0.05,0.19,0.05,0.87,0.06,Br44,0.9754
19170911+1933256,4760.0,35.0,2.72,0.06,0.22,0.05,1.07,0.06,Br44,0.9999
19171032+1932507,4732.0,33.0,2.64,0.06,0.12,0.06,1.08,0.06,Br44,0.9999
19172126+1933307,4735.0,33.0,2.83,0.05,0.2,0.04,0.42,0.12,Br44,0.9994
19172208+1933254,4742.0,32.0,2.7,0.06,0.41,0.04,1.02,0.06,Br44,1.0
19172255+1932012,4815.0,33.0,2.77,0.06,0.12,0.06,1.04,0.04,Br44,0.9999
06215924-0620078,6895.0,70.0,4.47,0.21,-0.24,0.06,2.85,0.17,Br73,0.9594
06220275-0619387,6787.0,72.0,4.34,0.2,-0.18,0.05,3.08,0.13,Br73,0.9575
06220302-0620421,6408.0,82.0,4.49,0.22,-0.77,0.08,2.42,,Br73,0.9914
06220394-0618416,6516.0,81.0,4.68,0.22,-0.37,0.07,3.15,0.14,Br73,0.998
06221024-0618515,6821.0,67.0,3.81,0.17,-0.02,0.05,3.24,0.16,Br73,0.997
06215576-0619206,6226.0,80.0,4.4,0.22,-0.5,0.08,2.08,,Br73,0.9919
06220284-0619480,6854.0,66.0,4.35,0.18,-0.48,0.05,3.19,0.13,Br73,0.9976
06220292-0617545,6944.0,66.0,3.88,0.17,-0.02,0.05,2.72,,Br73,0.9984
06220380-0618487,6974.0,108.0,4.6,0.34,-0.44,0.09,3.22,0.13,Br73,0.9906
06220405-0617452,6029.0,81.0,3.13,0.22,-0.87,0.08,2.6,0.17,Br73,0.9983
06220753-0619058,6281.0,64.0,4.34,0.17,-0.46,0.05,3.08,0.14,Br73,0.9973
06220792-0618379,5987.0,66.0,3.92,0.17,-0.49,0.06,3.04,0.06,Br73,0.9997
06220963-0619535,6942.0,109.0,4.26,0.34,-0.35,0.09,2.98,,Br73,0.9976
06220078-0619351,6981.0,86.0,4.33,0.22,-0.34,0.08,3.31,0.14,Br73,0.997
06220291-0618284,6993.0,83.0,4.38,0.22,-0.64,0.08,2.35,,Br73,0.9971
06220561-0619010,5014.0,65.0,2.85,0.17,-0.29,0.05,1.2,0.09,Br73,0.9993
06220617-0618234,6705.0,66.0,4.06,0.17,-0.2,0.05,2.71,0.11,Br73,0.9994
06220690-0617244,6997.0,71.0,4.43,0.21,0.02,0.05,3.0,0.2,Br73,0.9988
06220115-0619167,5090.0,31.0,2.61,0.05,-0.24,0.05,-0.18,,Br73,0.9868
06220200-0619214,4956.0,31.0,2.86,0.05,-0.22,0.05,1.24,0.05,Br73,0.9998
06220503-0618494,4457.0,30.0,2.01,0.05,-0.31,0.05,-0.05,0.09,Br73,0.9997
06221045-0619294,4825.0,30.0,2.69,0.05,-0.26,0.05,0.1,0.17,Br73,0.9998
06485198-2402166,6207.0,82.0,4.09,0.22,-0.6,0.07,2.62,0.18,Br75,0.9992
06485348-2359082,6057.0,83.0,4.96,0.22,-0.5,0.08,2.64,0.19,Br75,0.9992
06485387-2358246,6134.0,82.0,4.56,0.22,-0.72,0.08,2.25,,Br75,0.9692
06485434-2359015,6266.0,82.0,2.89,0.21,-0.85,0.08,2.25,,Br75,0.9997
06485478-2401202,6652.0,83.0,4.14,0.21,-0.44,0.08,2.36,,Br75,0.9998
06485504-2359272,4405.0,65.0,1.9,0.18,-0.48,0.06,-0.16,0.13,Br75,1.0
06485597-2357575,6411.0,82.0,4.46,0.22,-0.38,0.08,2.71,0.16,Br75,0.9964
06485831-2357498,6474.0,83.0,3.47,0.22,-0.9,0.08,2.71,0.23,Br75,0.9959
06485879-2400123,6565.0,82.0,4.87,0.22,0.04,0.08,3.48,0.14,Br75,0.9998
06490061-2358116,6359.0,80.0,4.14,0.22,-0.5,0.08,2.81,0.15,Br75,0.9998
06490172-2400091,6058.0,82.0,3.68,0.22,-0.54,0.07,2.84,0.13,Br75,0.9988
06490231-2402106,6234.0,82.0,3.94,0.23,-0.67,0.07,2.37,,Br75,0.9999
06490243-2359512,6122.0,83.0,4.56,0.22,-0.52,0.08,2.58,0.21,Br75,0.9811
06490252-2401176,6341.0,81.0,4.11,0.22,-0.72,0.08,2.97,0.16,Br75,0.9997
06490278-2400186,6648.0,83.0,3.79,0.22,-0.19,0.08,3.16,0.25,Br75,0.9994
06490492-2358095,6112.0,66.0,4.09,0.18,-0.62,0.05,2.25,0.17,Br75,1.0
06490504-2400254,6121.0,65.0,3.94,0.18,-0.71,0.05,2.29,0.26,Br75,0.9997
06490541-2400379,6275.0,81.0,4.37,0.22,-0.4,0.08,2.68,0.17,Br75,0.9619
06485207-2358389,6171.0,82.0,4.32,0.21,-0.59,0.08,2.64,0.21,Br75,0.999
06485269-2359288,6265.0,81.0,4.04,0.22,-0.73,0.08,2.92,0.17,Br75,1.0
06485518-2401595,6012.0,65.0,4.12,0.18,-0.46,0.05,2.12,0.15,Br75,1.0
06485647-2401059,6360.0,64.0,4.09,0.17,-0.6,0.05,2.61,0.15,Br75,0.9998
06485849-2359148,6381.0,66.0,4.06,0.17,-0.63,0.06,2.49,0.17,Br75,0.9999
06485964-2400269,6267.0,65.0,4.18,0.18,-0.68,0.06,2.2,0.28,Br75,0.9999
06490039-2359468,6205.0,64.0,4.27,0.18,-0.64,0.06,2.69,0.12,Br75,0.9998
06490115-2359440,5916.0,80.0,3.28,0.22,-0.92,0.08,1.91,,Br75,0.968
06490125-2359231,5712.0,65.0,3.8,0.18,-0.56,0.05,1.7,,Br75,0.9999
06490380-2358410,5926.0,64.0,3.79,0.17,-0.69,0.06,2.05,0.15,Br75,0.9999
06490433-2359001,6257.0,67.0,4.42,0.17,-0.53,0.05,2.42,,Br75,0.9999
06490553-2400456,6630.0,82.0,4.06,0.22,-0.74,0.08,2.54,,Br75,0.9999
06485365-2359414,6180.0,83.0,3.0,0.23,-0.81,0.08,2.23,,Br75,0.9998
06485613-2401400,6241.0,82.0,3.06,0.21,-0.9,0.08,2.23,,Br75,0.9996
06485652-2359317,6502.0,71.0,4.04,0.21,-0.49,0.05,2.56,0.19,Br75,0.9999
06485659-2401076,6328.0,65.0,3.88,0.17,-0.69,0.06,2.06,,Br75,0.9999
06485713-2359500,6338.0,64.0,4.4,0.18,-0.81,0.06,2.61,0.16,Br75,0.9741
06485947-2359555,5760.0,66.0,3.79,0.17,-0.6,0.05,1.3,,Br75,1.0
06485987-2359333,6142.0,65.0,4.34,0.17,-0.57,0.06,2.47,0.18,Br75,0.9994
06490040-2400214,6319.0,67.0,4.04,0.17,-0.61,0.06,2.41,0.16,Br75,0.9997
06490149-2400099,6104.0,65.0,3.78,0.17,-0.86,0.06,2.29,0.17,Br75,1.0
06490295-2358332,6238.0,81.0,4.48,0.22,-0.64,0.08,2.49,,Br75,0.9995
06485812-2400323,5146.0,49.0,3.19,0.07,-0.38,0.05,1.26,0.08,Br75,1.0
06490297-2359294,4920.0,30.0,2.48,0.05,-0.39,0.05,0.37,,Br75,0.9999
06490693-2401164,5174.0,49.0,3.32,0.07,-0.27,0.04,1.36,0.09,Br75,1.0
19014498-0027496,4647.0,33.0,2.62,0.05,0.09,0.05,1.4,0.05,Br81,1.0
19013240-0023593,6836.0,72.0,3.8,0.21,0.06,0.06,3.39,0.11,Br81,0.9998
19013886-0026309,6453.0,96.0,4.67,0.26,0.13,0.15,2.5,0.25,Br81,0.9952
19014648-0027210,6981.0,74.0,4.03,0.21,-0.02,0.05,3.09,0.12,Br81,0.9963
19014982-0028078,6642.0,82.0,3.98,0.22,-0.12,0.07,2.26,,Br81,0.9986
19020173-0025579,7111.1,750.0,2.25,1.2,0.25,0.2,2.92,0.64,Br81,0.9982
19013631-0027447,4720.0,31.0,2.66,0.05,0.25,0.05,0.22,,Br81,1.0
19013910-0027114,4857.0,33.0,2.86,0.05,0.16,0.04,0.46,0.09,Br81,1.0
19014004-0028129,4766.0,33.0,2.66,0.05,0.29,0.04,0.51,0.08,Br81,1.0
19014525-0023580,4799.0,33.0,2.74,0.05,0.27,0.04,0.84,0.05,Br81,0.9999
19014769-0025108,4705.0,31.0,2.54,0.05,0.19,0.05,0.6,0.07,Br81,1.0
19013633-0024141,6236.0,65.0,4.28,0.17,-0.25,0.06,2.92,0.1,Br81,0.9959
19013809-0027105,6449.0,72.0,4.1,0.21,0.17,0.06,2.62,0.2,Br81,0.9936
19014200-0026438,6863.0,73.0,3.99,0.21,0.08,0.06,2.9,,Br81,0.9999
19014212-0025400,6728.0,84.0,4.4,0.22,0.35,0.07,2.61,0.22,Br81,0.9999
19014443-0026202,6498.0,64.0,4.29,0.17,0.17,0.05,3.1,0.08,Br81,0.9999
19014447-0024227,6951.0,71.0,4.06,0.21,0.12,0.05,2.57,,Br81,0.9773
19014728-0025559,6526.0,65.0,4.2,0.17,0.06,0.05,3.19,0.13,Br81,0.9999
19014772-0027550,6331.0,66.0,4.25,0.18,0.12,0.05,2.72,0.17,Br81,0.9906
11124268-7722230,5111.0,31.0,4.19,0.05,0.24,0.17,3.72,0.04,Cha_I,0.9995
11100369-7633291,3836.22,70.99,4.56,0.13,-0.07,0.19,2.64,0.1,Cha_I,0.9994
08440643-4121562,6032.0,95.0,3.27,0.45,-0.14,0.16,2.7,0.16,Col197,0.9881
08442787-4117104,4572.33,143.88,4.68,0.28,0.06,0.09,3.45,0.24,Col197,0.9964
08450073-4114280,4084.33,90.26,4.79,0.18,-0.15,0.14,3.05,0.09,Col197,0.9993
08451197-4117551,5175.0,32.0,3.79,0.05,0.02,0.05,3.64,0.05,Col197,0.9965
08452200-4119051,6818.0,82.0,4.16,0.11,0.1,0.07,3.37,0.08,Col197,0.998
08440335-4117277,4031.05,101.39,3.2,0.3,0.1,0.17,3.41,0.16,Col197,0.9956
08441510-4108213,5651.0,94.0,3.68,0.66,-0.95,0.26,2.29,0.17,Col197,0.9992
08445256-4123345,3931.44,77.7,4.79,0.17,0.22,0.14,3.25,0.14,Col197,0.9985
08451740-4113537,4026.89,90.08,4.67,0.28,-0.55,0.25,2.99,0.12,Col197,0.9989
08444697-4109208,3812.69,67.42,3.41,0.22,-0.15,0.28,2.87,0.18,Col197,0.9993
08445197-4111593,3922.02,116.1,3.47,0.36,0.39,0.23,3.97,0.34,Col197,0.9993
08450529-4112031,4105.5,102.45,4.63,0.2,0.07,0.15,3.07,0.11,Col197,0.9978
08450888-4110175,4194.17,117.58,4.88,0.38,-0.41,0.21,3.21,0.13,Col197,0.9994
08450958-4107129,6033.0,82.0,4.09,0.14,0.15,0.07,3.57,0.08,Col197,0.9853
08451001-4108142,4551.47,184.46,3.28,0.62,-0.02,0.14,3.6,0.32,Col197,0.9993
08451867-4118315,4157.57,94.42,4.54,0.18,-0.14,0.13,3.08,0.09,Col197,0.9994
08452135-4114536,3851.89,76.15,3.31,0.26,-0.64,0.45,3.16,0.2,Col197,0.9992
05551148+2053580,4933.0,68.0,2.75,0.18,-0.13,0.05,0.5,0.17,Cz24,0.9996
05551293+2051397,6746.0,66.0,4.43,0.18,-0.15,0.05,3.08,0.14,Cz24,0.9983
05551338+2054472,6531.0,66.0,4.1,0.18,-0.44,0.06,3.0,0.09,Cz24,0.9979
05551844+2051052,6453.0,65.0,4.26,0.17,-0.29,0.06,3.06,0.07,Cz24,0.9967
05551926+2054557,6361.0,64.0,4.24,0.17,-0.08,0.05,3.0,0.08,Cz24,0.9973
05552185+2052338,4574.0,66.0,2.12,0.17,-0.38,0.05,0.39,0.09,Cz24,0.9989
05552219+2052225,6681.0,72.0,4.01,0.21,-0.24,0.06,3.11,0.12,Cz24,0.9964
05552348+2049008,6628.0,67.0,4.37,0.17,0.02,0.05,2.41,0.23,Cz24,0.9981
05552676+2054507,6392.0,82.0,4.46,0.22,-0.11,0.08,3.06,0.09,Cz24,0.9986
05552938+2052580,6837.0,66.0,4.06,0.17,-0.39,0.05,2.94,0.12,Cz24,0.9846
05552943+2050460,6605.0,82.0,3.78,0.21,-0.5,0.08,3.21,0.11,Cz24,0.9988
05552988+2049233,6648.0,66.0,4.03,0.17,-0.33,0.05,2.92,0.1,Cz24,0.9979
05553084+2054332,4573.0,65.0,2.13,0.18,-0.39,0.05,0.4,0.09,Cz24,0.9998
05553472+2055182,6197.0,82.0,4.06,0.22,-0.12,0.07,2.88,0.11,Cz24,0.9989
05553636+2051570,5540.0,66.0,4.11,0.17,-0.16,0.06,2.54,0.07,Cz24,0.9991
05545858+2050122,6700.0,84.0,4.33,0.21,0.24,0.08,2.97,0.21,Cz24,0.9933
05551109+2050155,6491.0,65.0,4.16,0.18,-0.14,0.05,2.38,0.17,Cz24,0.9994
05551333+2051135,6796.0,73.0,4.14,0.21,-0.36,0.06,3.34,0.13,Cz24,0.9976
05551537+2052460,6764.0,71.0,4.34,0.22,-0.21,0.06,2.8,,Cz24,0.9966
05551957+2053143,6595.0,104.0,4.08,0.25,-0.26,0.09,3.07,0.11,Cz24,0.9971
05552056+2054067,6222.0,63.0,4.01,0.18,-0.3,0.06,2.32,,Cz24,0.9977
05552254+2050491,6326.0,95.0,4.27,0.26,-0.62,0.16,2.76,0.15,Cz24,0.9972
05552411+2053009,6375.0,84.0,4.28,0.22,0.08,0.08,2.99,0.15,Cz24,0.9788
05552456+2055024,6762.0,106.0,4.35,0.32,-0.29,0.09,2.76,0.22,Cz24,0.9932
05552458+2050346,6751.0,67.0,4.32,0.17,0.02,0.05,2.67,0.22,Cz24,0.9989
05552552+2053182,6734.0,66.0,4.31,0.18,-0.29,0.05,3.18,0.1,Cz24,0.9968
05552601+2052538,6728.0,66.0,3.85,0.18,-0.39,0.06,3.11,0.11,Cz24,0.9935
05552816+2049065,6785.0,66.0,4.17,0.18,-0.17,0.05,3.02,0.13,Cz24,0.9987
05553282+2055059,6919.0,84.0,4.41,0.22,-0.33,0.08,2.59,,Cz24,0.9898
05553347+2049399,6680.0,66.0,4.24,0.17,-0.13,0.05,2.96,0.15,Cz24,0.9987
05553596+2050575,6758.0,66.0,4.48,0.17,-0.38,0.06,3.12,0.17,Cz24,0.9963
05550908+2050282,6395.0,64.0,4.2,0.17,-0.04,0.06,2.61,0.22,Cz24,0.9989
05550926+2054462,5675.0,63.0,4.29,0.18,-0.63,0.05,2.61,0.09,Cz24,0.986
05551415+2055195,6461.0,65.0,3.98,0.17,-0.19,0.05,2.96,0.1,Cz24,0.9951
05551416+2053305,6456.0,65.0,4.26,0.17,-0.94,0.05,3.03,0.1,Cz24,0.9514
05551428+2050498,6388.0,65.0,3.98,0.18,-0.23,0.05,3.03,0.09,Cz24,0.9993
05551543+2053130,6279.0,65.0,4.43,0.17,-0.25,0.05,2.65,0.17,Cz24,0.996
05552118+2051068,6611.0,66.0,4.25,0.18,-0.14,0.05,3.24,0.08,Cz24,0.9989
05552230+2055007,6818.0,86.0,3.81,0.22,-0.28,0.08,2.67,,Cz24,0.9877
05552355+2053587,6751.0,104.0,4.38,0.34,0.13,0.09,3.35,0.15,Cz24,0.9951
05552430+2052516,6745.0,66.0,4.31,0.18,-0.08,0.05,2.94,0.18,Cz24,0.999
05552434+2051399,6628.0,67.0,4.04,0.17,-0.12,0.05,2.74,0.12,Cz24,0.9985
05552584+2052445,4929.0,64.0,3.15,0.17,-0.14,0.05,1.25,0.1,Cz24,0.9902
05553995+2053468,6434.0,65.0,4.02,0.18,-0.01,0.06,2.66,0.15,Cz24,0.9987
05554095+2058385,6713.0,83.0,3.63,0.22,-0.33,0.08,3.04,0.18,Cz24,0.9884
05554484+2054006,6671.0,66.0,4.05,0.17,-0.05,0.05,2.99,0.15,Cz24,0.9976
05555226+2054293,6640.0,67.0,4.36,0.18,-0.22,0.05,2.37,,Cz24,0.9888
05552306+2052396,4977.0,31.0,2.76,0.05,-0.12,0.05,0.79,0.08,Cz24,0.9994
05552611+2054581,4775.0,31.0,2.58,0.05,-0.17,0.05,1.29,0.04,Cz24,0.9996
05552626+2052342,4969.0,31.0,2.75,0.05,-0.1,0.05,0.36,,Cz24,0.9631
05552710+2052163,5034.0,31.0,2.82,0.05,-0.08,0.05,0.75,,Cz24,0.9797
05553437+2051191,5003.0,33.0,2.76,0.05,-0.08,0.04,0.37,,Cz24,0.9997
07305767-0959446,6414.0,66.0,4.14,0.17,-0.69,0.05,2.81,0.11,Cz30,0.9998
07310130-0953595,6466.0,81.0,3.82,0.22,-0.44,0.08,2.88,0.11,Cz30,0.9995
07310411-0954370,6104.0,65.0,4.21,0.17,-1.03,0.05,2.34,0.17,Cz30,0.9996
07310432-0958110,6559.0,82.0,4.38,0.22,-0.09,0.07,2.84,0.18,Cz30,0.9955
07310725-0958110,6241.0,103.0,4.17,0.34,-0.36,0.1,2.47,0.24,Cz30,0.9978
07310731-0956369,6433.0,67.0,3.97,0.17,-0.33,0.05,2.16,,Cz30,0.9998
07310805-1000255,6487.0,65.0,3.83,0.17,-0.65,0.06,2.95,0.1,Cz30,0.9998
07310898-0957057,6630.0,66.0,4.1,0.17,-0.4,0.06,3.22,0.1,Cz30,0.9998
07310992-0956439,6368.0,64.0,3.88,0.17,-0.77,0.06,2.82,0.12,Cz30,0.9998
07311174-0957118,5865.0,65.0,3.99,0.17,-0.54,0.05,2.18,0.12,Cz30,0.9999
07311382-0956065,5546.0,65.0,3.86,0.17,-0.52,0.06,2.67,0.12,Cz30,0.9999
07311528-0952385,6467.0,83.0,3.35,0.22,-0.67,0.08,2.74,,Cz30,0.9997
07311616-0957187,6754.0,83.0,3.7,0.22,-0.43,0.07,2.3,,Cz30,0.9991
07311634-0958149,6510.0,81.0,4.61,0.23,-0.3,0.08,2.79,0.16,Cz30,0.9996
07311837-0952133,6190.0,65.0,4.41,0.17,-0.48,0.05,2.43,,Cz30,0.9994
07311933-0958052,5091.0,65.0,3.23,0.17,-0.19,0.05,1.45,0.1,Cz30,1.0
07312296-0958106,6368.0,82.0,4.19,0.22,-0.39,0.08,2.51,,Cz30,0.9995
07305798-0956241,6723.0,83.0,3.94,0.22,-0.7,0.08,2.73,0.19,Cz30,0.9997
07310054-0955235,6518.0,83.0,4.27,0.22,-0.49,0.08,2.75,0.23,Cz30,0.9957
07310552-0955317,6400.0,66.0,4.02,0.18,-0.72,0.06,2.46,,Cz30,0.9999
07310700-0958209,6640.0,82.0,3.94,0.22,-0.74,0.07,2.29,,Cz30,0.9788
07310814-0956390,6619.0,83.0,4.0,0.22,-0.11,0.08,3.03,0.18,Cz30,0.9758
07310824-0954558,6439.0,66.0,4.06,0.18,-0.4,0.05,2.7,0.13,Cz30,0.9927
07310828-0957560,6115.0,79.0,3.64,0.22,-0.76,0.08,2.17,,Cz30,0.9995
07310914-0959402,6218.0,84.0,4.38,0.22,-0.55,0.08,2.82,0.14,Cz30,0.9968
07310981-0957451,6078.0,64.0,3.76,0.18,-0.64,0.05,2.45,0.16,Cz30,0.9998
07310996-1000267,6436.0,64.0,3.95,0.18,-0.44,0.05,2.63,0.16,Cz30,0.9997
07311040-0959224,6570.0,67.0,4.1,0.17,-0.39,0.05,2.86,0.09,Cz30,0.9985
07311066-0956028,5219.0,66.0,3.69,0.17,-0.37,0.05,1.37,0.14,Cz30,0.9598
07311107-0956569,6414.0,80.0,4.43,0.22,-0.35,0.07,2.36,,Cz30,0.984
07311234-0956146,6556.0,65.0,4.1,0.17,-0.54,0.05,3.03,0.08,Cz30,0.9998
07311291-0956588,5868.0,64.0,3.84,0.17,-0.42,0.05,3.01,0.07,Cz30,0.9999
07311395-0956540,5144.0,64.0,3.56,0.17,-0.35,0.05,1.47,0.09,Cz30,1.0
07311688-0955539,6260.0,82.0,3.8,0.22,-0.26,0.08,2.41,0.28,Cz30,0.9976
07311821-0956022,6478.0,84.0,4.21,0.22,-0.6,0.08,2.53,0.23,Cz30,0.9996
07311904-0955502,6396.0,67.0,3.79,0.17,-0.21,0.06,3.19,0.08,Cz30,0.9999
07311906-0957226,6442.0,66.0,4.11,0.17,-0.64,0.05,2.74,0.15,Cz30,0.9996
07312023-0953426,6807.0,83.0,3.94,0.22,-0.66,0.08,2.87,,Cz30,0.9974
07312220-0959016,6727.0,85.0,3.81,0.22,-0.28,0.08,3.3,0.1,Cz30,0.9951
07312310-0953206,6495.0,83.0,4.18,0.21,-0.42,0.08,3.08,0.1,Cz30,0.9874
07305922-0958430,6319.0,84.0,3.78,0.22,-0.36,0.08,2.44,,Cz30,0.9993
07305990-0953197,6343.0,81.0,4.68,0.22,-0.28,0.08,3.09,0.14,Cz30,0.9994
07310232-1000227,6420.0,66.0,3.55,0.17,-0.61,0.05,2.24,,Cz30,0.9922
07310334-0956137,6513.0,65.0,4.11,0.17,-0.52,0.05,2.65,0.16,Cz30,0.9993
07310496-0956418,6362.0,64.0,3.77,0.18,-0.55,0.05,3.05,0.07,Cz30,0.9997
07310547-0957469,6197.0,66.0,4.25,0.17,-0.6,0.06,2.7,0.13,Cz30,0.9984
07310951-0956305,6192.0,84.0,3.74,0.22,-0.64,0.08,2.22,,Cz30,0.9998
07311060-0958211,6737.0,66.0,4.15,0.18,-0.33,0.05,3.03,0.1,Cz30,0.9991
07311145-0957094,6284.0,84.0,4.27,0.22,-0.37,0.07,2.7,0.18,Cz30,0.9997
07311183-1000357,6358.0,82.0,4.05,0.21,-0.52,0.07,2.65,,Cz30,0.9804
07311352-0957445,6827.0,66.0,3.92,0.17,-0.38,0.05,3.29,0.08,Cz30,0.9996
07311697-0956152,6237.0,65.0,3.72,0.17,-0.24,0.05,2.69,0.08,Cz30,0.9975
07311825-0957110,6575.0,64.0,4.22,0.17,-0.61,0.06,2.66,0.13,Cz30,0.9998
07311975-0958304,6383.0,65.0,4.27,0.17,-0.27,0.05,3.05,0.09,Cz30,0.9995
07312180-0956008,6070.0,83.0,4.1,0.21,-0.4,0.08,2.54,0.2,Cz30,0.9929
07310059-0957221,5003.0,31.0,2.48,0.05,-0.33,0.05,0.15,,Cz30,0.9999
07310653-0956001,4872.0,30.0,2.62,0.05,-0.32,0.05,-0.4,,Cz30,1.0
07310684-1000232,4964.0,31.0,2.6,0.05,-0.31,0.05,0.23,,Cz30,1.0
07310726-0955033,4997.0,31.0,2.56,0.05,-0.34,0.06,0.32,,Cz30,0.9998
07310746-0955511,4951.0,31.0,2.55,0.05,-0.32,0.05,-0.06,,Cz30,1.0
07310960-0957183,4864.0,30.0,2.67,0.05,-0.31,0.05,1.23,0.04,Cz30,0.9988
07311072-0956335,5020.0,31.0,2.42,0.05,-0.37,0.05,0.4,,Cz30,0.9667
10024405-6446231,5061.0,65.0,2.99,0.17,-0.18,0.05,1.06,,ESO92_05,0.9964
10025026-6444244,5037.0,82.0,3.06,0.22,-1.09,0.08,1.69,0.19,ESO92_05,0.9993
10030969-6444066,4939.0,66.0,3.06,0.18,-0.77,0.05,1.06,,ESO92_05,0.9988
10031326-6447249,4626.0,63.0,2.26,0.17,-0.55,0.05,0.27,0.22,ESO92_05,0.9999
10031427-6444317,4841.0,65.0,3.02,0.17,-0.84,0.05,1.15,0.18,ESO92_05,0.9997
10031777-6445059,4930.0,65.0,3.12,0.18,-0.47,0.06,1.08,0.25,ESO92_05,0.9996
10033203-6445560,5000.0,80.0,4.03,0.22,-0.38,0.08,1.13,,ESO92_05,0.9987
10033650-6444361,4779.0,63.0,2.74,0.17,-0.41,0.05,0.64,,ESO92_05,0.9999
10035037-6446152,4914.0,63.0,2.99,0.17,-0.44,0.06,1.03,0.2,ESO92_05,0.9995
10030045-6446216,4999.0,33.0,2.54,0.05,-0.27,0.05,0.57,,ESO92_05,0.9998
10032565-6446376,4975.0,34.0,2.43,0.05,-0.3,0.05,1.02,,ESO92_05,0.9999
10030258-6446182,4944.0,64.0,2.93,0.17,-0.38,0.06,0.51,0.92,ESO92_05,0.9936
10030553-6443550,5004.0,63.0,3.47,0.17,-0.3,0.06,1.01,0.28,ESO92_05,0.9997
10030000-6444018,5911.0,83.0,3.33,0.22,-0.29,0.08,2.82,0.19,ESO92_05,0.9923
10031710-6444488,5925.0,82.0,4.12,0.22,-0.59,0.08,2.39,0.28,ESO92_05,0.9924
10030857-6442198,4535.0,34.0,2.18,0.06,-0.39,0.05,0.22,,ESO92_05,0.9995
10025724-6444299,4908.0,64.0,3.29,0.18,-0.43,0.05,1.44,0.16,ESO92_05,0.9992
10032083-6443465,4841.0,64.0,3.01,0.18,-0.42,0.05,0.99,0.3,ESO92_05,0.9781
07281554-1519217,5660.0,82.0,3.39,0.22,-0.62,0.08,2.3,0.18,Haf10,1.0
07281614-1522328,4950.0,82.0,3.1,0.22,-0.09,0.08,1.26,0.4,Haf10,0.9974
07282037-1522546,6321.0,66.0,4.13,0.17,-0.06,0.05,3.16,0.07,Haf10,1.0
07282383-1520446,6221.0,66.0,4.04,0.18,-0.19,0.05,3.01,0.07,Haf10,1.0
07282535-1522215,6353.0,63.0,4.42,0.18,-0.24,0.06,2.51,0.15,Haf10,1.0
07282538-1524180,6281.0,65.0,4.33,0.17,-0.08,0.05,2.8,0.15,Haf10,0.999
07282567-1526530,6329.0,70.0,4.05,0.21,-0.12,0.05,3.0,0.12,Haf10,0.9999
07282620-1524306,6390.0,65.0,3.91,0.18,-0.22,0.05,2.55,0.11,Haf10,1.0
07282635-1523214,5126.0,65.0,3.52,0.17,-0.11,0.05,0.73,0.27,Haf10,1.0
07282659-1521104,5518.0,83.0,3.74,0.22,-0.53,0.07,2.33,0.16,Haf10,0.9965
07282661-1524598,6115.0,83.0,4.57,0.22,0.16,0.08,2.76,0.2,Haf10,1.0
07282800-1521206,6284.0,84.0,4.12,0.22,-0.44,0.07,2.92,0.19,Haf10,0.9991
07282813-1522036,4596.0,30.0,2.47,0.05,-0.09,0.05,-0.39,,Haf10,1.0
07282917-1520365,6243.0,64.0,4.31,0.18,-0.77,0.06,2.69,0.13,Haf10,0.9707
07283067-1522132,6188.0,66.0,4.27,0.17,-0.29,0.05,2.83,0.1,Haf10,1.0
07283120-1522332,5980.0,67.0,4.3,0.21,-0.15,0.06,2.34,0.18,Haf10,1.0
07283137-1520283,6055.0,69.0,4.29,0.21,-0.48,0.06,2.68,0.16,Haf10,1.0
07283203-1524361,6536.0,95.0,4.17,0.26,-0.87,0.16,2.27,,Haf10,0.9999
07283255-1520390,5884.0,81.0,4.0,0.22,-0.4,0.08,2.57,0.16,Haf10,1.0
07283311-1521246,4919.0,31.0,2.98,0.05,-0.06,0.05,0.73,0.07,Haf10,0.9999
07283319-1523111,6477.0,65.0,4.38,0.18,-0.23,0.05,2.05,,Haf10,1.0
07283338-1519535,6178.0,66.0,4.06,0.17,-0.28,0.06,3.16,0.07,Haf10,1.0
07283482-1522215,6699.0,65.0,4.32,0.17,-0.06,0.05,2.8,,Haf10,0.9999
07283515-1523368,6628.0,64.0,3.9,0.18,-0.13,0.05,2.42,0.23,Haf10,1.0
07283595-1522143,6307.0,65.0,4.59,0.17,-0.08,0.05,2.73,0.15,Haf10,0.9998
07283595-1523528,4917.0,31.0,2.97,0.05,-0.09,0.05,1.25,0.04,Haf10,1.0
07283668-1523419,6312.0,64.0,3.98,0.17,-0.18,0.05,2.08,0.24,Haf10,1.0
07283706-1516406,6488.0,66.0,4.16,0.18,-0.09,0.05,2.41,0.17,Haf10,1.0
07283857-1521323,4937.0,68.0,2.74,0.17,-0.09,0.06,1.01,,Haf10,1.0
07283904-1522301,4934.0,31.0,2.77,0.05,-0.16,0.05,0.21,,Haf10,1.0
07283989-1520141,5201.0,66.0,3.49,0.17,-0.19,0.06,1.41,0.14,Haf10,1.0
07284016-1522234,5743.0,62.0,4.27,0.18,-0.33,0.05,2.28,0.18,Haf10,0.9999
07284155-1523474,6305.0,66.0,3.94,0.17,-0.03,0.06,3.1,0.12,Haf10,1.0
07284185-1518461,6396.0,64.0,3.83,0.18,-0.14,0.05,3.0,0.09,Haf10,0.9996
07284391-1516511,6400.0,67.0,4.08,0.17,-0.24,0.05,2.61,0.12,Haf10,1.0
07284434-1519075,6651.0,83.0,3.72,0.22,0.19,0.08,2.82,,Haf10,0.9931
07284487-1520156,6372.0,66.0,4.05,0.17,-0.37,0.05,2.67,0.14,Haf10,0.997
07284667-1518060,4763.0,64.0,2.5,0.17,-0.47,0.06,0.58,0.17,Haf10,0.9918
07284756-1522320,6103.0,64.0,4.21,0.18,-0.26,0.05,2.87,0.11,Haf10,1.0
07284910-1523535,6134.0,67.0,4.32,0.17,-0.3,0.06,2.85,0.08,Haf10,0.9999
07285316-1522417,4712.0,61.0,2.53,0.17,-0.28,0.05,1.0,0.1,Haf10,0.9998
07285355-1516532,5820.0,81.0,3.38,0.21,-0.25,0.08,2.68,0.17,Haf10,0.9868
07285368-1524245,5757.0,84.0,3.98,0.22,-0.23,0.08,2.51,0.17,Haf10,1.0
07285564-1525077,6278.0,66.0,4.22,0.18,-0.18,0.05,2.37,0.19,Haf10,0.9983
07281499-1523033,6408.0,81.0,4.39,0.22,-0.24,0.08,3.05,0.15,Haf10,0.9997
07281629-1526566,6395.0,65.0,3.96,0.17,-0.26,0.05,1.77,,Haf10,1.0
07281693-1525410,5971.0,64.0,3.92,0.18,0.05,0.05,2.81,0.13,Haf10,1.0
07281755-1520047,5491.0,65.0,4.13,0.18,-0.89,0.05,1.96,0.17,Haf10,1.0
07281923-1519192,6342.0,67.0,3.84,0.18,-0.36,0.05,2.62,0.1,Haf10,1.0
07282074-1522115,5016.0,83.0,4.34,0.21,-0.77,0.08,2.27,0.16,Haf10,0.9999
07282193-1519335,5850.0,66.0,3.91,0.17,-0.45,0.06,2.82,0.1,Haf10,1.0
07282248-1524306,6895.0,73.0,4.1,0.21,-0.01,0.05,3.37,0.13,Haf10,0.9997
07282254-1519065,6421.0,76.0,4.0,0.18,-0.47,0.09,2.6,0.12,Haf10,0.9999
07282399-1519471,5886.0,65.0,4.25,0.17,-0.33,0.06,3.24,0.1,Haf10,0.9888
07282450-1523582,5882.0,66.0,4.26,0.17,-0.25,0.05,2.69,0.1,Haf10,1.0
07282540-1521398,6073.0,65.0,4.5,0.18,-0.11,0.05,2.66,0.13,Haf10,0.9999
07282559-1519072,6149.0,64.0,4.05,0.17,-0.42,0.05,2.66,0.12,Haf10,1.0
07282805-1516099,6042.0,64.0,4.62,0.17,-0.04,0.05,2.68,0.14,Haf10,1.0
07282842-1523258,6292.0,85.0,3.72,0.21,-0.44,0.08,2.69,0.19,Haf10,0.9886
07282910-1520424,6045.0,64.0,4.54,0.17,-0.26,0.05,2.91,0.1,Haf10,1.0
07283028-1522372,6312.0,64.0,4.25,0.18,-0.43,0.05,2.21,0.16,Haf10,1.0
07283067-1520203,6143.0,66.0,4.14,0.18,0.01,0.05,2.75,0.1,Haf10,1.0
07283081-1525019,6838.0,106.0,4.23,0.24,-0.05,0.09,3.18,0.13,Haf10,0.9919
07283186-1522172,6366.0,64.0,4.06,0.17,-0.29,0.06,3.13,0.06,Haf10,1.0
07283204-1519032,5988.0,65.0,3.77,0.17,-0.3,0.05,2.34,0.22,Haf10,1.0
07283220-1526401,5974.0,63.0,4.37,0.18,-0.41,0.06,2.64,0.11,Haf10,1.0
07283380-1525160,6291.0,65.0,4.26,0.18,-0.26,0.05,2.29,0.2,Haf10,1.0
07283416-1523491,6529.0,66.0,4.22,0.17,-0.16,0.05,2.22,,Haf10,0.9995
07283443-1522218,5860.0,85.0,3.53,0.22,-0.49,0.07,2.44,0.21,Haf10,0.9909
07283464-1523144,6385.0,64.0,3.96,0.17,-0.09,0.05,2.85,0.1,Haf10,1.0
07283486-1522457,6308.0,64.0,3.97,0.17,-0.26,0.06,2.06,0.24,Haf10,1.0
07283573-1523255,5859.0,64.0,4.24,0.18,-0.21,0.05,2.5,0.16,Haf10,1.0
07283600-1520570,6360.0,65.0,3.88,0.17,-0.28,0.05,2.17,0.3,Haf10,1.0
07283623-1521129,6224.0,64.0,4.18,0.17,-0.26,0.06,2.19,,Haf10,1.0
07283663-1522113,4785.0,64.0,2.5,0.17,-0.13,0.05,0.21,0.16,Haf10,1.0
07283741-1522429,6259.0,67.0,4.28,0.18,-0.37,0.05,2.17,0.21,Haf10,1.0
07283858-1520595,6119.0,66.0,3.99,0.17,-0.33,0.05,2.27,,Haf10,1.0
07283861-1522063,6386.0,68.0,4.05,0.17,-0.24,0.05,2.4,0.14,Haf10,1.0
07283910-1523499,6266.0,64.0,4.23,0.17,-0.3,0.05,2.32,,Haf10,1.0
07283942-1521186,6292.0,66.0,4.07,0.18,-0.18,0.05,2.37,0.16,Haf10,1.0
07284013-1522096,6110.0,71.0,4.02,0.21,-0.14,0.06,2.54,0.2,Haf10,0.9999
07284034-1516276,5799.0,64.0,4.22,0.17,-0.14,0.06,2.75,0.1,Haf10,0.976
07284039-1518085,6013.0,82.0,4.54,0.21,0.06,0.08,3.05,0.14,Haf10,0.9921
07284079-1517537,6337.0,65.0,4.19,0.17,-0.17,0.05,2.28,0.19,Haf10,1.0
07284214-1519269,6293.0,62.0,4.27,0.18,-0.32,0.06,2.46,0.15,Haf10,1.0
07284310-1527438,6057.0,65.0,4.22,0.18,-0.3,0.06,2.81,0.12,Haf10,1.0
07284379-1521475,6292.0,64.0,4.21,0.18,-0.23,0.05,2.12,0.35,Haf10,1.0
07284383-1516452,6095.0,63.0,3.85,0.17,-0.28,0.06,3.03,0.06,Haf10,1.0
07284448-1524273,5974.0,65.0,4.04,0.17,-0.37,0.06,2.74,0.1,Haf10,1.0
07284459-1521285,6334.0,65.0,4.0,0.17,-0.43,0.05,2.64,0.09,Haf10,1.0
07284467-1521000,5365.0,80.0,3.94,0.22,-0.56,0.08,1.88,0.23,Haf10,1.0
07284509-1522229,5060.0,66.0,3.2,0.18,-0.22,0.06,1.2,0.1,Haf10,1.0
07284886-1522215,5993.0,66.0,4.45,0.18,-0.4,0.05,2.55,0.14,Haf10,1.0
07285168-1519545,4834.0,64.0,2.54,0.17,-0.15,0.05,0.88,,Haf10,1.0
07285521-1521189,6321.0,66.0,4.03,0.17,-0.3,0.05,2.55,0.15,Haf10,1.0
07281698-1521455,6137.0,67.0,4.37,0.18,-0.35,0.05,2.31,0.15,Haf10,1.0
07281903-1519511,5655.0,65.0,4.35,0.17,-0.6,0.05,2.67,0.1,Haf10,1.0
07282099-1523014,6834.0,111.0,4.12,0.23,-0.03,0.09,2.87,0.14,Haf10,0.9989
07282159-1521369,6066.0,71.0,4.21,0.21,-0.28,0.05,2.68,0.11,Haf10,1.0
07282294-1524522,6499.0,64.0,4.21,0.17,-0.19,0.05,3.11,0.08,Haf10,0.9999
07282316-1521535,5662.0,81.0,3.81,0.21,-0.48,0.08,1.98,0.35,Haf10,0.9975
07282445-1517401,6409.0,83.0,3.68,0.22,-0.01,0.08,3.29,0.14,Haf10,0.9953
07282484-1522573,5750.0,66.0,4.25,0.17,-0.38,0.06,2.04,0.26,Haf10,1.0
07282608-1519510,5715.0,65.0,4.39,0.17,-0.8,0.05,2.51,0.11,Haf10,1.0
07282621-1520156,5970.0,105.0,3.51,0.34,-0.68,0.1,2.5,0.2,Haf10,0.9986
07282633-1519280,5726.0,67.0,4.3,0.21,-0.4,0.05,2.14,0.21,Haf10,0.9996
07282705-1523338,6283.0,64.0,4.13,0.17,-0.21,0.05,2.2,0.14,Haf10,1.0
07282751-1524545,6086.0,65.0,4.69,0.18,-0.41,0.05,3.05,0.1,Haf10,1.0
07282832-1524152,6068.0,83.0,4.8,0.22,-0.24,0.08,2.75,0.15,Haf10,0.9998
07282873-1523553,6308.0,65.0,3.86,0.17,-0.24,0.05,1.72,,Haf10,1.0
07282874-1522482,6375.0,63.0,4.26,0.17,-0.38,0.05,2.35,,Haf10,1.0
07282955-1520095,6339.0,67.0,4.33,0.17,-0.25,0.05,2.37,,Haf10,1.0
07283145-1519285,6237.0,63.0,4.15,0.18,-0.22,0.05,2.79,0.1,Haf10,1.0
07283151-1522099,6362.0,65.0,4.08,0.17,-0.08,0.05,2.47,0.12,Haf10,1.0
07283268-1522476,6257.0,65.0,3.91,0.17,-0.37,0.05,1.76,,Haf10,1.0
07283302-1522147,5727.0,66.0,4.45,0.18,-0.52,0.05,2.42,0.12,Haf10,1.0
07283307-1520323,6268.0,64.0,4.14,0.17,-0.25,0.05,2.28,0.18,Haf10,1.0
07283357-1520044,6233.0,64.0,3.92,0.18,-0.33,0.06,3.02,0.06,Haf10,1.0
07283429-1520156,6465.0,64.0,3.84,0.17,-0.31,0.06,2.65,0.12,Haf10,0.967
07283442-1522319,6303.0,77.0,3.83,0.18,-0.11,0.09,2.04,0.31,Haf10,1.0
07283446-1524055,6656.0,67.0,4.11,0.18,-0.39,0.05,2.51,0.15,Haf10,1.0
07283487-1521113,6088.0,71.0,4.23,0.21,-0.57,0.05,2.49,0.15,Haf10,1.0
07283504-1520075,6070.0,65.0,3.85,0.17,-0.35,0.06,2.59,0.12,Haf10,1.0
07283605-1522559,5340.0,81.0,4.56,0.22,-0.85,0.07,1.73,0.3,Haf10,0.9953
07283664-1520066,6406.0,65.0,4.15,0.18,-0.07,0.06,2.48,0.21,Haf10,0.9962
07283750-1520356,6380.0,67.0,4.12,0.17,-0.35,0.05,3.17,0.07,Haf10,1.0
07283777-1521167,6211.0,66.0,4.32,0.17,-0.03,0.05,3.12,0.07,Haf10,1.0
07283790-1520595,5980.0,82.0,4.57,0.22,-0.25,0.08,2.46,,Haf10,1.0
07283872-1527331,6077.0,66.0,3.98,0.17,-0.25,0.05,2.82,0.1,Haf10,1.0
07283877-1521250,6085.0,65.0,4.22,0.18,-0.54,0.05,2.2,,Haf10,1.0
07283891-1521367,6248.0,63.0,4.15,0.17,-0.28,0.05,2.48,0.11,Haf10,1.0
07283919-1524332,6709.0,78.0,4.31,0.18,-0.06,0.09,2.28,,Haf10,1.0
07283950-1523031,6386.0,64.0,3.96,0.17,-0.15,0.05,2.47,0.15,Haf10,1.0
07284004-1518362,6218.0,81.0,3.98,0.22,0.08,0.08,3.07,0.13,Haf10,1.0
07284004-1522202,6319.0,64.0,4.2,0.17,-0.12,0.05,2.49,0.09,Haf10,1.0
07284063-1519547,5948.0,66.0,4.61,0.17,-0.18,0.05,2.44,0.09,Haf10,0.9775
07284314-1522103,6524.0,67.0,4.28,0.17,0.19,0.06,3.19,0.06,Haf10,1.0
07284367-1518578,6026.0,64.0,4.08,0.17,-0.31,0.05,2.63,0.11,Haf10,0.9999
07284556-1523132,5601.0,79.0,3.85,0.22,-0.5,0.08,1.98,,Haf10,1.0
07284574-1521297,5678.0,70.0,4.36,0.21,-0.54,0.05,2.2,0.19,Haf10,1.0
07284596-1521159,5841.0,66.0,4.33,0.18,-0.42,0.06,2.36,0.14,Haf10,0.9997
07284597-1522311,6069.0,76.0,4.19,0.18,-0.26,0.1,2.26,0.19,Haf10,1.0
07284629-1523033,6389.0,66.0,4.16,0.17,-0.46,0.06,2.45,0.14,Haf10,1.0
07284662-1526361,5547.0,81.0,3.91,0.22,-0.21,0.08,2.07,0.21,Haf10,0.9953
07284705-1519587,6409.0,65.0,4.12,0.17,-0.26,0.06,2.37,,Haf10,1.0
07284759-1518077,6069.0,65.0,4.07,0.17,-0.33,0.05,2.75,0.11,Haf10,1.0
07284762-1519502,6290.0,64.0,4.04,0.17,-0.3,0.05,2.64,0.14,Haf10,1.0
07284772-1524013,5907.0,65.0,3.77,0.17,-0.37,0.05,2.49,0.14,Haf10,1.0
07284931-1524214,6246.0,66.0,3.78,0.17,-0.63,0.05,2.63,0.13,Haf10,1.0
07285556-1519597,5728.0,66.0,4.29,0.17,-0.37,0.05,2.59,0.14,Haf10,1.0
07281569-1523243,6816.0,72.0,4.35,0.21,-0.18,0.05,3.11,0.11,Haf10,0.9923
07282250-1521237,6308.0,64.0,4.14,0.17,-0.2,0.05,2.69,0.06,Haf10,1.0
07282668-1526155,6424.0,73.0,4.22,0.21,-0.15,0.05,2.66,0.14,Haf10,0.9995
07282751-1524005,6229.0,66.0,4.22,0.17,-0.64,0.06,2.07,0.17,Haf10,0.9977
07282956-1526001,6219.0,65.0,4.08,0.17,-0.07,0.05,3.07,0.09,Haf10,0.9999
07283096-1519392,6128.0,65.0,4.02,0.17,-0.29,0.05,2.68,0.09,Haf10,1.0
07283103-1522296,5848.0,66.0,4.07,0.17,-0.83,0.05,2.21,0.15,Haf10,1.0
07283180-1521203,6013.0,64.0,4.12,0.18,-0.27,0.05,2.86,0.09,Haf10,1.0
07283197-1518511,6398.0,66.0,4.36,0.18,-0.25,0.06,2.48,0.13,Haf10,0.9998
07283204-1520493,5923.0,63.0,4.38,0.17,-0.24,0.06,2.95,0.1,Haf10,1.0
07283208-1521576,6269.0,75.0,4.2,0.18,-0.43,0.09,2.14,0.22,Haf10,1.0
07283546-1521295,6105.0,65.0,4.09,0.17,-0.24,0.06,2.51,0.11,Haf10,1.0
07283593-1522417,6424.0,65.0,4.12,0.17,-0.21,0.05,2.14,,Haf10,1.0
07283637-1522250,6139.0,64.0,4.14,0.17,-0.25,0.05,2.95,0.06,Haf10,0.999
07283641-1521415,6226.0,68.0,4.43,0.17,-0.44,0.05,2.73,0.1,Haf10,0.9999
07283652-1519048,6486.0,66.0,4.08,0.18,-0.16,0.06,2.35,,Haf10,1.0
07283691-1524148,6334.0,64.0,4.33,0.17,-0.21,0.06,2.13,0.16,Haf10,0.9998
07283715-1520361,6154.0,66.0,4.03,0.18,-0.22,0.05,3.18,0.06,Haf10,1.0
07283738-1520511,4987.0,64.0,2.94,0.17,-0.17,0.06,0.24,0.57,Haf10,0.9997
07283789-1522145,6294.0,64.0,3.99,0.18,-0.35,0.05,2.46,0.12,Haf10,0.9993
07283818-1524515,6352.0,65.0,4.16,0.18,-0.09,0.05,3.12,0.08,Haf10,1.0
07283823-1522342,6749.0,65.0,3.86,0.18,0.18,0.05,3.5,0.08,Haf10,0.9995
07283932-1527131,6600.0,65.0,3.65,0.17,-0.05,0.05,2.82,0.12,Haf10,0.9951
07283933-1527335,5019.0,65.0,3.3,0.17,-0.29,0.06,0.49,0.26,Haf10,1.0
07283981-1521242,6440.0,66.0,4.22,0.17,-0.18,0.06,2.66,0.12,Haf10,1.0
07284015-1520424,6036.0,65.0,4.21,0.18,-0.24,0.05,2.54,0.11,Haf10,1.0
07284045-1518525,6149.0,63.0,4.26,0.17,0.01,0.05,2.23,0.33,Haf10,1.0
07284098-1523287,6201.0,78.0,4.08,0.18,-0.16,0.09,1.95,0.19,Haf10,1.0
07284122-1522405,5926.0,67.0,4.19,0.17,-0.57,0.05,2.29,0.19,Haf10,0.9999
07284139-1520510,5733.0,70.0,4.15,0.21,-0.65,0.05,2.67,0.13,Haf10,1.0
07284256-1519514,6266.0,65.0,4.06,0.17,0.03,0.05,2.99,0.1,Haf10,1.0
07284260-1521440,6145.0,65.0,4.1,0.18,-0.22,0.06,2.73,0.1,Haf10,1.0
07284486-1522358,5914.0,75.0,4.64,0.18,-0.14,0.1,2.88,0.1,Haf10,0.9962
07284531-1520232,6017.0,65.0,4.05,0.17,-0.33,0.05,2.72,0.1,Haf10,1.0
07284583-1523375,5541.0,69.0,4.39,0.22,-0.4,0.05,2.23,0.12,Haf10,1.0
07284590-1523132,5934.0,66.0,4.1,0.17,-0.44,0.05,2.69,0.1,Haf10,0.9999
07284784-1521479,6080.0,66.0,4.58,0.17,-0.02,0.06,2.69,0.1,Haf10,1.0
07284952-1519107,6247.0,65.0,3.84,0.17,-0.25,0.05,1.77,0.3,Haf10,1.0
07285010-1522416,6472.0,65.0,4.13,0.17,-0.08,0.05,2.87,0.09,Haf10,0.9993
07282468-1522032,4551.0,30.0,2.32,0.05,-0.1,0.05,0.22,0.04,Haf10,1.0
07283029-1520595,4592.0,31.0,2.02,0.05,-0.14,0.05,0.74,0.05,Haf10,0.9999
07283032-1521557,4892.0,31.0,2.78,0.05,-0.05,0.05,-0.22,,Haf10,1.0
07283486-1520379,4940.0,30.0,2.77,0.05,-0.13,0.05,0.54,,Haf10,1.0
07283657-1521522,4575.0,31.0,2.36,0.05,-0.14,0.05,0.33,0.06,Haf10,1.0
07283773-1521542,4721.0,30.0,2.57,0.05,-0.11,0.05,-0.4,0.32,Haf10,1.0
07283824-1520189,4931.0,30.0,2.78,0.05,-0.13,0.05,0.36,,Haf10,1.0
07284186-1522556,4873.0,32.0,2.7,0.05,-0.14,0.05,0.42,0.08,Haf10,1.0
08400624-5338069,5815.0,58.0,4.37,0.1,0.11,0.11,3.01,0.05,IC2391,0.9965
08423068-5257345,3856.33,60.26,4.64,0.09,0.0,0.08,0.24,0.14,IC2391,0.9999
08400164-5242126,7007.2,500.0,2.75,1.2,-0.21,0.2,3.16,0.37,IC2391,0.9996
08365498-5308342,5250.0,31.0,4.47,0.05,-0.1,0.05,2.73,0.04,IC2391,0.9999
08440521-5253171,5823.0,38.0,4.44,0.06,-0.09,0.08,3.29,0.04,IC2391,0.9898
10451855-6332265,3998.68,61.81,4.59,0.06,0.02,0.02,0.0,0.2,IC2602,0.9998
10452826-6413450,6873.0,65.0,4.03,0.1,-0.27,0.11,3.42,0.04,IC2602,0.9992
10442256-6415301,5812.0,31.0,4.47,0.05,-0.04,0.06,3.13,0.03,IC2602,0.9999
10440681-6359351,5766.0,36.0,4.43,0.05,-0.04,0.05,3.3,0.04,IC2602,0.9998
10381766-6408065,5832.0,58.0,4.41,0.1,0.03,0.11,3.3,0.05,IC2602,0.9998
10284372-6435392,6858.0,44.0,4.07,0.07,0.06,0.05,3.32,0.03,IC2602,0.9988
10430024-6530179,5376.0,80.0,4.47,0.07,-0.03,0.06,2.87,0.09,IC2602,0.9997
10345408-6408452,3928.14,60.01,4.54,0.07,0.03,0.01,0.88,0.07,IC2602,0.9998
10420708-6446079,5248.0,82.0,4.16,0.13,0.05,0.05,2.3,0.09,IC2602,0.9999
17453881+0536232,6324.0,59.0,3.93,0.1,0.07,0.12,3.28,0.04,IC4665,0.9999
17445810+0551329,5358.0,35.0,4.44,0.05,-0.06,0.06,2.94,0.04,IC4665,1.0
17471544+0556358,5719.0,56.0,4.37,0.1,0.06,0.12,3.72,0.06,IC4665,0.9998
17480498+0548421,5151.0,56.0,4.52,0.1,-0.04,0.11,2.93,0.07,IC4665,0.9999
17442711+0547196,5440.0,38.0,4.57,0.06,-0.03,0.08,3.13,0.05,IC4665,1.0
17473331+0531460,5762.0,56.0,4.36,0.09,0.01,0.11,3.58,0.06,IC4665,0.9999
17451940+0547401,5194.0,36.0,4.47,0.05,-0.02,0.05,3.0,0.05,IC4665,1.0
17463149+0605280,6133.0,58.0,4.18,0.1,0.06,0.11,3.37,0.05,IC4665,0.9999
17462383+0602344,3941.54,61.8,4.51,0.08,0.1,0.05,0.05,0.22,IC4665,1.0
17455598+0602542,5680.0,37.0,4.38,0.06,0.0,0.05,3.54,0.04,IC4665,0.9998
17474403+0521592,5674.0,85.0,4.37,0.09,0.14,0.05,3.38,0.09,IC4665,1.0
17462473+0517214,6074.0,57.0,4.36,0.1,0.08,0.11,3.35,0.05,IC4665,1.0
08511268+1152422,4616.0,34.0,2.47,0.05,0.01,0.06,-0.56,0.25,M67,1.0
08512898+1150330,4585.0,35.0,2.43,0.05,-0.02,0.06,-0.43,0.16,M67,1.0
08514235+1151229,4640.0,35.0,2.68,0.05,-0.03,0.06,-0.29,,M67,1.0
08514507+1147459,4713.0,36.0,2.84,0.05,0.04,0.06,-0.47,,M67,1.0
08511711+1148160,4379.0,36.0,2.31,0.06,-0.03,0.06,-0.52,0.11,M67,0.9998
08511748+1145225,4241.0,38.0,1.57,0.06,-0.14,0.06,-1.0,,M67,1.0
08512283+1148015,4602.0,35.0,2.44,0.05,0.02,0.06,-0.02,0.1,M67,1.0
08514233+1150075,4703.0,35.0,2.83,0.05,0.04,0.06,-0.04,,M67,0.9999
08504995+1149126,5263.0,35.0,3.7,0.05,-0.03,0.06,0.49,,M67,0.9999
08510017+1154321,5510.0,36.0,3.93,0.05,0.11,0.06,0.87,,M67,0.9999
08512934+1145274,5065.0,35.0,3.59,0.05,0.0,0.06,0.03,,M67,0.9999
08513600+1146333,5767.0,36.0,4.01,0.05,-0.02,0.06,2.68,0.03,M67,0.9993
08513740+1150052,6119.0,37.0,3.96,0.05,0.0,0.06,2.23,0.03,M67,0.9999
08514995+1149311,6080.0,37.0,3.93,0.05,-0.09,0.06,0.82,,M67,0.9998
08511854+1149214,6100.0,37.0,3.93,0.05,-0.01,0.06,1.11,,M67,0.9999
08513239+1148010,5507.0,35.0,3.86,0.05,-0.01,0.06,0.79,,M67,0.9998
08513539+1157562,5668.0,35.0,4.02,0.05,0.06,0.06,0.95,,M67,0.9999
08513922+1150037,6196.0,38.0,4.05,0.05,-0.01,0.06,1.93,,M67,0.9999
08513937+1151455,4847.0,36.0,3.1,0.05,0.01,0.06,-0.49,,M67,0.9999
08514399+1146243,5665.0,35.0,4.02,0.05,0.03,0.06,0.55,,M67,1.0
08514473+1146458,5073.0,35.0,3.64,0.05,0.01,0.06,-0.01,,M67,1.0
08505344+1144346,5900.0,64.0,4.45,0.17,-0.01,0.06,1.86,0.06,M67,1.0
08505666+1149546,5749.0,64.0,4.4,0.18,0.01,0.05,1.54,0.12,M67,0.9999
08505707+1156507,5610.0,65.0,4.52,0.17,-0.04,0.05,0.71,1.02,M67,0.9986
08505835+1158148,5831.0,63.0,4.4,0.18,-0.08,0.05,1.36,0.18,M67,0.991
08505849+1159394,5889.0,64.0,4.36,0.17,-0.02,0.05,2.15,0.07,M67,0.9998
08505923+1156368,6104.0,64.0,4.24,0.17,-0.07,0.05,2.41,0.05,M67,0.9999
08505981+1151126,5686.0,63.0,4.45,0.18,-0.03,0.05,1.24,0.18,M67,1.0
08510076+1153114,5702.0,64.0,4.46,0.17,-0.04,0.06,1.58,0.1,M67,1.0
08510205+1145191,5478.0,67.0,4.44,0.17,-0.09,0.06,0.91,0.29,M67,0.9999
08510299+1152257,5578.0,63.0,4.59,0.17,-0.12,0.05,1.43,0.1,M67,0.9999
08510751+1152561,6059.0,65.0,4.38,0.17,0.06,0.05,2.68,0.05,M67,0.9996
08510795+1158533,5740.0,64.0,4.38,0.17,-0.03,0.05,1.48,0.12,M67,0.9999
08510885+1157536,5992.0,65.0,4.46,0.17,-0.01,0.05,1.64,0.12,M67,0.9992
08510914+1157003,5843.0,64.0,4.42,0.17,-0.03,0.05,1.8,0.08,M67,0.9999
08510991+1146169,5797.0,65.0,4.4,0.17,-0.01,0.05,1.65,0.08,M67,0.9981
08511078+1139509,5730.0,64.0,4.48,0.17,-0.03,0.06,1.48,0.12,M67,0.9928
08511203+1148266,5663.0,63.0,4.47,0.17,-0.09,0.06,0.87,0.44,M67,1.0
08511229+1154230,5952.0,65.0,4.41,0.17,0.09,0.06,2.19,0.07,M67,1.0
08511299+1157009,5895.0,65.0,4.43,0.17,0.07,0.06,1.97,0.07,M67,0.9999
08511434+1141092,5907.0,66.0,4.44,0.17,-0.03,0.05,1.69,0.1,M67,0.9999
08511505+1149210,5975.0,66.0,4.38,0.17,0.05,0.05,2.26,0.06,M67,0.9999
08511810+1142547,6095.0,65.0,4.21,0.18,0.03,0.05,2.7,0.05,M67,1.0
08511826+1150196,5818.0,67.0,4.47,0.18,-0.1,0.05,1.44,,M67,0.9998
08511872+1155497,5958.0,64.0,4.41,0.17,0.04,0.06,2.3,0.06,M67,0.9999
08511905+1140157,6130.0,65.0,4.28,0.18,-0.01,0.05,2.49,0.05,M67,1.0
08512079+1139401,6075.0,65.0,4.28,0.17,0.13,0.05,2.73,0.05,M67,0.9999
08512177+1144050,5818.0,64.0,4.46,0.17,0.0,0.05,1.99,0.06,M67,0.9999
08512184+1143177,5840.0,65.0,4.38,0.17,-0.02,0.06,1.64,0.09,M67,1.0
08512314+1154050,5974.0,64.0,4.41,0.17,0.09,0.06,2.26,0.06,M67,0.9999
08512387+1138521,5853.0,66.0,4.38,0.17,-0.01,0.06,1.04,0.42,M67,1.0
08512412+1147093,5954.0,64.0,4.39,0.17,0.04,0.05,2.32,0.06,M67,0.9993
08512430+1147283,5552.0,65.0,4.51,0.17,-0.1,0.05,1.41,0.1,M67,0.9998
08512499+1145429,6058.0,66.0,4.29,0.17,-0.01,0.05,1.36,0.19,M67,1.0
08512649+1138369,6070.0,65.0,4.26,0.18,0.01,0.05,2.62,0.05,M67,1.0
08512749+1153025,6087.0,63.0,4.33,0.17,0.06,0.05,2.46,0.05,M67,1.0
08512789+1155409,5985.0,65.0,4.38,0.17,0.09,0.05,2.43,0.06,M67,0.9993
08512794+1150118,5911.0,64.0,4.42,0.17,0.08,0.05,1.46,0.13,M67,0.9999
08512870+1148021,5877.0,65.0,4.34,0.17,-0.09,0.05,2.29,0.06,M67,0.9995
08512996+1151090,5958.0,63.0,4.35,0.18,0.06,0.05,2.32,0.06,M67,1.0
08513013+1143498,6081.0,65.0,4.35,0.17,-0.02,0.05,2.48,0.05,M67,1.0
08513057+1148547,6024.0,64.0,4.29,0.18,0.0,0.05,2.19,0.06,M67,0.9999
08513192+1151166,6003.0,64.0,4.4,0.17,-0.06,0.05,2.38,0.06,M67,0.9999
08513206+1155086,5943.0,65.0,4.39,0.17,-0.05,0.06,2.32,0.07,M67,0.9998
08513238+1146456,5774.0,67.0,4.46,0.18,-0.05,0.05,1.57,0.1,M67,0.9973
08513258+1148241,5968.0,64.0,4.37,0.17,0.06,0.05,2.28,0.06,M67,0.9999
08513412+1146557,6009.0,64.0,4.39,0.18,0.08,0.06,2.22,0.06,M67,0.9998
08513445+1137574,6085.0,66.0,4.19,0.18,0.0,0.06,2.08,0.06,M67,0.9998
08513607+1147470,5870.0,66.0,4.39,0.17,0.02,0.06,1.79,0.08,M67,0.9999
08513615+1138563,6028.0,64.0,4.39,0.18,-0.05,0.05,2.5,0.05,M67,0.9999
08513758+1156445,5920.0,64.0,4.44,0.18,0.1,0.05,2.3,0.06,M67,0.9999
08513874+1142373,6017.0,63.0,4.37,0.17,-0.05,0.06,2.39,0.06,M67,1.0
08513905+1147553,5870.0,66.0,4.39,0.18,-0.03,0.05,1.71,0.08,M67,0.9999
08513941+1200571,5792.0,66.0,4.41,0.18,-0.02,0.05,1.49,0.13,M67,0.9996
08514007+1152433,6044.0,65.0,4.31,0.18,-0.02,0.06,2.79,0.05,M67,0.9938
08514150+1147361,5963.0,66.0,4.47,0.17,0.09,0.05,2.23,0.06,M67,0.9991
08514280+1159310,5988.0,66.0,4.44,0.18,-0.03,0.06,2.42,0.06,M67,0.9999
08514493+1138589,6130.0,64.0,4.26,0.17,0.03,0.05,2.71,0.05,M67,0.9998
08514847+1142228,5964.0,67.0,4.35,0.17,-0.04,0.05,2.38,0.07,M67,0.983
08514895+1148021,5893.0,63.0,4.43,0.18,0.06,0.05,1.84,0.07,M67,1.0
08515022+1144570,5918.0,65.0,4.34,0.18,-0.04,0.06,2.29,0.06,M67,0.9999
08515309+1140536,6005.0,65.0,4.29,0.17,-0.12,0.05,2.71,0.06,M67,0.9999
08515516+1139401,5926.0,65.0,4.44,0.17,0.06,0.05,1.89,0.09,M67,1.0
08515559+1148381,5794.0,64.0,4.43,0.18,-0.04,0.05,1.56,0.1,M67,0.9998
08515659+1147249,5896.0,64.0,4.41,0.17,-0.01,0.05,1.9,0.07,M67,0.9999
08515877+1150024,5757.0,66.0,4.41,0.18,-0.06,0.06,1.65,0.08,M67,0.9952
08520041+1156070,5939.0,67.0,4.43,0.18,0.09,0.05,1.75,0.1,M67,1.0
08520247+1155342,5729.0,65.0,4.46,0.18,-0.02,0.05,1.28,0.18,M67,0.9987
08520330+1158046,6045.0,66.0,4.43,0.17,0.08,0.05,2.39,0.06,M67,0.9999
08520350+1147480,5875.0,66.0,4.47,0.17,-0.03,0.05,1.21,0.24,M67,0.9999
08520511+1146213,5667.0,63.0,4.45,0.17,0.07,0.05,1.01,0.49,M67,0.9718
08520845+1148104,5691.0,64.0,4.49,0.17,0.03,0.05,1.31,0.14,M67,1.0
08505600+1153519,6116.0,37.0,4.11,0.05,-0.04,0.06,2.57,0.04,M67,0.9997
08510080+1148527,5755.0,36.0,4.31,0.05,0.0,0.06,1.25,0.08,M67,0.9999
08510524+1149340,6078.0,37.0,4.1,0.05,-0.08,0.06,2.56,0.04,M67,0.9997
08510969+1159096,6091.0,37.0,4.07,0.05,-0.07,0.06,2.85,0.03,M67,0.9985
08514081+1149055,6123.0,36.0,4.17,0.05,-0.03,0.06,2.62,0.03,M67,1.0
08505182+1156559,6108.0,36.0,3.88,0.05,-0.09,0.06,1.26,,M67,0.9999
08512012+1146417,6173.0,37.0,3.91,0.05,-0.08,0.06,2.07,0.04,M67,0.9999
08513322+1148513,6103.0,37.0,3.95,0.05,-0.06,0.06,1.38,,M67,0.9881
08514122+1154290,6195.0,36.0,3.9,0.05,-0.05,0.06,2.0,0.05,M67,1.0
08510325+1145473,6074.0,37.0,3.94,0.05,0.0,0.06,1.4,0.07,M67,0.9999
08510838+1147121,4939.0,35.0,3.35,0.05,0.05,0.06,0.09,0.12,M67,1.0
08513045+1148582,4794.0,36.0,3.02,0.05,-0.08,0.06,-0.32,,M67,0.9962
08513577+1153347,4932.0,35.0,3.28,0.05,0.0,0.06,0.12,0.1,M67,0.9999
06023504+1027053,6296.0,65.0,4.05,0.18,-0.11,0.05,3.28,0.06,NGC2141,0.9999
06023616+1028112,6486.0,66.0,4.22,0.18,-0.08,0.05,2.42,,NGC2141,0.9999
06023767+1027112,6387.0,66.0,4.14,0.17,-0.11,0.05,2.62,0.13,NGC2141,0.9999
06023884+1027528,5533.0,81.0,3.65,0.22,-0.32,0.08,2.43,0.16,NGC2141,0.9995
06024110+1024156,6715.0,65.0,4.09,0.17,-0.02,0.06,3.0,0.09,NGC2141,1.0
06024127+1024003,6674.0,84.0,4.12,0.22,0.03,0.08,2.69,,NGC2141,0.9998
06024156+1026209,6400.0,65.0,4.13,0.17,-0.05,0.05,2.78,0.11,NGC2141,1.0
06024173+1028084,6438.0,66.0,4.25,0.17,-0.02,0.06,3.02,0.12,NGC2141,0.9999
06024247+1028389,5945.0,83.0,4.05,0.22,-0.31,0.08,2.65,0.14,NGC2141,0.9636
06024331+1028348,6619.0,66.0,4.09,0.18,-0.07,0.05,3.3,0.07,NGC2141,0.9998
06024463+1025233,6559.0,65.0,3.85,0.18,-0.04,0.05,2.78,0.16,NGC2141,1.0
06024503+1028001,6412.0,67.0,3.84,0.17,-0.16,0.05,2.51,0.24,NGC2141,0.9999
06024541+1029089,6254.0,66.0,4.02,0.17,-0.09,0.05,3.21,0.06,NGC2141,0.9999
06024573+1025424,6377.0,72.0,4.05,0.21,0.03,0.05,2.74,0.14,NGC2141,0.9999
06024602+1026379,6575.0,66.0,4.18,0.17,-0.05,0.05,3.17,0.07,NGC2141,1.0
06024711+1026336,6414.0,66.0,4.22,0.17,0.03,0.05,3.33,0.13,NGC2141,0.9958
06024882+1027243,6469.0,65.0,4.02,0.18,-0.06,0.05,3.32,0.07,NGC2141,0.9999
06025014+1027278,6348.0,66.0,4.05,0.18,-0.13,0.05,3.11,0.08,NGC2141,0.9938
06025050+1026577,6248.0,64.0,4.03,0.18,-0.02,0.05,2.53,0.1,NGC2141,1.0
06025089+1025542,6220.0,65.0,4.01,0.18,0.18,0.05,3.12,0.11,NGC2141,1.0
06025174+1027217,6187.0,67.0,3.86,0.17,-0.12,0.06,2.5,0.09,NGC2141,0.9999
06025247+1029376,6239.0,64.0,4.08,0.17,-0.11,0.05,2.63,0.08,NGC2141,0.9998
06025302+1027160,5687.0,82.0,4.08,0.22,-0.08,0.08,2.52,0.18,NGC2141,0.9998
06025382+1025004,6470.0,65.0,3.97,0.17,-0.11,0.05,2.76,,NGC2141,1.0
06025421+1027474,6297.0,65.0,4.01,0.18,-0.22,0.05,2.5,0.14,NGC2141,0.9999
06025459+1026067,5863.0,65.0,3.72,0.17,-0.27,0.05,2.53,0.15,NGC2141,0.9999
06025554+1029513,6470.0,65.0,4.03,0.17,-0.12,0.05,3.0,0.09,NGC2141,0.9999
06025603+1027047,5895.0,83.0,3.65,0.21,-0.23,0.08,2.19,,NGC2141,0.9841
06025607+1030230,6572.0,76.0,3.91,0.19,-0.06,0.09,2.59,0.23,NGC2141,0.9999
06025613+1025445,6103.0,65.0,4.29,0.18,-0.12,0.06,2.94,0.13,NGC2141,0.9829
06025644+1027409,6627.0,67.0,4.1,0.17,-0.06,0.05,3.24,0.08,NGC2141,0.9915
06025727+1029238,5754.0,64.0,4.16,0.18,-0.42,0.06,2.22,,NGC2141,0.9996
06025743+1025317,6524.0,66.0,4.2,0.17,-0.04,0.05,2.89,0.14,NGC2141,0.9999
06025784+1026239,6153.0,64.0,4.15,0.17,-0.19,0.06,2.74,0.13,NGC2141,0.9999
06025812+1030393,6411.0,66.0,3.99,0.17,-0.14,0.06,2.38,0.2,NGC2141,1.0
06025841+1028333,6172.0,65.0,4.46,0.18,-0.09,0.05,2.34,0.25,NGC2141,1.0
06025958+1022073,6244.0,81.0,4.64,0.22,0.39,0.06,3.22,0.13,NGC2141,0.9998
06025977+1027548,6085.0,64.0,4.61,0.18,-0.16,0.06,3.06,0.14,NGC2141,0.9772
06030027+1028468,6228.0,65.0,4.37,0.18,-0.16,0.05,2.45,0.24,NGC2141,0.9996
06030152+1028292,6378.0,64.0,4.21,0.17,-0.14,0.06,2.48,0.23,NGC2141,0.9998
06030162+1027427,6532.0,65.0,4.14,0.18,-0.05,0.05,3.12,0.07,NGC2141,1.0
06030197+1026038,6481.0,64.0,3.99,0.17,-0.12,0.05,2.79,0.18,NGC2141,0.9991
06030260+1028412,6327.0,65.0,3.94,0.17,-0.1,0.05,3.25,0.06,NGC2141,0.9999
06030266+1025131,6448.0,66.0,3.85,0.17,-0.2,0.05,2.56,0.2,NGC2141,1.0
06030309+1030535,5589.0,82.0,3.51,0.21,-0.33,0.07,2.91,0.17,NGC2141,0.9999
06030421+1026291,6623.0,64.0,4.03,0.17,-0.14,0.05,2.23,,NGC2141,0.9982
06030482+1029169,6362.0,67.0,3.83,0.17,-0.17,0.05,2.48,,NGC2141,0.9999
06030488+1025403,5580.0,81.0,4.43,0.22,0.12,0.08,2.29,0.21,NGC2141,0.9996
06030492+1028011,6321.0,66.0,3.88,0.17,-0.08,0.05,2.77,0.11,NGC2141,0.9862
06030499+1024157,6373.0,65.0,4.38,0.18,-0.13,0.06,2.35,,NGC2141,1.0
06030504+1026380,6230.0,65.0,4.07,0.17,0.05,0.06,2.84,0.13,NGC2141,0.9998
06030574+1029195,6436.0,64.0,4.14,0.17,-0.14,0.05,2.38,0.27,NGC2141,1.0
06030636+1030293,6516.0,82.0,4.39,0.22,-0.16,0.08,2.69,0.22,NGC2141,0.9997
06030641+1025285,6280.0,65.0,4.12,0.18,-0.05,0.05,2.49,0.11,NGC2141,1.0
06030805+1027241,5950.0,81.0,3.55,0.21,0.04,0.08,2.87,0.14,NGC2141,0.9997
06030871+1022184,6239.0,65.0,4.03,0.17,-0.09,0.05,2.17,0.16,NGC2141,1.0
06030897+1026088,6321.0,65.0,4.06,0.17,-0.03,0.05,3.21,0.07,NGC2141,0.9999
06030905+1028374,6470.0,102.0,4.11,0.33,0.0,0.1,3.34,0.13,NGC2141,0.9999
06030999+1027017,6191.0,64.0,4.1,0.18,-0.13,0.05,2.54,0.12,NGC2141,0.9998
06031105+1025588,6443.0,65.0,4.11,0.17,0.01,0.05,2.7,0.14,NGC2141,0.9997
06031152+1027555,5942.0,81.0,4.68,0.22,-0.21,0.08,2.76,0.14,NGC2141,0.9984
06031363+1025365,6227.0,65.0,4.23,0.18,0.06,0.05,2.11,0.19,NGC2141,1.0
06031486+1026289,6277.0,65.0,4.59,0.18,-0.04,0.06,2.64,0.16,NGC2141,0.9992
06031488+1028245,6249.0,65.0,3.91,0.18,-0.07,0.05,2.56,0.11,NGC2141,1.0
06031518+1023572,6002.0,66.0,4.42,0.18,-0.38,0.05,2.29,,NGC2141,1.0
06031601+1026112,6312.0,66.0,4.11,0.17,-0.11,0.05,2.8,0.09,NGC2141,0.9999
06031625+1029348,6210.0,83.0,4.44,0.22,0.2,0.08,2.83,0.19,NGC2141,0.9999
06031780+1028255,6352.0,64.0,3.99,0.18,-0.2,0.05,2.38,0.17,NGC2141,0.9708
06031919+1024176,6322.0,108.0,4.56,0.33,-0.05,0.09,2.67,0.22,NGC2141,0.9998
06032012+1026510,6103.0,66.0,4.14,0.18,0.07,0.06,3.05,0.11,NGC2141,0.9999
06032063+1025225,6291.0,66.0,3.99,0.17,-0.03,0.05,3.18,0.06,NGC2141,1.0
06032189+1030155,6470.0,81.0,4.26,0.22,-0.04,0.08,2.16,,NGC2141,1.0
06032268+1024407,5345.0,81.0,3.19,0.21,-0.18,0.08,2.11,0.19,NGC2141,0.9995
06024572+1027119,4870.0,31.0,2.71,0.05,-0.03,0.05,0.2,,NGC2141,1.0
06025490+1025270,4852.0,30.0,2.65,0.05,-0.07,0.05,0.09,,NGC2141,1.0
06030008+1026141,4727.0,31.0,2.54,0.05,-0.05,0.05,-0.16,,NGC2141,0.9999
06030238+1028101,4900.0,30.0,2.72,0.05,-0.09,0.05,0.45,0.11,NGC2141,1.0
06030917+1026451,4910.0,31.0,2.74,0.05,-0.03,0.05,0.44,0.09,NGC2141,1.0
06023665+1032173,6112.0,67.0,4.06,0.17,-0.29,0.05,2.17,0.14,NGC2141,1.0
06023704+1028488,6266.0,64.0,3.84,0.18,-0.08,0.05,2.35,0.13,NGC2141,1.0
06023876+1025150,6489.0,67.0,4.06,0.17,0.01,0.06,3.01,0.09,NGC2141,1.0
06024083+1038294,6782.0,102.0,3.93,0.33,0.13,0.1,3.19,0.18,NGC2141,1.0
06024366+1029393,6760.0,83.0,4.17,0.22,0.05,0.08,3.18,0.13,NGC2141,0.9999
06024512+1025131,4750.0,65.0,2.49,0.17,-0.15,0.05,0.84,,NGC2141,1.0
06024563+1031438,6129.0,66.0,3.9,0.17,-0.08,0.05,2.19,0.1,NGC2141,1.0
06024754+1027238,6249.0,65.0,3.8,0.18,-0.09,0.05,2.44,0.12,NGC2141,1.0
06024815+1028130,6451.0,66.0,3.98,0.17,-0.16,0.05,2.7,0.09,NGC2141,0.9978
06024819+1026561,6370.0,63.0,4.1,0.17,-0.05,0.05,2.07,0.22,NGC2141,0.9999
06024870+1028399,6366.0,65.0,4.03,0.17,-0.11,0.05,2.9,0.09,NGC2141,0.9999
06024874+1030485,4788.0,64.0,2.5,0.17,-0.11,0.05,0.9,0.1,NGC2141,1.0
06024880+1026277,6439.0,64.0,3.99,0.17,-0.08,0.05,2.63,0.09,NGC2141,0.9969
06024950+1030107,6362.0,64.0,4.44,0.17,-0.3,0.05,2.64,0.16,NGC2141,1.0
06025004+1026448,6202.0,65.0,3.86,0.18,-0.13,0.05,2.24,0.14,NGC2141,1.0
06025060+1021081,4938.0,62.0,2.91,0.17,-0.08,0.05,1.14,0.14,NGC2141,1.0
06025065+1028121,6313.0,64.0,4.08,0.17,-0.13,0.06,2.28,,NGC2141,0.9976
06025286+1025307,6467.0,66.0,4.06,0.17,0.03,0.05,3.21,0.07,NGC2141,0.9999
06025318+1029425,6409.0,66.0,4.01,0.17,-0.08,0.06,2.43,0.18,NGC2141,1.0
06025346+1023034,6564.0,65.0,3.99,0.17,-0.04,0.05,3.31,0.06,NGC2141,0.9998
06025352+1030018,6222.0,65.0,4.14,0.17,-0.11,0.05,2.42,0.11,NGC2141,1.0
06025371+1028060,4921.0,30.0,2.81,0.05,-0.01,0.05,0.5,,NGC2141,1.0
06025384+1021596,6486.0,66.0,4.03,0.17,0.15,0.06,3.13,0.06,NGC2141,1.0
06025485+1024079,4776.0,31.0,2.64,0.05,0.0,0.05,0.3,0.1,NGC2141,1.0
06025520+1027157,6001.0,66.0,3.87,0.17,-0.1,0.05,2.38,0.14,NGC2141,0.9999
06025536+1027310,6339.0,65.0,4.0,0.17,-0.16,0.05,2.42,0.11,NGC2141,1.0
06025629+1029065,4613.0,65.0,2.35,0.17,-0.1,0.06,0.96,0.1,NGC2141,0.9999
06025648+1026371,4008.0,42.0,1.05,0.08,-0.2,0.05,-0.16,0.04,NGC2141,1.0
06025664+1023307,6314.0,64.0,3.9,0.17,-0.12,0.05,2.48,0.16,NGC2141,0.9999
06025682+1031056,6413.0,82.0,3.92,0.21,-0.41,0.08,2.29,,NGC2141,0.9999
06025689+1024309,6075.0,64.0,3.87,0.17,-0.09,0.06,2.5,0.14,NGC2141,1.0
06025804+1028037,6263.0,67.0,3.97,0.18,-0.22,0.06,3.14,0.07,NGC2141,0.9999
06025837+1030027,4809.0,31.0,2.63,0.05,0.01,0.05,-1.0,,NGC2141,1.0
06025838+1028253,6219.0,66.0,3.99,0.17,-0.23,0.05,2.15,0.22,NGC2141,1.0
06030043+1026489,6594.0,82.0,4.03,0.22,-0.13,0.08,3.04,0.2,NGC2141,0.9999
06030076+1032173,6003.0,63.0,3.79,0.17,-0.17,0.06,2.94,0.11,NGC2141,0.9997
06030155+1028347,4054.0,41.0,0.99,0.08,-0.21,0.05,-1.0,,NGC2141,0.9978
06030172+1026549,6353.0,65.0,4.04,0.17,-0.11,0.05,2.95,0.14,NGC2141,1.0
06030257+1032320,6325.0,66.0,3.86,0.17,-0.24,0.06,3.22,0.07,NGC2141,1.0
06030303+1031087,4864.0,66.0,2.56,0.18,-0.08,0.05,0.84,0.15,NGC2141,1.0
06030313+1024492,6128.0,65.0,4.36,0.17,0.07,0.05,3.0,0.12,NGC2141,0.9998
06030320+1026309,6442.0,65.0,3.88,0.18,-0.19,0.05,2.8,0.17,NGC2141,0.9999
06030330+1029551,6239.0,68.0,3.86,0.17,-0.18,0.05,1.91,0.34,NGC2141,0.9999
06030392+1026547,6558.0,66.0,4.13,0.17,-0.04,0.06,3.3,0.06,NGC2141,1.0
06030460+1022120,4910.0,66.0,2.54,0.17,-0.09,0.05,1.15,0.13,NGC2141,1.0
06030501+1026344,6331.0,67.0,4.05,0.18,-0.04,0.06,2.56,0.11,NGC2141,0.9999
06030526+1029502,6204.0,65.0,4.2,0.17,-0.16,0.05,2.98,0.08,NGC2141,0.9978
06030565+1030257,6402.0,82.0,4.32,0.22,-0.23,0.08,3.29,0.11,NGC2141,0.9999
06030698+1030496,4763.0,65.0,2.53,0.18,-0.02,0.05,1.01,0.11,NGC2141,1.0
06030736+1028031,4227.0,42.0,1.46,0.07,-0.2,0.05,0.53,0.08,NGC2141,1.0
06030755+1026491,4365.0,32.0,1.88,0.05,-0.07,0.05,0.71,0.05,NGC2141,1.0
06030868+1025049,6395.0,66.0,4.18,0.18,-0.06,0.06,2.7,0.13,NGC2141,1.0
06030880+1023183,6317.0,64.0,3.98,0.18,-0.03,0.05,2.59,0.09,NGC2141,0.9999
06030880+1024423,4841.0,31.0,2.63,0.05,-0.05,0.05,0.27,0.1,NGC2141,1.0
06030900+1024110,6454.0,84.0,3.68,0.21,-0.3,0.08,3.23,0.13,NGC2141,1.0
06031106+1029105,6307.0,83.0,3.64,0.22,-0.31,0.07,3.19,0.13,NGC2141,1.0
06031119+1027567,6391.0,63.0,3.86,0.18,-0.04,0.05,2.02,0.21,NGC2141,1.0
06031410+1025386,4856.0,31.0,2.61,0.05,-0.03,0.05,0.3,,NGC2141,0.9999
06031431+1022097,6425.0,64.0,4.07,0.18,-0.02,0.05,3.26,0.06,NGC2141,1.0
06031620+1028581,6090.0,65.0,3.99,0.17,-0.2,0.05,2.88,0.06,NGC2141,0.9983
06031805+1022192,6360.0,64.0,4.19,0.17,-0.17,0.06,2.2,0.24,NGC2141,1.0
06031905+1022430,4848.0,64.0,2.51,0.18,-0.08,0.05,0.67,0.12,NGC2141,1.0
06031912+1023289,6342.0,66.0,4.13,0.17,-0.24,0.05,2.43,0.18,NGC2141,0.9999
06032040+1023520,6390.0,83.0,3.93,0.22,-0.2,0.07,2.83,0.18,NGC2141,0.9997
06032058+1027013,6155.0,67.0,4.25,0.18,-0.31,0.05,3.21,0.07,NGC2141,1.0
06032301+1025057,5116.0,65.0,3.51,0.17,0.01,0.06,1.32,0.09,NGC2141,1.0
06032879+1026131,6348.0,65.0,3.81,0.17,-0.09,0.06,2.88,0.08,NGC2141,0.9999
06033222+1027295,4694.0,66.0,2.53,0.18,-0.01,0.06,1.13,0.12,NGC2141,1.0
06025078+1030280,4056.0,40.0,1.13,0.07,-0.18,0.05,-0.21,0.06,NGC2141,0.9999
06024380+1027212,4856.0,64.0,2.57,0.18,-0.05,0.05,1.0,0.09,NGC2141,0.9999
06024824+1025204,4907.0,65.0,2.7,0.17,-0.01,0.06,0.97,0.12,NGC2141,0.9998
06025139+1029022,6284.0,66.0,3.77,0.17,-0.19,0.05,2.31,0.19,NGC2141,1.0
06025212+1032034,4842.0,66.0,2.45,0.17,-0.09,0.05,0.0,0.42,NGC2141,0.9999
06025541+1029154,6550.0,65.0,4.02,0.18,0.0,0.05,3.41,0.07,NGC2141,0.9992
06025661+1031016,4866.0,67.0,2.51,0.17,-0.05,0.05,0.65,0.13,NGC2141,1.0
06025681+1028407,5099.0,67.0,3.43,0.17,0.0,0.06,1.24,0.11,NGC2141,0.9999
06030002+1032234,4393.0,31.0,2.19,0.05,-0.05,0.05,0.71,0.05,NGC2141,0.9992
06030015+1027245,4589.0,64.0,2.31,0.17,-0.18,0.06,0.92,0.09,NGC2141,0.9998
06030027+1028439,4874.0,30.0,2.66,0.05,-0.02,0.05,-0.7,,NGC2141,1.0
06030294+1027055,6414.0,65.0,4.24,0.17,-0.17,0.05,3.04,0.09,NGC2141,0.9999
06032655+1026261,4664.0,63.0,2.46,0.17,-0.06,0.05,1.02,0.1,NGC2141,0.9999
06023596+1027229,5892.0,82.0,4.33,0.22,-0.35,0.08,2.93,0.16,NGC2141,0.9998
06023695+1029170,5730.0,64.0,3.97,0.17,-0.18,0.05,2.23,0.17,NGC2141,0.9998
06023839+1028336,5701.0,64.0,4.14,0.18,-0.32,0.05,1.64,,NGC2141,0.9998
06024692+1025297,6541.0,65.0,4.25,0.17,-0.25,0.05,2.89,0.14,NGC2141,0.9921
06024757+1028284,5507.0,84.0,3.71,0.22,-0.29,0.08,2.28,0.15,NGC2141,0.9998
06024840+1027105,6185.0,64.0,4.42,0.17,-0.04,0.06,2.86,0.14,NGC2141,0.9999
06024955+1025086,6613.0,66.0,4.2,0.17,-0.03,0.05,2.2,,NGC2141,0.9996
06024993+1024562,6237.0,65.0,3.63,0.17,-0.11,0.06,2.46,,NGC2141,0.9999
06025046+1027290,5283.0,79.0,2.97,0.22,-0.4,0.08,1.91,0.21,NGC2141,0.9997
06025081+1028510,6506.0,65.0,4.06,0.17,-0.13,0.05,2.81,0.09,NGC2141,1.0
06025164+1022416,5694.0,84.0,3.1,0.22,-0.13,0.07,2.34,0.27,NGC2141,0.9996
06025180+1023493,6521.0,67.0,4.12,0.17,-0.15,0.05,2.81,0.22,NGC2141,0.9999
06025201+1031368,6534.0,62.0,4.0,0.18,-0.13,0.05,2.35,0.31,NGC2141,0.9998
06025236+1025089,6379.0,66.0,4.03,0.17,-0.12,0.06,3.13,0.06,NGC2141,1.0
06025239+1026342,5968.0,64.0,4.27,0.17,-0.28,0.05,2.44,0.19,NGC2141,0.9937
06025254+1028303,6031.0,65.0,4.1,0.17,-0.33,0.06,2.82,0.11,NGC2141,0.9999
06025434+1028143,6857.0,83.0,4.02,0.22,0.11,0.07,3.12,0.13,NGC2141,0.9989
06025436+1026583,6724.0,65.0,4.01,0.18,-0.09,0.05,2.43,,NGC2141,1.0
06025474+1024409,6028.0,65.0,3.85,0.17,-0.16,0.06,2.81,0.14,NGC2141,0.9999
06025497+1027530,6444.0,67.0,3.87,0.18,-0.14,0.05,3.13,0.06,NGC2141,0.9954
06025552+1028480,6140.0,70.0,4.27,0.21,0.06,0.05,2.6,0.2,NGC2141,0.9997
06025584+1027396,6521.0,64.0,4.13,0.18,-0.01,0.05,1.96,0.48,NGC2141,0.9995
06025625+1025093,6318.0,66.0,4.47,0.17,-0.3,0.05,3.0,0.09,NGC2141,0.9983
06025635+1025502,6083.0,64.0,4.18,0.17,-0.11,0.06,2.83,0.13,NGC2141,0.9999
06025638+1024389,6481.0,66.0,4.11,0.17,-0.06,0.05,2.67,,NGC2141,0.9999
06025689+1028303,6488.0,65.0,4.11,0.17,0.08,0.06,2.44,0.15,NGC2141,0.9953
06025723+1032598,6306.0,66.0,3.87,0.18,-0.13,0.05,2.28,0.12,NGC2141,1.0
06025752+1026345,5849.0,104.0,4.92,0.31,-0.19,0.1,2.35,,NGC2141,0.9989
06025752+1030536,6214.0,67.0,4.01,0.17,-0.08,0.05,2.13,0.17,NGC2141,1.0
06025763+1030256,6419.0,66.0,4.06,0.17,-0.05,0.06,2.71,0.16,NGC2141,0.9999
06025857+1026139,6498.0,64.0,4.11,0.17,0.01,0.05,2.7,0.22,NGC2141,0.9997
06025894+1033092,6024.0,65.0,4.19,0.18,-0.07,0.06,2.66,0.13,NGC2141,0.9995
06025934+1032148,6331.0,66.0,4.0,0.18,-0.03,0.05,2.35,0.15,NGC2141,1.0
06025936+1028328,6093.0,63.0,3.81,0.17,-0.02,0.06,1.89,0.16,NGC2141,1.0
06030039+1032149,5844.0,83.0,4.82,0.22,-0.37,0.07,2.49,0.23,NGC2141,0.9974
06030045+1028550,6322.0,64.0,4.08,0.18,-0.04,0.05,2.96,0.12,NGC2141,0.9978
06030105+1028124,6111.0,64.0,4.23,0.17,-0.32,0.05,2.91,0.12,NGC2141,0.993
06030142+1024391,6056.0,64.0,4.65,0.18,-0.19,0.05,2.83,0.14,NGC2141,0.9998
06030150+1026371,6331.0,66.0,4.06,0.17,-0.1,0.05,2.14,,NGC2141,0.9972
06030255+1026448,6315.0,65.0,4.23,0.17,-0.12,0.05,3.12,0.1,NGC2141,0.9999
06030291+1028485,6729.0,65.0,4.2,0.17,-0.07,0.05,2.78,0.16,NGC2141,0.9987
06030535+1031184,6169.0,82.0,3.68,0.22,0.0,0.08,2.52,0.22,NGC2141,0.9999
06030552+1026223,6716.0,66.0,4.15,0.18,-0.14,0.06,3.14,0.11,NGC2141,0.9999
06030556+1023505,6244.0,66.0,4.29,0.17,0.05,0.05,3.01,0.09,NGC2141,0.9992
06030593+1028529,6196.0,65.0,4.35,0.17,-0.13,0.05,2.94,0.12,NGC2141,0.9999
06030620+1025127,5986.0,104.0,4.67,0.33,-0.02,0.09,2.51,0.25,NGC2141,0.9997
06030625+1024417,6249.0,66.0,3.92,0.18,-0.07,0.05,3.04,0.05,NGC2141,1.0
06030677+1025477,6416.0,63.0,3.98,0.18,-0.08,0.06,2.79,0.07,NGC2141,1.0
06030683+1028071,4890.0,63.0,2.73,0.18,-0.08,0.05,1.03,0.09,NGC2141,1.0
06030771+1027013,6336.0,66.0,4.12,0.17,-0.02,0.05,2.79,0.13,NGC2141,1.0
06030787+1024294,6321.0,65.0,3.97,0.17,-0.12,0.05,3.1,0.06,NGC2141,1.0
06030796+1029026,6488.0,66.0,3.95,0.17,-0.16,0.06,2.72,0.11,NGC2141,1.0
06030958+1029268,6325.0,82.0,4.79,0.22,0.09,0.08,2.96,0.14,NGC2141,0.9998
06031013+1031517,6578.0,82.0,3.88,0.22,0.09,0.07,2.7,0.24,NGC2141,0.9998
06031025+1023541,5847.0,81.0,4.45,0.22,-0.21,0.08,2.64,0.19,NGC2141,0.9999
06031394+1024414,6566.0,66.0,4.18,0.17,0.01,0.05,2.24,,NGC2141,0.9999
06031407+1027296,6122.0,83.0,3.54,0.22,0.0,0.08,2.84,0.14,NGC2141,0.9994
06031519+1028298,5912.0,83.0,3.8,0.22,-0.36,0.08,2.86,0.13,NGC2141,0.9999
06031596+1023287,6143.0,82.0,4.55,0.22,0.21,0.08,2.84,0.16,NGC2141,0.9998
06031688+1023505,6512.0,64.0,3.84,0.17,-0.24,0.05,2.88,0.11,NGC2141,0.9999
06031706+1027181,6390.0,67.0,4.09,0.17,-0.13,0.06,1.96,,NGC2141,0.9999
06031749+1027582,6514.0,65.0,3.91,0.18,-0.11,0.05,2.89,0.11,NGC2141,0.9999
06031760+1030091,6471.0,65.0,3.98,0.18,-0.09,0.05,2.57,0.16,NGC2141,0.9995
06031764+1030345,6053.0,80.0,4.07,0.22,0.03,0.08,2.81,0.2,NGC2141,0.9996
06031954+1028279,6252.0,65.0,4.28,0.18,-0.13,0.06,2.87,0.13,NGC2141,0.9999
06032009+1028369,5938.0,102.0,3.73,0.34,0.07,0.09,2.47,0.23,NGC2141,0.9998
06032017+1027180,5919.0,83.0,3.71,0.22,-0.04,0.08,2.49,0.22,NGC2141,0.9998
06032032+1025342,6410.0,84.0,3.9,0.22,0.09,0.08,3.27,0.17,NGC2141,0.9933
06032195+1030435,6215.0,82.0,3.84,0.22,0.02,0.07,2.6,0.22,NGC2141,0.9999
06033459+1032352,4949.0,62.0,2.87,0.17,-0.02,0.06,1.25,0.1,NGC2141,1.0
06023900+1025529,6342.0,63.0,4.07,0.18,-0.23,0.06,2.36,0.19,NGC2141,1.0
06024479+1025119,5738.0,64.0,3.95,0.17,-0.32,0.06,2.06,,NGC2141,0.9993
06024576+1028418,6456.0,83.0,4.5,0.22,-0.09,0.08,3.08,0.21,NGC2141,0.9993
06024607+1030354,6097.0,66.0,4.01,0.17,-0.15,0.05,3.0,0.12,NGC2141,0.9999
06024611+1029247,6176.0,84.0,4.02,0.22,-0.14,0.08,2.41,,NGC2141,0.9998
06024660+1027095,5831.0,81.0,3.92,0.22,0.1,0.08,2.68,0.21,NGC2141,0.9998
06024744+1027081,6523.0,66.0,4.23,0.17,-0.06,0.05,3.29,0.07,NGC2141,0.9999
06024829+1028367,6231.0,101.0,4.87,0.31,0.12,0.09,2.96,0.16,NGC2141,0.9996
06024891+1032427,6535.0,66.0,4.18,0.18,-0.11,0.05,3.15,0.08,NGC2141,0.9999
06024931+1032094,6233.0,66.0,4.17,0.17,-0.09,0.05,2.6,0.12,NGC2141,0.9999
06024973+1023392,6514.0,65.0,4.17,0.17,-0.15,0.05,3.12,0.08,NGC2141,0.9909
06025119+1022375,5641.0,64.0,3.84,0.18,-0.43,0.06,1.99,,NGC2141,0.9993
06025143+1030198,6400.0,64.0,4.18,0.17,-0.16,0.05,3.22,0.07,NGC2141,1.0
06025208+1023089,6422.0,66.0,4.07,0.17,-0.18,0.05,2.87,0.12,NGC2141,0.9996
06025232+1030461,6534.0,66.0,4.05,0.17,-0.11,0.05,2.63,0.16,NGC2141,0.9999
06025236+1020541,6485.0,65.0,4.13,0.17,-0.16,0.05,2.98,0.11,NGC2141,0.9999
06025268+1021468,6477.0,67.0,3.74,0.17,-0.05,0.06,3.07,0.17,NGC2141,0.9999
06025338+1024092,6122.0,65.0,4.13,0.17,-0.15,0.06,3.09,0.1,NGC2141,0.9984
06025388+1024555,6552.0,66.0,4.06,0.17,-0.01,0.06,2.94,0.08,NGC2141,1.0
06025432+1023436,6453.0,65.0,4.02,0.18,-0.06,0.05,3.13,0.08,NGC2141,0.9999
06025439+1029437,5781.0,63.0,4.12,0.17,-0.14,0.05,2.67,0.1,NGC2141,0.9999
06025444+1028020,6239.0,66.0,3.93,0.17,-0.1,0.06,2.71,0.07,NGC2141,0.9998
06025451+1030031,6322.0,64.0,4.08,0.18,-0.13,0.05,2.68,0.15,NGC2141,0.9991
06025551+1029350,6002.0,84.0,4.02,0.21,-0.09,0.08,3.04,0.15,NGC2141,0.9999
06025596+1027262,6330.0,70.0,4.28,0.21,-0.09,0.05,2.61,,NGC2141,0.9974
06025658+1025482,6494.0,66.0,4.1,0.18,0.13,0.05,2.94,0.11,NGC2141,0.9992
06025669+1026480,5860.0,65.0,3.83,0.17,-0.13,0.06,2.6,0.14,NGC2141,0.9998
06025672+1026076,6593.0,67.0,3.95,0.17,-0.06,0.05,3.19,0.08,NGC2141,0.9999
06025682+1028207,6483.0,66.0,4.16,0.18,-0.14,0.05,3.19,0.07,NGC2141,1.0
06025687+1024232,6362.0,69.0,4.19,0.21,-0.09,0.05,2.63,0.23,NGC2141,0.9998
06025706+1021213,6726.0,64.0,4.16,0.18,0.05,0.06,2.69,,NGC2141,1.0
06025749+1030001,4931.0,66.0,3.06,0.18,-0.02,0.05,1.02,0.11,NGC2141,1.0
06025769+1026450,5931.0,63.0,3.9,0.18,-0.23,0.05,2.35,0.19,NGC2141,0.9999
06025778+1029109,6292.0,83.0,4.54,0.22,0.16,0.08,3.0,0.16,NGC2141,0.9999
06025791+1021227,6365.0,66.0,4.27,0.18,-0.03,0.05,2.69,0.14,NGC2141,0.9999
06025819+1022065,6620.0,66.0,4.22,0.17,-0.15,0.05,2.56,0.19,NGC2141,0.9999
06025888+1026230,5961.0,66.0,3.99,0.17,-0.17,0.05,2.42,0.08,NGC2141,0.9996
06025902+1025365,6324.0,65.0,3.94,0.17,-0.18,0.05,2.78,0.07,NGC2141,1.0
06025942+1030311,6512.0,64.0,4.07,0.17,-0.01,0.06,3.14,0.09,NGC2141,1.0
06030084+1017388,6227.0,66.0,4.03,0.17,-0.19,0.06,2.45,0.07,NGC2141,0.9813
06030131+1031186,5941.0,80.0,3.46,0.21,-0.13,0.08,2.8,0.16,NGC2141,0.9599
06030163+1026098,6340.0,66.0,3.86,0.17,-0.05,0.05,2.3,0.16,NGC2141,0.9967
06030172+1025296,6576.0,67.0,4.1,0.18,-0.08,0.06,2.27,,NGC2141,0.9997
06030214+1029492,6299.0,64.0,4.04,0.18,0.12,0.05,2.91,0.16,NGC2141,0.9999
06030278+1031458,6315.0,66.0,4.01,0.18,-0.22,0.05,2.86,0.1,NGC2141,1.0
06030321+1027585,6278.0,83.0,4.79,0.22,0.05,0.07,2.59,,NGC2141,0.9999
06030379+1028093,5446.0,84.0,3.16,0.22,-0.2,0.08,1.87,,NGC2141,0.9989
06030447+1028196,6346.0,63.0,3.92,0.17,-0.12,0.05,3.27,0.07,NGC2141,1.0
06030466+1024216,6225.0,69.0,4.33,0.21,0.01,0.05,2.98,0.12,NGC2141,0.9996
06030486+1026442,5547.0,83.0,3.68,0.22,-0.3,0.08,2.42,0.17,NGC2141,0.9982
06030502+1027170,6361.0,65.0,4.3,0.18,-0.1,0.05,2.09,,NGC2141,0.999
06030520+1025369,5790.0,108.0,4.53,0.34,-0.2,0.09,2.32,0.24,NGC2141,0.9998
06030661+1028529,6402.0,109.0,4.7,0.33,-0.13,0.09,2.86,0.16,NGC2141,0.9999
06030738+1030128,5949.0,66.0,4.09,0.17,-0.12,0.05,2.3,0.09,NGC2141,1.0
06030764+1026328,6474.0,64.0,4.04,0.17,-0.06,0.06,2.89,0.09,NGC2141,0.9966
06030834+1026167,6157.0,82.0,4.94,0.21,0.13,0.08,2.97,0.13,NGC2141,0.9991
06030873+1028164,6314.0,64.0,4.05,0.17,-0.12,0.05,2.6,0.09,NGC2141,1.0
06030885+1026326,6209.0,106.0,4.85,0.31,-0.18,0.1,3.05,0.14,NGC2141,0.9998
06030981+1031575,6686.0,84.0,4.49,0.21,0.17,0.07,3.27,0.14,NGC2141,0.9999
06031868+1027480,6416.0,84.0,3.76,0.21,-0.03,0.08,3.16,0.12,NGC2141,0.9997
06023174+1031007,6360.0,81.0,4.29,0.22,-0.19,0.08,2.26,,NGC2141,0.9999
06023603+1025406,6507.0,66.0,3.84,0.18,-0.11,0.05,2.84,0.13,NGC2141,0.9999
06023795+1030118,5432.0,82.0,3.04,0.22,-0.45,0.08,2.26,0.23,NGC2141,0.9998
06023885+1024249,6516.0,65.0,3.96,0.18,-0.06,0.06,2.93,0.09,NGC2141,0.9999
06024233+1028265,5732.0,82.0,3.68,0.21,-0.29,0.08,2.4,0.19,NGC2141,0.9999
06024382+1027420,6616.0,83.0,4.51,0.22,0.14,0.08,2.33,,NGC2141,0.9999
06024578+1026507,6605.0,66.0,4.05,0.18,0.03,0.05,3.31,0.08,NGC2141,0.9986
06024700+1026115,6579.0,64.0,4.17,0.17,-0.15,0.05,2.71,0.2,NGC2141,1.0
06024848+1021479,6538.0,65.0,3.95,0.17,-0.05,0.06,2.72,,NGC2141,0.9999
06024966+1028303,5757.0,82.0,3.6,0.22,-0.57,0.07,2.3,0.25,NGC2141,0.9999
06025062+1026138,6389.0,66.0,3.77,0.17,-0.25,0.06,2.69,0.22,NGC2141,0.9999
06025085+1030393,6384.0,65.0,4.04,0.18,-0.28,0.05,3.32,0.07,NGC2141,0.9999
06025092+1028170,6788.0,81.0,4.08,0.22,0.39,0.06,3.38,0.14,NGC2141,0.9998
06025128+1030219,6531.0,64.0,3.9,0.17,0.08,0.05,3.09,0.09,NGC2141,0.9997
06025156+1024108,6553.0,84.0,4.12,0.22,0.05,0.08,2.91,0.14,NGC2141,0.9999
06025162+1028518,6524.0,66.0,3.97,0.17,-0.03,0.05,3.07,0.12,NGC2141,0.9998
06025213+1029555,5715.0,66.0,3.75,0.17,-0.38,0.05,2.33,0.19,NGC2141,0.9996
06025259+1026446,6421.0,66.0,4.01,0.17,0.08,0.05,2.47,0.34,NGC2141,0.9999
06025502+1026248,6628.0,82.0,4.09,0.22,0.28,0.08,3.22,0.19,NGC2141,0.9999
06025523+1027330,5816.0,80.0,3.65,0.22,-0.18,0.08,2.69,0.18,NGC2141,0.9971
06025576+1028420,6398.0,63.0,4.13,0.17,-0.21,0.05,2.62,,NGC2141,0.9999
06025578+1022132,6416.0,81.0,4.32,0.22,-0.04,0.07,3.21,0.15,NGC2141,0.972
06025602+1027305,6547.0,83.0,3.68,0.22,-0.06,0.08,3.15,0.13,NGC2141,0.9999
06025644+1023044,6406.0,84.0,4.88,0.21,0.29,0.07,3.24,0.14,NGC2141,0.9979
06025716+1028453,6344.0,64.0,3.91,0.17,-0.16,0.06,2.6,0.12,NGC2141,1.0
06025725+1029168,5925.0,65.0,3.94,0.17,-0.24,0.05,2.11,0.12,NGC2141,0.995
06025778+1025032,6560.0,66.0,4.13,0.17,-0.05,0.06,3.06,0.08,NGC2141,1.0
06025793+1029527,6022.0,63.0,4.03,0.18,-0.43,0.05,2.64,0.09,NGC2141,0.9966
06025961+1024422,6235.0,66.0,4.15,0.17,-0.27,0.05,2.41,,NGC2141,1.0
06025967+1028193,6306.0,65.0,4.09,0.17,-0.18,0.06,2.61,0.23,NGC2141,0.9991
06025982+1023502,6483.0,65.0,3.99,0.17,-0.13,0.05,2.05,,NGC2141,0.9999
06030007+1023225,6505.0,65.0,3.98,0.17,-0.17,0.05,2.47,0.25,NGC2141,0.9794
06030072+1022524,6386.0,65.0,3.83,0.17,-0.29,0.05,2.78,0.12,NGC2141,1.0
06030180+1022081,6571.0,66.0,4.0,0.18,-0.07,0.05,3.23,0.07,NGC2141,0.9999
06030267+1027117,6472.0,64.0,4.03,0.17,-0.06,0.06,3.23,0.1,NGC2141,0.9999
06030289+1031423,6181.0,65.0,4.37,0.17,-0.28,0.05,2.57,0.19,NGC2141,0.9985
06030315+1021526,6457.0,63.0,4.02,0.17,-0.01,0.06,2.33,,NGC2141,0.9999
06030417+1022312,6357.0,83.0,3.88,0.21,0.13,0.08,2.77,0.22,NGC2141,0.9996
06030446+1024590,6346.0,82.0,4.19,0.22,0.02,0.07,2.95,0.22,NGC2141,0.9999
06030617+1027151,6237.0,63.0,4.04,0.17,-0.27,0.06,2.53,0.19,NGC2141,0.9996
06030657+1026524,6462.0,65.0,4.44,0.18,-0.14,0.05,2.71,0.17,NGC2141,0.9998
06030664+1024115,6541.0,66.0,4.03,0.18,-0.09,0.05,3.14,0.09,NGC2141,0.9999
06030671+1024302,5900.0,79.0,4.1,0.22,0.14,0.08,2.44,0.22,NGC2141,0.9999
06030758+1020543,6178.0,80.0,4.44,0.22,0.33,0.07,3.18,0.19,NGC2141,0.9984
06030973+1025001,6503.0,82.0,4.03,0.22,-0.14,0.08,2.6,,NGC2141,0.9999
06031210+1028101,6301.0,64.0,4.36,0.17,-0.19,0.05,3.17,0.08,NGC2141,0.9999
06031441+1028201,6278.0,103.0,4.37,0.34,-0.08,0.09,3.17,0.19,NGC2141,0.9996
06031491+1026052,6359.0,65.0,3.87,0.17,0.01,0.06,2.18,0.23,NGC2141,0.9999
06031910+1022068,6346.0,82.0,4.13,0.22,-0.2,0.08,2.32,,NGC2141,0.9997
06032142+1027101,6377.0,66.0,4.01,0.17,-0.08,0.05,2.66,0.09,NGC2141,1.0
06023342+1031269,5966.0,66.0,4.54,0.17,-0.39,0.05,2.69,0.11,NGC2141,0.9997
06023430+1027410,5949.0,79.0,3.72,0.22,-0.41,0.07,2.83,0.17,NGC2141,0.9999
06023479+1031121,6320.0,66.0,4.13,0.17,-0.18,0.05,2.22,0.14,NGC2141,0.9998
06023486+1024132,6637.0,66.0,4.06,0.17,-0.11,0.05,2.71,0.15,NGC2141,1.0
06023690+1031079,5383.0,85.0,3.5,0.22,-0.51,0.08,1.9,,NGC2141,0.9998
06023722+1029462,5400.0,63.0,3.53,0.17,-0.52,0.06,2.08,0.13,NGC2141,0.9984
06023794+1025382,6584.0,66.0,3.99,0.18,-0.15,0.05,2.97,0.09,NGC2141,0.9999
06023811+1028046,6342.0,80.0,3.95,0.23,-0.35,0.08,2.6,0.14,NGC2141,1.0
06023883+1029330,6232.0,66.0,4.13,0.17,0.0,0.05,2.63,0.14,NGC2141,0.9999
06024170+1031433,6131.0,82.0,3.81,0.22,-0.06,0.08,2.95,0.12,NGC2141,0.9999
06024175+1031075,5742.0,81.0,3.24,0.22,-0.21,0.08,2.81,0.14,NGC2141,0.9997
06024206+1023050,6483.0,64.0,4.2,0.17,-0.01,0.05,3.14,0.08,NGC2141,0.9996
06024500+1029038,6152.0,66.0,4.18,0.17,-0.18,0.06,2.81,0.13,NGC2141,0.9999
06024543+1029593,5652.0,82.0,3.38,0.22,-0.01,0.07,2.29,0.16,NGC2141,0.9675
06024558+1027349,6224.0,64.0,4.03,0.18,-0.21,0.05,2.17,0.27,NGC2141,0.9999
06024690+1025440,6475.0,66.0,3.91,0.17,-0.17,0.05,2.63,0.17,NGC2141,0.9915
06024769+1027376,6095.0,67.0,4.45,0.18,-0.02,0.05,3.0,0.09,NGC2141,0.9999
06024803+1025008,6057.0,65.0,4.04,0.17,-0.26,0.06,2.26,0.25,NGC2141,0.9998
06024918+1027566,5949.0,63.0,4.52,0.17,-0.12,0.05,2.68,0.16,NGC2141,0.9995
06024983+1027083,6315.0,65.0,3.89,0.17,-0.12,0.06,2.9,0.12,NGC2141,0.9999
06025026+1027521,6430.0,66.0,4.42,0.17,-0.12,0.05,2.41,,NGC2141,0.9999
06025123+1027503,6539.0,65.0,3.95,0.18,-0.14,0.06,3.11,0.07,NGC2141,1.0
06025347+1029265,5919.0,65.0,4.39,0.17,-0.22,0.05,2.66,0.13,NGC2141,0.9999
06025361+1028158,6565.0,65.0,4.01,0.17,-0.18,0.05,3.12,0.08,NGC2141,0.9999
06025454+1029297,6423.0,66.0,4.15,0.18,-0.11,0.05,2.59,,NGC2141,0.9999
06025507+1023132,6270.0,66.0,3.79,0.18,-0.09,0.05,1.86,0.24,NGC2141,0.9985
06025571+1024418,5823.0,69.0,4.32,0.21,-0.2,0.06,2.03,0.36,NGC2141,0.9998
06025575+1028146,6328.0,66.0,4.12,0.17,-0.15,0.06,2.58,0.15,NGC2141,0.9998
06025584+1029398,6256.0,63.0,3.94,0.18,-0.19,0.06,2.72,0.09,NGC2141,0.9999
06025596+1029055,6391.0,65.0,4.27,0.17,-0.09,0.05,2.13,0.31,NGC2141,0.9999
06025600+1032246,6514.0,66.0,4.03,0.17,-0.05,0.06,2.39,0.14,NGC2141,0.9999
06025647+1028040,5824.0,66.0,4.53,0.17,-0.09,0.05,2.81,0.1,NGC2141,0.9999
06025666+1024566,6037.0,73.0,4.32,0.21,-0.12,0.05,2.69,0.13,NGC2141,0.9999
06025694+1024028,6268.0,66.0,3.97,0.18,-0.08,0.06,1.92,0.33,NGC2141,0.9999
06025727+1025151,6469.0,66.0,3.95,0.17,-0.19,0.06,2.39,,NGC2141,0.9997
06025768+1026525,6316.0,64.0,4.13,0.18,-0.21,0.05,2.91,0.08,NGC2141,1.0
06025776+1028023,6050.0,65.0,4.0,0.17,-0.13,0.06,2.96,0.11,NGC2141,0.9998
06025780+1028574,6056.0,64.0,4.38,0.17,-0.02,0.06,2.75,0.11,NGC2141,0.9999
06025831+1027399,5993.0,65.0,3.94,0.18,-0.14,0.06,2.73,0.11,NGC2141,0.9998
06025992+1027084,6184.0,64.0,4.33,0.17,-0.11,0.05,2.83,0.14,NGC2141,0.9988
06030059+1028261,6156.0,82.0,3.94,0.21,-0.48,0.08,2.08,,NGC2141,0.9999
06030065+1027176,6420.0,63.0,4.03,0.18,-0.11,0.06,3.1,0.06,NGC2141,0.9992
06030087+1026326,6333.0,65.0,4.04,0.18,-0.1,0.05,2.29,,NGC2141,1.0
06030098+1027300,6555.0,63.0,4.02,0.17,-0.07,0.06,2.91,0.07,NGC2141,1.0
06030100+1024435,6444.0,64.0,4.4,0.17,-0.23,0.05,2.37,,NGC2141,0.9993
06030123+1025045,6525.0,64.0,4.12,0.17,-0.1,0.05,2.32,,NGC2141,0.9999
06030229+1023504,5963.0,64.0,4.42,0.18,-0.33,0.05,2.74,0.1,NGC2141,0.9998
06030253+1028378,6384.0,64.0,4.1,0.17,-0.12,0.06,2.81,0.13,NGC2141,0.9997
06030327+1027268,6225.0,64.0,4.15,0.17,0.02,0.05,2.9,0.12,NGC2141,0.9875
06030353+1022469,6103.0,64.0,4.11,0.17,-0.22,0.05,2.99,0.1,NGC2141,0.9999
06030364+1020424,6067.0,65.0,4.47,0.17,-0.13,0.05,2.65,0.15,NGC2141,0.9999
06030450+1027092,6049.0,65.0,4.59,0.17,-0.14,0.05,2.84,0.1,NGC2141,0.9998
06030574+1028504,6269.0,82.0,4.61,0.22,-0.17,0.08,2.05,,NGC2141,0.9994
06030636+1024189,6000.0,84.0,4.33,0.22,0.04,0.08,2.65,0.14,NGC2141,0.9999
06030697+1028399,5787.0,80.0,4.55,0.22,-0.16,0.08,2.42,0.17,NGC2141,0.9999
06030753+1027133,6150.0,82.0,4.11,0.22,-0.07,0.08,2.49,0.21,NGC2141,0.9999
06030903+1025070,6458.0,66.0,4.12,0.17,-0.07,0.06,2.37,0.22,NGC2141,0.9998
06031082+1024051,6688.0,66.0,4.07,0.18,-0.09,0.06,3.16,0.08,NGC2141,0.9995
06031354+1023179,6454.0,65.0,4.11,0.17,-0.1,0.05,2.4,0.16,NGC2141,1.0
06031467+1027387,6443.0,66.0,4.25,0.17,0.04,0.06,2.93,0.08,NGC2141,1.0
06031642+1027154,6435.0,64.0,3.97,0.17,-0.14,0.05,2.72,0.12,NGC2141,1.0
06031873+1026360,6479.0,67.0,4.01,0.17,-0.18,0.06,2.65,0.12,NGC2141,0.9973
06031912+1026137,6336.0,84.0,4.62,0.22,0.0,0.08,3.32,0.12,NGC2141,0.994
06032093+1022009,6474.0,64.0,4.31,0.17,-0.04,0.05,2.49,,NGC2141,0.9998
06032119+1026292,6311.0,64.0,4.01,0.17,0.03,0.05,3.02,0.08,NGC2141,0.9999
06032398+1024233,6515.0,65.0,4.07,0.17,-0.15,0.05,2.66,0.16,NGC2141,0.9998
06032584+1024087,6360.0,80.0,4.63,0.22,0.04,0.08,3.02,0.13,NGC2141,0.9999
06022822+1029267,6258.0,64.0,4.31,0.18,-0.06,0.06,3.11,0.09,NGC2141,0.9948
06023092+1029345,6080.0,66.0,3.9,0.17,-0.34,0.05,2.42,0.13,NGC2141,0.9999
06023205+1023188,6390.0,81.0,4.52,0.21,0.03,0.08,2.9,0.17,NGC2141,0.9999
06023336+1024536,6387.0,65.0,3.97,0.17,0.02,0.05,2.52,0.16,NGC2141,0.9999
06023373+1032020,5987.0,64.0,3.95,0.18,-0.3,0.05,2.52,0.13,NGC2141,0.9999
06023393+1025426,6081.0,81.0,4.38,0.22,0.07,0.08,2.7,0.17,NGC2141,0.9999
06023571+1026039,5621.0,81.0,3.51,0.21,-0.15,0.07,2.17,0.22,NGC2141,0.9987
06023706+1029573,5691.0,66.0,4.38,0.18,-0.55,0.06,2.72,0.12,NGC2141,0.9994
06023709+1027155,5553.0,80.0,4.52,0.21,-0.26,0.08,2.36,0.16,NGC2141,0.9997
06023859+1028232,6065.0,82.0,4.87,0.22,-0.18,0.08,2.86,0.1,NGC2141,0.9997
06023902+1027562,6554.0,66.0,4.1,0.17,-0.05,0.05,3.35,0.06,NGC2141,1.0
06024111+1030139,6482.0,67.0,4.42,0.17,-0.13,0.05,2.35,,NGC2141,0.9999
06024222+1031011,6399.0,65.0,4.04,0.17,-0.14,0.06,2.62,0.09,NGC2141,0.9999
06024313+1024533,6629.0,82.0,3.95,0.22,0.1,0.07,2.79,0.2,NGC2141,0.9999
06024352+1023111,6199.0,81.0,3.75,0.22,0.07,0.08,2.69,0.16,NGC2141,0.9995
06024376+1028082,6585.0,65.0,3.99,0.17,-0.12,0.05,2.96,0.09,NGC2141,1.0
06024500+1027475,5700.0,65.0,4.33,0.17,-0.31,0.05,2.41,0.14,NGC2141,0.9994
06024548+1027237,5067.0,66.0,3.19,0.18,0.01,0.05,1.34,0.09,NGC2141,1.0
06024583+1027072,6237.0,82.0,4.16,0.22,0.34,0.07,2.5,0.34,NGC2141,0.9997
06024651+1026096,6057.0,64.0,4.57,0.17,-0.23,0.05,2.31,0.15,NGC2141,0.9993
06024719+1027126,6473.0,65.0,4.19,0.18,-0.19,0.05,2.41,,NGC2141,0.9999
06024803+1026465,6649.0,65.0,4.19,0.17,-0.04,0.05,2.63,0.17,NGC2141,0.9999
06024847+1028174,6007.0,66.0,4.51,0.18,-0.2,0.06,2.42,0.2,NGC2141,0.9831
06024879+1026074,6670.0,68.0,4.08,0.17,-0.06,0.05,2.18,,NGC2141,0.9995
06024890+1024277,6184.0,63.0,4.44,0.17,-0.14,0.05,2.13,,NGC2141,0.9999
06024924+1028273,6599.0,67.0,4.01,0.18,-0.06,0.05,2.54,,NGC2141,1.0
06024966+1022488,6469.0,65.0,4.17,0.17,-0.06,0.06,2.85,0.13,NGC2141,0.9991
06025050+1023328,5580.0,82.0,4.82,0.22,-0.1,0.08,2.66,0.15,NGC2141,0.9996
06025128+1029322,5824.0,65.0,3.78,0.17,-0.21,0.06,2.27,0.16,NGC2141,0.9998
06025163+1024150,6465.0,65.0,4.11,0.18,-0.05,0.05,2.14,,NGC2141,0.9998
06025299+1031032,6127.0,67.0,4.08,0.17,-0.19,0.05,2.46,,NGC2141,0.9999
06025307+1022005,6132.0,79.0,4.81,0.22,0.06,0.07,2.8,0.17,NGC2141,0.9999
06025351+1025109,6354.0,64.0,4.16,0.17,-0.08,0.05,2.5,0.2,NGC2141,0.9998
06025356+1029492,5754.0,65.0,4.44,0.17,-0.5,0.05,2.55,0.12,NGC2141,0.9999
06025501+1023420,6024.0,65.0,4.27,0.17,-0.18,0.05,2.49,0.15,NGC2141,0.9999
06025503+1032221,5129.0,81.0,2.78,0.22,-0.67,0.08,1.69,0.22,NGC2141,0.9998
06025588+1025124,6273.0,64.0,4.02,0.17,-0.07,0.05,2.0,0.22,NGC2141,0.9999
06025591+1024364,6006.0,82.0,4.01,0.22,0.0,0.08,2.7,0.17,NGC2141,1.0
06025611+1025562,6089.0,63.0,4.19,0.17,0.0,0.05,3.1,0.11,NGC2141,0.9999
06025636+1030189,5783.0,83.0,3.91,0.22,-0.5,0.08,2.26,0.18,NGC2141,0.9999
06025877+1026192,5991.0,66.0,4.17,0.18,-0.25,0.05,1.96,,NGC2141,0.9998
06025897+1026487,6209.0,63.0,4.23,0.17,-0.14,0.05,2.97,0.11,NGC2141,0.9999
06025950+1029081,6272.0,65.0,4.3,0.17,-0.06,0.06,3.07,0.1,NGC2141,0.9998
06025953+1028481,6264.0,66.0,3.9,0.18,-0.18,0.05,2.31,0.19,NGC2141,1.0
06025954+1027262,6440.0,64.0,4.02,0.17,-0.12,0.05,2.54,0.19,NGC2141,0.9986
06025991+1027136,5861.0,64.0,4.13,0.17,-0.19,0.06,2.05,0.22,NGC2141,0.9709
06030001+1026461,6406.0,66.0,4.11,0.17,-0.03,0.06,2.5,0.22,NGC2141,0.9999
06030039+1025043,6007.0,67.0,4.64,0.17,-0.22,0.05,2.44,0.2,NGC2141,0.9999
06030055+1027431,6465.0,64.0,3.93,0.17,-0.34,0.05,2.72,0.13,NGC2141,0.9997
06030096+1029228,5806.0,84.0,4.59,0.22,-0.18,0.08,2.37,0.23,NGC2141,0.9998
06030116+1028298,6301.0,65.0,4.05,0.17,-0.16,0.05,3.08,0.06,NGC2141,0.966
06030130+1031439,6100.0,80.0,4.57,0.22,0.22,0.08,2.66,0.22,NGC2141,0.9751
06030133+1032229,6432.0,65.0,4.12,0.17,-0.08,0.05,2.52,0.2,NGC2141,0.9996
06030140+1026363,6375.0,66.0,4.09,0.17,-0.17,0.05,2.21,,NGC2141,1.0
06030167+1022588,6693.0,67.0,4.01,0.18,-0.18,0.05,2.85,0.12,NGC2141,1.0
06030169+1028151,6070.0,69.0,4.28,0.21,-0.21,0.05,2.8,0.12,NGC2141,0.9997
06030189+1028491,6130.0,65.0,4.11,0.17,-0.02,0.06,3.04,0.11,NGC2141,0.9997
06030269+1033327,6114.0,64.0,4.34,0.18,-0.07,0.06,3.08,0.11,NGC2141,0.9995
06030328+1027493,6331.0,65.0,4.1,0.17,-0.13,0.06,2.88,0.06,NGC2141,0.9974
06030342+1029068,6158.0,66.0,4.42,0.18,-0.14,0.05,2.56,0.14,NGC2141,0.9999
06030462+1024580,6524.0,67.0,3.9,0.17,-0.16,0.05,2.68,0.15,NGC2141,1.0
06030512+1026321,6407.0,66.0,4.26,0.17,0.0,0.06,2.43,0.2,NGC2141,0.9719
06030698+1033285,6607.0,65.0,4.11,0.17,-0.08,0.06,2.66,0.14,NGC2141,0.9999
06030720+1034599,6388.0,64.0,3.91,0.18,-0.11,0.05,2.44,0.1,NGC2141,1.0
06030732+1031468,6199.0,65.0,4.06,0.18,-0.09,0.05,2.65,0.16,NGC2141,0.9997
06030825+1027378,5877.0,79.0,3.74,0.22,-0.16,0.08,2.11,,NGC2141,0.9999
06030984+1033126,6010.0,80.0,4.98,0.22,0.01,0.08,2.54,0.22,NGC2141,0.9991
06031041+1031202,6595.0,64.0,4.17,0.17,-0.05,0.05,2.39,0.28,NGC2141,1.0
06031091+1030069,6448.0,66.0,3.97,0.17,-0.12,0.05,2.06,,NGC2141,0.9978
06031666+1030067,5827.0,82.0,4.52,0.22,0.01,0.08,2.66,0.14,NGC2141,0.9993
06031769+1030106,6561.0,65.0,3.97,0.17,0.01,0.05,3.22,0.09,NGC2141,0.9927
06032262+1030516,5693.0,79.0,3.6,0.22,-0.09,0.08,2.46,0.19,NGC2141,0.9962
06022824+1026530,6366.0,65.0,4.11,0.17,-0.29,0.06,3.26,0.06,NGC2141,0.9999
06023193+1030103,6316.0,66.0,4.16,0.18,-0.25,0.05,2.38,0.12,NGC2141,0.9997
06023227+1027116,6597.0,66.0,4.25,0.18,-0.04,0.05,2.59,0.19,NGC2141,1.0
06024340+1027314,6328.0,65.0,4.11,0.17,-0.21,0.05,2.65,0.11,NGC2141,0.9847
06024495+1021420,5086.0,63.0,3.3,0.17,0.06,0.05,1.39,0.09,NGC2141,1.0
06024716+1020530,6229.0,64.0,3.95,0.17,-0.19,0.05,2.18,,NGC2141,0.9997
06024987+1021120,6408.0,64.0,3.96,0.17,-0.13,0.05,2.97,0.13,NGC2141,0.9998
06025037+1033031,6383.0,67.0,4.02,0.17,-0.06,0.06,3.1,0.1,NGC2141,0.9999
06025173+1033105,6429.0,65.0,3.92,0.17,-0.12,0.05,2.82,0.13,NGC2141,1.0
06025256+1028057,6288.0,67.0,4.03,0.17,-0.43,0.05,2.84,0.14,NGC2141,1.0
06025294+1025375,6357.0,64.0,4.23,0.17,-0.23,0.06,2.24,,NGC2141,0.9998
06025298+1030543,6016.0,65.0,3.83,0.17,-0.13,0.05,2.58,0.07,NGC2141,1.0
06025493+1020179,6276.0,64.0,3.98,0.17,-0.03,0.05,2.74,0.16,NGC2141,1.0
06025515+1032197,5920.0,64.0,3.95,0.18,-0.17,0.05,2.04,0.08,NGC2141,0.9936
06025587+1027467,6417.0,65.0,3.85,0.17,-0.21,0.05,3.08,0.08,NGC2141,0.9976
06025605+1030441,6412.0,65.0,4.13,0.17,-0.47,0.06,3.12,0.08,NGC2141,0.9793
06025607+1034525,6319.0,66.0,4.02,0.18,0.07,0.05,2.56,0.12,NGC2141,0.9941
06025666+1027195,6376.0,66.0,4.03,0.17,-0.2,0.05,2.19,,NGC2141,0.9999
06025668+1028449,6329.0,67.0,4.06,0.17,-0.34,0.05,3.22,0.11,NGC2141,0.9998
06025777+1025499,6170.0,68.0,3.91,0.18,-0.18,0.05,2.64,0.12,NGC2141,0.9978
06025784+1027349,6325.0,65.0,3.75,0.17,-0.16,0.05,2.61,0.14,NGC2141,0.9978
06025797+1031206,6378.0,66.0,4.04,0.18,-0.15,0.06,2.82,0.12,NGC2141,0.9999
06030017+1026196,6474.0,67.0,4.08,0.17,-0.08,0.05,2.84,0.13,NGC2141,0.9999
06030118+1026590,6469.0,82.0,4.23,0.22,-0.07,0.08,3.02,0.14,NGC2141,0.9988
06030142+1029304,4578.0,64.0,2.2,0.18,-0.22,0.05,0.82,0.09,NGC2141,1.0
06030199+1033428,6482.0,64.0,4.22,0.17,-0.25,0.05,2.92,0.1,NGC2141,0.9998
06030208+1028320,6492.0,105.0,3.39,0.34,-0.16,0.1,3.32,0.14,NGC2141,0.9996
06030230+1022106,6439.0,65.0,4.13,0.17,-0.1,0.05,2.98,0.08,NGC2141,1.0
06030418+1028256,6344.0,66.0,3.52,0.17,-0.37,0.05,2.55,0.19,NGC2141,0.9985
06030420+1024177,4899.0,65.0,2.7,0.17,-0.04,0.05,0.43,0.16,NGC2141,0.9653
06030549+1022485,6708.0,63.0,4.23,0.17,-0.05,0.05,2.92,0.09,NGC2141,0.9998
06030595+1024380,4576.0,65.0,2.2,0.18,-0.23,0.05,0.36,0.11,NGC2141,1.0
06030636+1029137,6204.0,67.0,4.27,0.17,-0.23,0.05,2.72,0.13,NGC2141,1.0
06030775+1022138,6282.0,65.0,3.8,0.18,-0.16,0.05,2.62,0.12,NGC2141,0.9999
06030804+1028558,6345.0,66.0,3.93,0.18,0.01,0.05,2.27,0.25,NGC2141,0.9999
06030957+1026304,6221.0,64.0,4.0,0.18,-0.22,0.05,2.45,0.12,NGC2141,0.9999
06030964+1029420,4840.0,65.0,2.49,0.17,-0.09,0.05,0.41,0.19,NGC2141,1.0
06031368+1025272,6536.0,64.0,4.01,0.18,-0.11,0.05,3.26,0.07,NGC2141,0.9997
06025060+1024425,4886.0,31.0,2.75,0.05,0.0,0.05,0.24,,NGC2141,1.0
06025452+1031407,4844.0,30.0,2.61,0.05,-0.04,0.05,-0.14,,NGC2141,1.0
06025606+1028103,4732.0,31.0,2.67,0.05,0.03,0.05,0.22,,NGC2141,1.0
06025939+1021259,4848.0,30.0,2.6,0.05,-0.06,0.05,-1.0,,NGC2141,1.0
06065135+2412010,6238.0,66.0,3.81,0.17,0.04,0.05,2.95,0.11,NGC2158,0.9998
06065226+2407041,5700.0,64.0,3.76,0.17,-0.45,0.05,1.94,,NGC2158,0.9965
06065718+2402317,6853.0,108.0,3.34,0.33,-0.14,0.1,3.2,0.18,NGC2158,0.9861
06070935+2408406,6231.0,81.0,4.11,0.22,-0.28,0.08,2.96,0.13,NGC2158,0.993
06070961+2404269,6066.0,107.0,4.71,0.32,-0.24,0.1,2.69,0.21,NGC2158,0.992
06071124+2409228,6809.0,87.0,4.23,0.22,-0.51,0.08,3.49,0.12,NGC2158,0.9995
06071271+2407220,5771.0,81.0,3.71,0.22,-0.97,0.08,2.06,0.25,NGC2158,0.9994
06071310+2405474,4974.0,31.0,2.72,0.05,-0.18,0.05,-0.33,,NGC2158,0.9996
06071429+2411517,6652.0,83.0,4.15,0.22,-0.05,0.08,2.76,0.26,NGC2158,0.9994
06071460+2406327,6277.0,65.0,4.32,0.18,-0.82,0.06,2.86,0.12,NGC2158,0.9988
06071589+2403583,4993.0,30.0,2.76,0.05,-0.14,0.05,0.46,,NGC2158,0.9994
06071709+2405148,6226.0,86.0,3.44,0.22,-0.44,0.08,2.83,0.21,NGC2158,0.9993
06071737+2406333,6499.0,66.0,4.35,0.17,-0.21,0.05,3.06,0.12,NGC2158,0.994
06071979+2402319,6769.0,67.0,4.12,0.18,-0.24,0.06,3.3,0.09,NGC2158,0.9997
06072007+2406222,6180.0,96.0,4.95,0.25,0.16,0.15,2.8,0.2,NGC2158,0.9925
06072017+2409411,6725.0,83.0,4.34,0.22,-0.25,0.08,3.3,0.12,NGC2158,0.9997
06072026+2405494,6459.0,66.0,4.08,0.17,-0.22,0.06,3.27,0.08,NGC2158,0.9943
06072199+2404359,5762.0,64.0,3.78,0.17,-0.39,0.05,2.57,0.08,NGC2158,0.9992
06072202+2405468,5398.0,83.0,3.81,0.22,-0.41,0.08,2.06,0.23,NGC2158,0.9968
06072238+2409432,6489.0,83.0,4.5,0.21,-0.04,0.08,3.45,0.12,NGC2158,0.9974
06072253+2401008,6592.0,81.0,3.38,0.22,-0.44,0.08,3.06,0.14,NGC2158,0.9991
06072312+2407457,6418.0,84.0,4.07,0.22,-0.11,0.07,2.72,0.24,NGC2158,0.9957
06072386+2405218,5536.0,84.0,4.07,0.22,-0.34,0.07,2.55,0.16,NGC2158,0.9991
06072405+2406472,4975.0,64.0,2.84,0.17,-0.15,0.05,0.39,0.21,NGC2158,0.9999
06072446+2410279,6585.0,83.0,3.89,0.21,-0.3,0.08,3.14,0.17,NGC2158,0.9934
06072603+2406150,6487.0,82.0,3.76,0.22,-0.19,0.08,2.82,0.19,NGC2158,0.9898
06072649+2406501,6361.0,66.0,3.98,0.17,-0.29,0.05,2.43,,NGC2158,0.9983
06072723+2405425,6544.0,65.0,4.1,0.18,-0.3,0.05,2.79,0.18,NGC2158,0.9991
06072826+2405237,6474.0,65.0,4.06,0.17,0.01,0.05,3.13,0.08,NGC2158,0.9975
06072876+2409094,6205.0,82.0,4.86,0.22,-0.38,0.07,3.02,0.15,NGC2158,0.9993
06072902+2408348,6342.0,65.0,3.96,0.17,-0.15,0.05,3.23,0.08,NGC2158,0.9997
06072907+2402151,4935.0,31.0,2.73,0.05,-0.14,0.05,-0.46,,NGC2158,0.9998
06072953+2406070,6903.0,76.0,3.95,0.19,-0.01,0.09,2.52,0.18,NGC2158,0.9995
06072965+2404394,6321.0,82.0,4.35,0.21,-0.43,0.08,2.65,0.2,NGC2158,0.9933
06073017+2410069,6179.0,82.0,3.88,0.22,-0.11,0.08,2.95,0.16,NGC2158,0.9985
06073028+2406494,6205.0,75.0,3.73,0.18,-0.72,0.09,2.54,0.13,NGC2158,0.9989
06073059+2405274,6754.0,66.0,3.94,0.17,-0.24,0.05,3.15,0.12,NGC2158,0.9994
06073207+2401508,6196.0,82.0,3.33,0.22,-0.25,0.08,3.14,0.19,NGC2158,0.9991
06073284+2407325,6672.0,68.0,3.81,0.18,-0.02,0.05,3.61,0.08,NGC2158,0.9997
06073551+2407464,6395.0,65.0,3.7,0.17,-0.23,0.05,3.18,0.09,NGC2158,0.9989
06073652+2407000,4987.0,64.0,2.96,0.17,-0.12,0.05,0.69,0.14,NGC2158,0.9969
06073654+2408557,5969.0,83.0,4.6,0.22,-0.42,0.08,3.01,0.15,NGC2158,0.9953
06073918+2401539,6097.0,104.0,4.33,0.34,-0.23,0.09,2.61,0.18,NGC2158,0.9962
06074499+2403353,6736.0,66.0,4.16,0.17,-0.5,0.05,3.02,0.11,NGC2158,0.9977
06074550+2406066,5383.0,82.0,4.06,0.22,-0.76,0.08,2.24,0.2,NGC2158,0.999
06074558+2410468,6968.0,72.0,4.24,0.21,-0.24,0.05,3.33,0.11,NGC2158,0.9996
06074587+2407417,6205.0,63.0,4.1,0.17,-0.17,0.06,2.84,0.12,NGC2158,0.9888
06074756+2405328,6051.0,82.0,3.14,0.22,-0.43,0.07,2.47,0.23,NGC2158,0.9703
06074866+2400305,6019.0,64.0,3.87,0.18,-0.2,0.05,2.69,0.07,NGC2158,0.9999
06075243+2403038,6385.0,66.0,3.84,0.18,-0.03,0.05,2.68,0.1,NGC2158,0.9998
06080214+2359136,6383.0,65.0,4.1,0.17,-0.02,0.06,3.17,0.07,NGC2158,0.9998
06073160+2409196,6562.0,65.0,4.15,0.18,-0.47,0.05,3.05,0.12,NGC2158,0.9993
06073461+2357090,6454.0,64.0,3.74,0.17,-0.28,0.05,2.49,0.27,NGC2158,0.9935
06070510+2404470,4566.0,66.0,2.24,0.18,-0.19,0.06,0.54,,NGC2158,0.9997
06070619+2412596,4564.0,65.0,2.14,0.17,-0.27,0.05,0.84,0.09,NGC2158,0.9992
06071096+2416054,4999.0,66.0,2.85,0.18,-0.14,0.05,1.0,,NGC2158,0.9998
06071449+2404393,4485.0,64.0,2.0,0.18,-0.41,0.05,0.88,0.11,NGC2158,0.9994
06071788+2405542,4398.0,65.0,1.88,0.17,-0.38,0.05,0.88,0.11,NGC2158,0.9997
06072139+2405257,4862.0,63.0,2.42,0.18,-0.19,0.06,0.67,0.16,NGC2158,0.9998
06072149+2404559,4674.0,65.0,2.26,0.17,-0.13,0.05,0.86,0.12,NGC2158,0.9995
06072160+2404374,4544.0,65.0,2.07,0.18,-0.21,0.05,-0.25,0.33,NGC2158,0.9995
06072285+2404512,4481.0,64.0,1.94,0.17,-0.38,0.05,0.24,0.12,NGC2158,0.9998
06072350+2404134,5074.0,64.0,2.98,0.17,-0.07,0.05,1.0,,NGC2158,0.9993
06072419+2406508,4592.0,65.0,2.26,0.17,-0.17,0.06,0.64,0.1,NGC2158,0.9996
06072494+2402324,4695.0,31.0,2.25,0.05,-0.08,0.05,0.62,0.07,NGC2158,0.9997
06072652+2404491,4702.0,64.0,2.27,0.17,-0.19,0.06,1.01,0.12,NGC2158,0.998
06072761+2406033,4947.0,66.0,2.83,0.17,-0.14,0.05,0.91,,NGC2158,0.9984
06072790+2405490,4327.0,76.0,1.84,0.18,-0.25,0.09,-0.44,0.17,NGC2158,0.9997
06072860+2405194,4592.0,64.0,2.24,0.17,-0.21,0.06,-0.7,0.43,NGC2158,0.9997
06072918+2408185,4982.0,30.0,2.76,0.05,-0.17,0.05,0.54,,NGC2158,0.9961
06073032+2407227,4909.0,67.0,2.76,0.17,-0.23,0.05,0.08,0.72,NGC2158,0.9998
06073045+2405229,4599.0,64.0,2.33,0.17,-0.16,0.05,0.65,,NGC2158,0.9941
06073096+2404228,4439.0,63.0,1.99,0.17,-0.39,0.05,0.76,0.12,NGC2158,0.9984
06073106+2412595,4979.0,67.0,2.79,0.17,-0.17,0.05,0.66,0.26,NGC2158,0.9999
06073254+2410410,5051.0,64.0,3.0,0.18,-0.02,0.05,0.71,0.27,NGC2158,0.9986
06073794+2403315,5023.0,65.0,2.85,0.17,-0.11,0.06,1.15,,NGC2158,0.9998
06073868+2409511,4751.0,31.0,2.55,0.05,-0.2,0.05,1.22,0.05,NGC2158,0.9998
06073878+2403117,4408.0,65.0,1.83,0.18,-0.39,0.05,0.84,0.12,NGC2158,0.9997
06073918+2409098,4979.0,31.0,2.72,0.05,-0.12,0.05,0.36,,NGC2158,0.9998
06074059+2408505,4955.0,65.0,2.79,0.17,-0.13,0.06,1.03,,NGC2158,0.9998
06074219+2403305,5007.0,65.0,2.99,0.17,-0.12,0.05,1.06,,NGC2158,0.9998
06074629+2406533,5033.0,65.0,3.09,0.17,-0.06,0.05,0.73,0.25,NGC2158,0.9998
06075243+2403561,4989.0,64.0,2.88,0.17,-0.1,0.05,1.06,,NGC2158,0.9996
06075797+2408455,4347.0,63.0,1.81,0.18,-0.38,0.05,-0.23,0.13,NGC2158,0.9998
06064909+2409222,4664.0,66.0,2.24,0.17,-0.23,0.06,1.0,0.11,NGC2158,0.9969
06071005+2405060,6344.0,65.0,4.2,0.17,-0.58,0.05,2.97,0.09,NGC2158,0.9996
06071229+2406349,6574.0,65.0,4.35,0.17,-0.85,0.06,3.17,0.09,NGC2158,0.9992
06071275+2407292,6526.0,78.0,4.1,0.18,-0.42,0.09,3.3,0.08,NGC2158,0.9994
06071354+2404366,6796.0,109.0,4.4,0.33,-0.07,0.1,3.06,,NGC2158,0.9977
06071567+2407153,6370.0,65.0,4.36,0.17,-0.89,0.05,1.93,,NGC2158,0.9695
06071572+2405307,6314.0,77.0,4.07,0.18,-0.37,0.09,2.38,0.26,NGC2158,0.9977
06071681+2405448,6857.0,65.0,3.97,0.18,0.07,0.05,3.15,0.08,NGC2158,0.9997
06071691+2409341,5671.0,79.0,4.65,0.23,-0.73,0.08,2.26,,NGC2158,0.9963
06071698+2401079,6862.0,66.0,4.03,0.18,-0.09,0.06,3.31,0.08,NGC2158,0.9995
06071734+2406259,6560.0,66.0,4.1,0.18,-0.19,0.05,3.01,0.06,NGC2158,0.9997
06071895+2407436,4986.0,63.0,2.9,0.17,-0.16,0.05,0.52,0.14,NGC2158,0.9993
06071913+2400148,5055.0,64.0,3.09,0.17,-0.08,0.05,1.1,,NGC2158,0.9995
06071987+2406552,6801.0,82.0,4.19,0.22,-0.23,0.07,2.83,0.15,NGC2158,0.9864
06072013+2355138,6727.0,65.0,3.91,0.17,-0.29,0.06,2.67,0.13,NGC2158,0.9998
06072104+2411043,6466.0,65.0,3.72,0.17,0.09,0.06,3.1,0.08,NGC2158,0.9989
06072122+2402075,6780.0,85.0,4.28,0.22,0.12,0.07,2.68,,NGC2158,0.9992
06072122+2406104,6414.0,83.0,4.04,0.22,-0.49,0.08,2.8,0.12,NGC2158,0.999
06072150+2408072,5901.0,65.0,3.98,0.17,-0.05,0.05,1.99,0.15,NGC2158,0.9986
06072160+2407237,5733.0,84.0,3.97,0.21,-0.5,0.08,2.84,0.15,NGC2158,0.9981
06072162+2402426,6720.0,83.0,4.27,0.22,-0.33,0.07,2.4,,NGC2158,0.9988
06072163+2405578,6107.0,64.0,3.75,0.17,-0.27,0.05,2.78,0.06,NGC2158,0.9991
06072205+2405207,6450.0,65.0,3.87,0.17,-0.24,0.06,2.67,0.14,NGC2158,0.998
06072245+2404578,6716.0,65.0,4.11,0.17,-0.3,0.05,2.72,0.21,NGC2158,0.9864
06072287+2408531,5722.0,103.0,4.12,0.34,-0.64,0.1,2.41,0.17,NGC2158,0.9992
06072337+2406283,6525.0,64.0,4.11,0.17,-0.22,0.06,3.08,0.09,NGC2158,0.9976
06072339+2403235,6514.0,83.0,4.18,0.22,-0.07,0.08,3.05,0.17,NGC2158,0.9953
06072413+2405161,6729.0,84.0,4.54,0.22,-0.05,0.08,3.24,0.1,NGC2158,0.9982
06072443+2400524,4939.0,63.0,2.79,0.17,-0.17,0.06,2.7,0.09,NGC2158,0.9996
06072467+2406306,6210.0,84.0,4.97,0.22,-0.11,0.08,3.12,0.13,NGC2158,0.9985
06072640+2405216,6595.0,65.0,3.95,0.17,-0.41,0.05,2.65,0.18,NGC2158,0.9995
06072645+2404239,6122.0,105.0,4.91,0.31,-0.06,0.1,2.79,0.18,NGC2158,0.9975
06072764+2407510,6661.0,66.0,4.1,0.17,-0.27,0.05,3.14,0.09,NGC2158,0.9997
06072848+2406443,6462.0,67.0,4.08,0.18,-0.15,0.06,2.77,0.12,NGC2158,0.9993
06072881+2407047,6773.0,66.0,3.92,0.17,-0.23,0.06,2.98,0.14,NGC2158,0.9995
06072902+2404391,6144.0,64.0,4.36,0.17,-0.19,0.05,2.7,0.13,NGC2158,0.9993
06072940+2408441,4978.0,65.0,3.01,0.17,-0.11,0.06,0.06,0.46,NGC2158,0.9994
06073156+2405422,6697.0,106.0,4.38,0.34,-0.19,0.09,2.89,0.23,NGC2158,0.9978
06073171+2409407,6752.0,66.0,4.0,0.17,-0.27,0.06,3.11,0.08,NGC2158,0.9993
06073310+2403394,6367.0,65.0,3.95,0.17,-0.24,0.06,2.85,0.09,NGC2158,0.998
06073386+2405278,6400.0,64.0,3.98,0.17,-0.34,0.06,2.21,,NGC2158,0.9914
06073428+2408531,6310.0,81.0,3.63,0.22,-0.1,0.08,2.88,0.15,NGC2158,0.9985
06073458+2404560,4872.0,66.0,2.43,0.17,-0.17,0.05,0.77,0.1,NGC2158,0.9563
06073538+2405111,6203.0,93.0,4.07,0.25,-0.79,0.16,1.95,,NGC2158,0.9962
06073553+2359174,6549.0,81.0,3.93,0.22,-0.1,0.08,3.26,0.15,NGC2158,0.9976
06073664+2401483,6291.0,83.0,4.66,0.22,-0.35,0.07,2.87,0.15,NGC2158,0.9992
06074506+2408092,6425.0,66.0,4.42,0.18,-0.25,0.05,2.43,0.21,NGC2158,0.9992
06074588+2405099,4953.0,63.0,3.04,0.17,-0.17,0.05,1.19,0.1,NGC2158,0.9996
06074664+2407382,6768.0,67.0,4.12,0.17,-0.11,0.05,2.83,0.19,NGC2158,0.9991
06075107+2358259,6445.0,64.0,3.92,0.18,-0.17,0.05,3.02,0.07,NGC2158,0.9996
06075919+2403197,6419.0,66.0,3.99,0.17,-0.26,0.05,2.74,0.1,NGC2158,0.9997
06065112+2413019,6189.0,64.0,3.74,0.17,-0.28,0.05,3.1,0.07,NGC2158,0.9998
06070095+2406301,5342.0,64.0,3.92,0.17,-0.31,0.06,1.38,0.09,NGC2158,0.9992
06070415+2409180,4962.0,65.0,2.74,0.17,-0.18,0.05,1.0,,NGC2158,0.9997
06070684+2404576,6772.0,76.0,4.14,0.18,-0.16,0.09,2.89,0.15,NGC2158,0.9988
06070713+2408599,4980.0,32.0,2.78,0.05,-0.11,0.04,0.81,,NGC2158,0.9998
06071162+2411020,5990.0,85.0,3.4,0.22,-0.42,0.08,2.74,0.13,NGC2158,0.9958
06071271+2404509,6479.0,65.0,3.95,0.18,-0.07,0.05,2.77,0.15,NGC2158,0.9993
06071428+2359049,4984.0,66.0,2.82,0.18,-0.16,0.06,1.03,,NGC2158,0.9999
06071465+2405477,5972.0,65.0,3.82,0.18,-0.32,0.05,2.9,0.07,NGC2158,0.9998
06071551+2404588,6403.0,82.0,4.48,0.22,0.11,0.08,2.93,0.18,NGC2158,0.9931
06071854+2402077,6289.0,82.0,4.19,0.22,-0.19,0.08,2.91,0.19,NGC2158,0.9993
06071863+2407218,6817.0,76.0,3.94,0.18,0.0,0.09,3.2,0.08,NGC2158,0.9922
06071873+2408176,6300.0,81.0,4.79,0.22,-0.39,0.08,2.41,,NGC2158,0.9923
06071986+2405430,6510.0,68.0,3.96,0.17,-0.24,0.05,2.93,0.09,NGC2158,0.9942
06071999+2405197,5050.0,66.0,3.07,0.17,-0.1,0.06,1.11,,NGC2158,0.9968
06072090+2404043,6439.0,64.0,3.77,0.17,-0.06,0.05,2.41,0.2,NGC2158,0.9959
06072247+2406369,4977.0,67.0,2.9,0.17,-0.1,0.05,0.94,,NGC2158,0.9988
06072253+2412226,6479.0,65.0,4.03,0.17,-0.41,0.05,3.1,0.08,NGC2158,0.9935
06072260+2404097,6565.0,81.0,4.44,0.22,-0.24,0.08,2.61,,NGC2158,0.9934
06072410+2407156,6846.0,68.0,4.24,0.18,-0.21,0.06,3.16,0.11,NGC2158,0.996
06072435+2408365,6871.0,84.0,4.25,0.22,-0.08,0.08,2.8,,NGC2158,0.9942
06072558+2402136,6660.0,65.0,4.12,0.17,-0.18,0.05,2.86,0.14,NGC2158,0.9997
06072601+2404238,6837.0,105.0,4.19,0.24,-0.29,0.09,2.95,0.11,NGC2158,0.9988
06072711+2407289,6364.0,81.0,3.59,0.23,-0.22,0.07,3.33,0.1,NGC2158,0.9995
06072909+2406035,6927.0,105.0,4.24,0.33,0.03,0.09,3.29,0.16,NGC2158,0.999
06073069+2407003,4969.0,64.0,2.97,0.17,-0.16,0.05,-0.03,0.64,NGC2158,0.9996
06073138+2406223,6557.0,64.0,4.17,0.18,-0.44,0.05,2.98,0.09,NGC2158,0.9994
06073174+2402392,4967.0,30.0,2.76,0.05,-0.15,0.05,0.41,,NGC2158,0.9995
06073192+2406369,5990.0,64.0,3.75,0.17,-0.16,0.05,1.89,0.16,NGC2158,0.968
06073226+2409135,6766.0,77.0,4.13,0.18,-0.15,0.09,2.89,0.16,NGC2158,0.9995
06073284+2408551,6489.0,82.0,4.01,0.22,-0.08,0.08,3.18,0.23,NGC2158,0.9974
06073336+2405508,5681.0,65.0,4.15,0.17,-0.29,0.06,2.36,0.08,NGC2158,0.9997
06073520+2408299,6720.0,86.0,4.1,0.22,-0.12,0.08,2.5,,NGC2158,0.9994
06073598+2406230,6030.0,65.0,3.87,0.17,-0.23,0.05,2.7,0.08,NGC2158,0.9998
06073623+2405253,5647.0,64.0,3.82,0.17,-0.28,0.05,2.21,0.08,NGC2158,0.9997
06074132+2403003,5783.0,65.0,3.96,0.17,-0.61,0.05,2.11,0.12,NGC2158,0.9982
06074162+2405540,4945.0,32.0,2.74,0.05,-0.15,0.05,1.83,0.05,NGC2158,0.9981
06074206+2404352,6196.0,65.0,3.79,0.18,-0.16,0.05,2.92,0.07,NGC2158,0.9912
06074804+2409396,6707.0,66.0,3.95,0.17,-0.12,0.05,3.0,0.12,NGC2158,0.9997
06075433+2406233,6654.0,78.0,3.93,0.18,-0.19,0.09,2.95,0.13,NGC2158,0.9996
06075682+2408276,4920.0,66.0,2.63,0.18,-0.13,0.06,0.88,0.11,NGC2158,0.9988
06065435+2411251,6547.0,96.0,4.46,0.25,-0.7,0.15,2.81,,NGC2158,0.9994
06070649+2405010,6526.0,74.0,4.03,0.21,-0.66,0.06,3.0,0.15,NGC2158,0.9989
06071034+2404046,6978.0,85.0,4.22,0.22,-0.33,0.08,3.29,0.13,NGC2158,0.9977
06071275+2405321,6747.0,66.0,4.11,0.17,-0.09,0.06,3.31,0.13,NGC2158,0.9993
06071293+2408318,6424.0,76.0,4.06,0.18,-0.59,0.09,3.27,0.1,NGC2158,0.999
06071365+2403327,6690.0,106.0,3.79,0.33,-0.07,0.09,2.61,0.42,NGC2158,0.9829
06071594+2405183,5438.0,83.0,2.81,0.22,-0.98,0.08,2.22,0.2,NGC2158,0.9848
06071644+2402303,6559.0,81.0,4.21,0.22,-0.24,0.08,3.0,0.16,NGC2158,0.999
06071764+2407202,6629.0,84.0,4.19,0.22,-0.18,0.08,2.61,,NGC2158,0.9991
06071840+2405084,6775.0,85.0,4.3,0.22,-0.03,0.08,3.27,0.17,NGC2158,0.9991
06071889+2356594,5963.0,65.0,4.17,0.17,-0.32,0.05,2.63,0.1,NGC2158,0.9944
06071909+2403478,6619.0,66.0,3.98,0.17,-0.46,0.05,3.19,0.09,NGC2158,0.9989
06071926+2407379,6565.0,80.0,4.69,0.22,-0.1,0.08,3.31,0.12,NGC2158,0.9992
06072017+2407514,6977.0,105.0,4.22,0.33,-0.07,0.09,2.63,,NGC2158,0.9903
06072034+2404302,6917.0,107.0,4.14,0.33,0.17,0.09,2.83,0.2,NGC2158,0.9963
06072071+2404534,4933.0,78.0,3.07,0.18,-0.04,0.09,-0.33,0.64,NGC2158,0.9996
06072097+2406392,6903.0,106.0,4.42,0.33,0.12,0.1,2.77,,NGC2158,0.9974
06072177+2407306,6247.0,72.0,3.96,0.21,-0.24,0.05,3.41,0.1,NGC2158,0.9998
06072224+2408490,6621.0,83.0,4.76,0.21,-0.26,0.08,2.64,,NGC2158,0.9988
06072240+2407376,6381.0,84.0,4.17,0.22,0.04,0.07,2.84,0.2,NGC2158,0.9945
06072257+2404449,6617.0,109.0,4.58,0.33,0.12,0.09,2.77,,NGC2158,0.9909
06072308+2405236,5349.0,80.0,3.03,0.22,-1.06,0.08,2.18,0.17,NGC2158,0.9989
06072328+2406026,6497.0,105.0,4.63,0.33,-0.22,0.09,2.91,0.19,NGC2158,0.9986
06072385+2405130,5184.0,82.0,3.47,0.22,-0.43,0.08,2.5,0.18,NGC2158,0.9988
06072404+2407292,6678.0,95.0,4.54,0.26,0.38,0.09,3.08,0.27,NGC2158,0.9863
06072415+2407008,6581.0,84.0,2.97,0.34,-0.58,0.08,3.49,0.2,NGC2158,0.9667
06072472+2408035,6680.0,81.0,4.25,0.22,0.19,0.08,3.46,0.16,NGC2158,0.9994
06072588+2408307,6949.0,108.0,4.5,0.33,0.13,0.09,3.13,,NGC2158,0.9832
06072615+2401471,6698.0,64.0,3.91,0.18,-0.2,0.05,2.76,0.23,NGC2158,0.9989
06072673+2407088,6639.0,69.0,4.19,0.21,-0.23,0.05,2.73,,NGC2158,0.9997
06072679+2403526,6498.0,69.0,3.93,0.21,-0.25,0.05,2.8,0.15,NGC2158,0.9976
06072743+2405241,6297.0,83.0,4.69,0.22,-0.35,0.08,3.2,0.14,NGC2158,0.9983
06072758+2404264,6369.0,102.0,3.68,0.33,-0.36,0.09,3.16,0.19,NGC2158,0.9963
06072759+2406066,6469.0,66.0,4.04,0.18,-0.15,0.05,2.99,0.1,NGC2158,0.9981
06072767+2406239,5973.0,84.0,4.64,0.22,-0.47,0.08,2.37,,NGC2158,0.9992
06072863+2404055,6221.0,83.0,4.53,0.21,-0.51,0.08,2.25,,NGC2158,0.9968
06072894+2401455,6477.0,67.0,4.33,0.17,-0.3,0.05,2.65,0.14,NGC2158,0.9991
06072900+2407267,6817.0,80.0,4.48,0.22,-0.08,0.07,2.9,,NGC2158,0.9701
06072936+2405484,6525.0,104.0,4.52,0.34,-0.46,0.09,2.87,0.19,NGC2158,0.9965
06072991+2406347,6529.0,81.0,4.24,0.33,0.19,0.08,2.97,0.25,NGC2158,0.9962
06073007+2408147,6882.0,107.0,4.55,0.32,0.07,0.09,3.48,0.2,NGC2158,0.9994
06073022+2407508,6681.0,82.0,4.02,0.21,-0.52,0.08,2.92,0.17,NGC2158,0.9953
06073031+2406038,6293.0,104.0,4.26,0.33,0.04,0.1,2.57,,NGC2158,0.9989
06073080+2409403,6457.0,82.0,3.73,0.22,-0.28,0.08,2.38,,NGC2158,0.9994
06073188+2406560,6686.0,64.0,4.18,0.18,-0.29,0.05,3.12,0.1,NGC2158,0.9996
06073196+2407489,6206.0,84.0,4.25,0.22,-0.61,0.08,2.71,0.16,NGC2158,0.9993
06073315+2403277,6502.0,66.0,4.37,0.17,-0.31,0.05,2.15,,NGC2158,0.9984
06073361+2407209,6013.0,66.0,3.78,0.17,-0.34,0.06,2.91,0.07,NGC2158,0.9968
06073454+2401523,6564.0,105.0,4.43,0.33,0.05,0.09,3.07,0.18,NGC2158,0.9995
06073547+2407175,6706.0,79.0,4.16,0.21,-0.1,0.08,3.07,0.16,NGC2158,0.9994
06073803+2355379,6614.0,82.0,3.9,0.23,-0.67,0.08,2.61,0.23,NGC2158,0.9996
06073975+2404082,5413.0,81.0,2.94,0.22,-0.78,0.08,1.98,,NGC2158,0.9917
06073991+2407434,6621.0,82.0,3.22,0.34,-0.13,0.08,2.86,0.27,NGC2158,0.9985
06074001+2405165,6225.0,106.0,3.24,0.33,-0.27,0.09,2.94,0.19,NGC2158,0.9988
06074083+2357552,6658.0,106.0,4.34,0.33,-0.03,0.09,3.16,0.18,NGC2158,0.9754
06074518+2404523,6753.0,82.0,4.21,0.21,-0.25,0.08,3.03,0.19,NGC2158,0.9994
06064981+2409449,5256.0,83.0,2.12,0.21,-1.28,0.08,2.13,0.19,NGC2158,0.9967
06065545+2405046,6259.0,66.0,3.95,0.17,-0.38,0.06,2.99,0.08,NGC2158,0.9997
06070023+2406380,6814.0,64.0,3.74,0.17,-0.19,0.06,3.15,0.09,NGC2158,0.9998
06070451+2410232,6423.0,65.0,4.14,0.18,-1.02,0.05,2.53,0.19,NGC2158,0.9992
06071349+2359493,6353.0,85.0,4.77,0.23,-0.39,0.07,3.02,0.19,NGC2158,0.9854
06071589+2409267,5783.0,83.0,3.27,0.22,-0.59,0.08,2.76,0.17,NGC2158,0.9986
06071595+2406250,6691.0,83.0,4.21,0.22,-0.46,0.08,3.55,0.1,NGC2158,0.9994
06071799+2408234,6651.0,82.0,4.04,0.21,-0.36,0.07,2.6,,NGC2158,0.9994
06071805+2407271,6522.0,83.0,4.3,0.22,-0.39,0.08,3.14,0.12,NGC2158,0.9988
06071855+2401095,6903.0,65.0,4.2,0.18,-0.19,0.06,3.35,0.1,NGC2158,0.9927
06071956+2406164,6441.0,66.0,3.89,0.18,-0.8,0.06,2.61,,NGC2158,0.999
06071957+2404484,6387.0,83.0,4.1,0.22,-0.33,0.08,2.66,0.27,NGC2158,0.9969
06072210+2404412,6638.0,65.0,4.49,0.17,-0.08,0.05,2.42,,NGC2158,0.9995
06072214+2403220,6180.0,78.0,3.52,0.34,-0.27,0.1,3.32,0.19,NGC2158,0.9962
06072304+2404354,6107.0,82.0,4.64,0.22,-0.37,0.08,2.77,0.16,NGC2158,0.9988
06072324+2406052,6283.0,65.0,3.8,0.17,-0.49,0.05,2.55,0.18,NGC2158,0.9991
06072346+2400164,6725.0,66.0,4.22,0.17,-0.19,0.05,2.85,0.2,NGC2158,0.9996
06072410+2408321,6302.0,102.0,3.62,0.33,-0.25,0.09,3.05,0.22,NGC2158,0.9988
06072429+2406575,6271.0,82.0,3.67,0.22,-0.81,0.08,2.82,0.18,NGC2158,0.9934
06072536+2404209,6297.0,83.0,3.12,0.21,-0.84,0.08,2.55,0.25,NGC2158,0.9994
06072644+2403581,6249.0,83.0,4.8,0.22,-0.44,0.08,2.21,,NGC2158,0.9958
06072656+2409515,6557.0,75.0,4.11,0.18,-0.2,0.1,3.06,0.1,NGC2158,0.9981
06072755+2405161,6077.0,65.0,3.88,0.18,-0.21,0.05,2.65,0.06,NGC2158,0.9997
06072768+2407027,6435.0,66.0,4.11,0.17,-0.11,0.05,3.17,0.08,NGC2158,0.9997
06072780+2404427,5848.0,75.0,3.64,0.18,-0.13,0.1,2.37,0.09,NGC2158,0.9991
06072919+2403123,6468.0,94.0,4.55,0.26,-0.25,0.16,3.3,0.1,NGC2158,0.9995
06072970+2404275,5305.0,84.0,4.42,0.22,-0.44,0.08,2.41,0.16,NGC2158,0.9935
06073010+2406210,5919.0,82.0,3.65,0.22,-0.23,0.08,2.61,0.17,NGC2158,0.999
06073050+2405579,6565.0,65.0,4.34,0.17,-0.51,0.06,2.72,0.19,NGC2158,0.9897
06073076+2404203,6422.0,64.0,4.32,0.17,-0.3,0.05,2.62,0.19,NGC2158,0.9767
06073110+2409326,6440.0,79.0,4.13,0.18,-0.53,0.09,2.59,0.17,NGC2158,0.9997
06073116+2400254,6486.0,80.0,3.95,0.22,-0.18,0.08,2.96,0.15,NGC2158,0.9972
06073120+2408370,6224.0,64.0,4.13,0.17,-0.07,0.06,2.45,0.26,NGC2158,0.9993
06073135+2411152,6889.0,65.0,4.21,0.18,-0.3,0.05,3.27,0.09,NGC2158,0.9997
06073242+2408354,5582.0,81.0,2.92,0.22,-0.6,0.08,2.79,0.17,NGC2158,0.998
06073247+2405417,6578.0,65.0,4.21,0.17,-0.23,0.05,2.69,0.12,NGC2158,0.9996
06073350+2407162,6387.0,67.0,3.87,0.18,-0.09,0.06,2.51,0.29,NGC2158,0.9988
06073725+2408200,6553.0,67.0,4.03,0.17,-0.33,0.06,2.87,0.16,NGC2158,0.9986
06073844+2404425,6030.0,67.0,4.32,0.18,-0.38,0.05,2.48,0.16,NGC2158,0.9882
06073876+2405115,6585.0,82.0,4.23,0.33,-0.21,0.08,3.31,0.19,NGC2158,0.9937
06073920+2406203,6677.0,85.0,4.22,0.21,-0.35,0.08,2.89,0.19,NGC2158,0.9995
06073951+2407013,5941.0,84.0,4.41,0.34,-0.63,0.08,2.71,0.19,NGC2158,0.9987
06073960+2411071,6727.0,67.0,3.92,0.17,-0.34,0.05,2.46,,NGC2158,0.998
06074098+2404037,6624.0,82.0,4.05,0.22,-0.23,0.08,2.69,0.24,NGC2158,0.9996
06074126+2408473,5896.0,82.0,3.98,0.22,-0.21,0.08,3.04,0.17,NGC2158,0.995
06075001+2406211,6598.0,64.0,4.12,0.17,-0.54,0.05,2.69,0.2,NGC2158,0.9981
06073290+2410161,6432.0,82.0,3.12,0.22,-0.16,0.08,3.33,0.16,NGC2158,0.9992
06073453+2403025,5857.0,95.0,3.24,0.26,-0.27,0.15,2.48,,NGC2158,0.9972
06071407+2406547,4341.0,31.0,1.69,0.06,-0.27,0.05,0.16,0.05,NGC2158,0.9974
06071765+2410276,5084.0,30.0,2.61,0.05,-0.23,0.05,0.89,,NGC2158,0.9991
06073998+2403546,4949.0,29.0,2.71,0.05,-0.18,0.05,-0.3,,NGC2158,0.9997
06251933-0442048,5420.0,81.0,4.08,0.13,0.02,0.06,3.36,0.1,NGC2232,0.9987
06250357-0456194,6330.0,83.0,4.22,0.1,0.0,0.05,3.26,0.06,NGC2232,0.9935
06283370-0446583,5695.0,82.0,4.31,0.1,-0.07,0.07,3.02,0.08,NGC2232,0.9992
06262777-0433218,6003.0,33.0,4.51,0.06,0.02,0.05,3.32,0.03,NGC2232,0.9951
06272759-0445230,3807.07,58.69,4.73,0.09,0.26,0.07,2.5,0.12,NGC2232,0.9819
06274602-0446224,5927.0,83.0,4.2,0.09,0.06,0.05,3.39,0.08,NGC2232,0.9998
06285630-0449096,5163.0,81.0,3.95,0.15,0.03,0.05,3.31,0.11,NGC2232,0.9982
06292939-3115459,4963.0,21.0,2.39,0.03,-0.48,0.04,0.21,0.12,NGC2243,1.0
06294149-3114360,4805.0,22.0,2.59,0.03,-0.44,0.04,0.73,0.04,NGC2243,1.0
06294582-3115381,4955.0,22.0,2.39,0.04,-0.47,0.04,0.11,0.14,NGC2243,1.0
06294621-3116016,5192.0,35.0,2.97,0.06,-0.41,0.04,0.68,0.14,NGC2243,1.0
06291778-3120097,6621.0,56.0,4.1,0.16,-0.76,0.11,2.27,0.2,NGC2243,1.0
06292178-3118037,5983.0,65.0,3.91,0.18,-0.64,0.05,2.61,0.1,NGC2243,1.0
06292306-3122164,6224.0,66.0,4.21,0.17,-0.67,0.05,2.31,0.12,NGC2243,1.0
06292377-3124164,6307.0,66.0,4.19,0.15,-0.65,0.07,2.47,0.11,NGC2243,1.0
06292527-3113565,5560.0,66.0,4.25,0.17,-1.21,0.06,2.39,0.1,NGC2243,0.999
06292602-3115214,5071.0,66.0,4.05,0.17,-1.36,0.06,1.35,,NGC2243,0.9922
06292631-3117307,6226.0,85.0,4.31,0.21,-0.41,0.07,2.75,0.16,NGC2243,1.0
06292846-3120350,6415.0,66.0,4.32,0.15,-0.69,0.07,2.24,0.13,NGC2243,0.9994
06292865-3116068,6416.0,66.0,4.08,0.14,-0.65,0.07,2.07,0.2,NGC2243,1.0
06292944-3121577,5896.0,65.0,3.68,0.15,-0.52,0.07,2.28,0.07,NGC2243,1.0
06292961-3115264,6328.0,66.0,4.15,0.17,-0.92,0.05,1.96,0.17,NGC2243,0.9994
06293016-3115084,5264.0,66.0,3.45,0.17,-1.26,0.06,2.04,0.13,NGC2243,1.0
06293112-3116434,6118.0,66.0,4.08,0.17,-0.46,0.05,2.67,0.07,NGC2243,1.0
06293135-3120311,5604.0,64.0,4.36,0.17,-0.47,0.05,2.44,0.1,NGC2243,0.9995
06293204-3120036,6061.0,65.0,4.04,0.17,-0.51,0.06,2.86,0.09,NGC2243,0.9999
06293208-3117100,5674.0,64.0,3.71,0.17,-0.77,0.05,2.2,0.12,NGC2243,0.991
06293264-3116237,5278.0,82.0,3.46,0.22,-0.69,0.07,2.38,0.17,NGC2243,0.9536
06293282-3121153,6156.0,66.0,4.19,0.17,-0.48,0.05,2.96,0.09,NGC2243,0.9997
06293380-3118158,5892.0,64.0,3.92,0.18,-0.73,0.06,2.47,0.11,NGC2243,1.0
06293413-3120542,5826.0,66.0,4.68,0.18,-0.39,0.06,2.65,0.09,NGC2243,0.9999
06293425-3117276,6176.0,65.0,4.03,0.17,-0.45,0.06,2.74,0.08,NGC2243,1.0
06293456-3115507,5876.0,65.0,4.11,0.17,-0.64,0.06,2.68,0.1,NGC2243,1.0
06293481-3118335,6101.0,63.0,4.35,0.17,-0.59,0.05,3.01,0.08,NGC2243,0.9966
06293630-3116579,6273.0,66.0,4.43,0.17,-0.64,0.06,2.46,0.11,NGC2243,1.0
06293641-3119453,6591.0,55.0,3.91,0.16,-0.68,0.11,2.13,,NGC2243,1.0
06293642-3120032,6505.0,67.0,4.25,0.15,-0.51,0.07,2.16,0.18,NGC2243,1.0
06293652-3117157,5804.0,65.0,3.88,0.17,-0.42,0.06,2.57,0.16,NGC2243,1.0
06293710-3116332,5773.0,65.0,4.71,0.18,-0.5,0.06,2.43,0.12,NGC2243,0.9998
06293711-3118415,6503.0,68.0,4.12,0.15,-0.62,0.07,1.93,,NGC2243,1.0
06293771-3117486,6511.0,64.0,4.1,0.15,-0.61,0.07,2.55,0.12,NGC2243,1.0
06293793-3116491,5450.0,72.0,4.42,0.21,-0.48,0.05,1.53,,NGC2243,0.9999
06293802-3118489,6299.0,108.0,4.38,0.33,-0.54,0.1,2.82,0.13,NGC2243,0.9988
06293807-3119083,5513.0,66.0,3.81,0.18,-0.43,0.05,1.98,0.19,NGC2243,1.0
06293897-3115061,6237.0,66.0,4.41,0.15,-0.68,0.07,2.23,0.14,NGC2243,0.9948
06293901-3115545,5700.0,64.0,4.33,0.17,-0.56,0.06,2.18,,NGC2243,0.9955
06293907-3117588,6475.0,65.0,3.78,0.15,-0.77,0.07,2.63,0.06,NGC2243,1.0
06293915-3116229,6264.0,66.0,4.23,0.17,-0.75,0.05,2.44,0.1,NGC2243,0.9999
06293968-3114599,4943.0,81.0,4.78,0.22,-0.86,0.08,1.24,,NGC2243,1.0
06293971-3115444,6473.0,64.0,4.37,0.17,-0.53,0.05,2.01,,NGC2243,1.0
06293986-3118064,6162.0,64.0,4.04,0.17,-0.77,0.06,2.64,0.1,NGC2243,1.0
06293991-3115557,5394.0,64.0,3.84,0.17,-0.79,0.06,2.01,0.14,NGC2243,1.0
06294018-3121310,6314.0,66.0,4.21,0.14,-0.65,0.07,2.01,,NGC2243,1.0
06294027-3120547,6527.0,65.0,4.12,0.17,-0.71,0.05,2.21,,NGC2243,1.0
06294055-3122075,6539.0,65.0,4.01,0.14,-0.56,0.07,2.47,0.11,NGC2243,1.0
06294056-3114331,5876.0,66.0,4.55,0.17,-0.72,0.05,2.49,0.09,NGC2243,0.9987
06294102-3114126,5769.0,64.0,4.4,0.17,-0.53,0.06,2.6,0.11,NGC2243,0.9999
06294144-3119298,6377.0,65.0,3.95,0.14,-0.63,0.07,2.23,0.15,NGC2243,0.9982
06294146-3118062,4824.0,84.0,3.66,0.22,-0.89,0.07,1.21,0.21,NGC2243,0.9998
06294151-3119072,6430.0,67.0,4.57,0.17,-0.91,0.06,2.45,0.13,NGC2243,1.0
06294188-3115475,5410.0,64.0,3.93,0.17,-0.43,0.05,1.29,0.11,NGC2243,1.0
06294244-3121457,5653.0,65.0,3.93,0.18,-0.48,0.05,2.08,,NGC2243,1.0
06294298-3115222,5905.0,64.0,4.49,0.18,-0.61,0.06,2.8,0.09,NGC2243,1.0
06294348-3122289,5688.0,67.0,4.45,0.17,-0.59,0.06,2.28,0.16,NGC2243,0.9995
06294417-3115254,5702.0,64.0,4.4,0.16,-0.65,0.05,2.55,0.1,NGC2243,1.0
06294525-3115105,5722.0,72.0,4.31,0.21,-0.59,0.05,2.62,0.1,NGC2243,1.0
06294532-3117189,5336.0,63.0,3.67,0.17,-0.85,0.06,1.27,,NGC2243,0.9805
06294559-3111549,5752.0,64.0,4.65,0.18,-0.53,0.05,2.2,0.17,NGC2243,0.9999
06294711-3123586,5769.0,80.0,4.07,0.22,-0.46,0.07,2.18,0.28,NGC2243,1.0
06294783-3119016,5197.0,81.0,3.34,0.21,-0.72,0.08,1.75,0.26,NGC2243,0.9998
06294813-3120141,6321.0,67.0,4.24,0.18,-0.79,0.05,2.27,0.15,NGC2243,1.0
06294825-3112564,5244.0,70.0,4.29,0.21,-0.76,0.06,1.76,0.22,NGC2243,0.972
06294837-3122376,5065.0,64.0,3.62,0.18,-0.52,0.05,0.86,0.1,NGC2243,1.0
06294898-3120014,5758.0,66.0,3.66,0.17,-0.36,0.05,2.04,,NGC2243,1.0
06294899-3117478,5614.0,65.0,4.02,0.18,-0.47,0.05,2.1,0.22,NGC2243,1.0
06294931-3112223,6290.0,66.0,4.42,0.14,-0.58,0.07,2.35,0.13,NGC2243,1.0
06294999-3117496,5785.0,66.0,3.63,0.17,-0.53,0.05,2.76,0.11,NGC2243,1.0
06295000-3114520,5363.0,82.0,3.9,0.22,-0.67,0.08,1.41,,NGC2243,0.9996
06295025-3121199,6021.0,66.0,4.38,0.17,-0.49,0.05,2.95,0.1,NGC2243,1.0
06295138-3118432,5616.0,82.0,4.06,0.22,-0.57,0.08,2.23,0.17,NGC2243,1.0
06295150-3120463,5994.0,63.0,4.3,0.18,-0.48,0.05,2.81,0.1,NGC2243,1.0
06295335-3117218,5737.0,80.0,4.59,0.21,-0.53,0.08,2.15,0.29,NGC2243,0.9999
06295362-3118557,5553.0,65.0,4.18,0.17,-0.7,0.06,2.4,0.13,NGC2243,1.0
06295442-3119045,5389.0,65.0,3.55,0.14,-0.58,0.07,1.0,0.25,NGC2243,1.0
06295488-3117129,5684.0,104.0,4.23,0.34,-0.54,0.09,1.9,,NGC2243,1.0
06295620-3121142,6149.0,67.0,4.23,0.18,-0.31,0.05,2.81,0.1,NGC2243,1.0
06295652-3115489,5422.0,64.0,4.31,0.18,-0.48,0.05,1.83,0.23,NGC2243,1.0
06295734-3118040,5526.0,104.0,4.34,0.33,-0.37,0.09,1.89,0.37,NGC2243,0.9999
06295768-3121395,6701.0,67.0,4.09,0.17,-0.62,0.06,2.32,0.19,NGC2243,1.0
06295818-3120414,5504.0,62.0,3.48,0.18,-0.59,0.06,1.5,,NGC2243,0.9822
06300128-3118278,6349.0,66.0,4.15,0.14,-0.63,0.07,1.75,,NGC2243,1.0
06300394-3119560,6247.0,65.0,4.21,0.17,-0.81,0.05,2.54,0.13,NGC2243,0.9978
06300416-3117553,6380.0,62.0,4.01,0.17,-0.75,0.05,1.96,,NGC2243,1.0
06300465-3120584,5774.0,64.0,4.14,0.17,-0.6,0.06,2.51,0.12,NGC2243,1.0
06300496-3122166,6215.0,105.0,4.29,0.33,-0.63,0.1,2.47,0.21,NGC2243,1.0
06300775-3117395,6336.0,65.0,3.93,0.17,-0.79,0.05,2.4,0.18,NGC2243,1.0
06301145-3121392,5814.0,65.0,4.08,0.18,-0.56,0.06,2.69,0.12,NGC2243,1.0
06291101-3120394,4853.0,30.0,2.43,0.05,-0.48,0.05,-0.22,,NGC2243,1.0
06285405-3117250,6449.0,65.0,4.2,0.17,-0.41,0.05,2.76,0.11,NGC2243,1.0
06285570-3114594,5569.0,78.0,3.75,0.21,-1.07,0.08,2.38,0.14,NGC2243,1.0
06285934-3111507,5736.0,80.0,3.14,0.22,-0.9,0.08,2.54,0.15,NGC2243,1.0
06290642-3114454,5173.0,82.0,2.95,0.22,-1.52,0.08,2.12,0.18,NGC2243,0.9999
06290691-3116105,5508.0,83.0,3.61,0.22,-0.36,0.08,2.03,0.3,NGC2243,0.9999
06290849-3117120,5637.0,80.0,3.58,0.22,-0.56,0.08,2.52,0.21,NGC2243,1.0
06290969-3117478,5563.0,102.0,4.38,0.33,-0.53,0.1,2.23,0.25,NGC2243,1.0
06291628-3116465,5180.0,65.0,3.34,0.14,-0.54,0.07,1.25,0.11,NGC2243,1.0
06291887-3116125,6430.0,66.0,4.26,0.15,-0.63,0.07,1.87,,NGC2243,1.0
06292091-3122407,5617.0,64.0,4.46,0.18,-0.51,0.05,2.29,0.18,NGC2243,1.0
06292092-3117508,6460.0,67.0,4.13,0.14,-0.6,0.07,2.09,0.21,NGC2243,1.0
06292114-3112055,6638.0,85.0,4.36,0.22,-0.19,0.07,3.2,0.12,NGC2243,1.0
06292191-3115322,5961.0,81.0,4.6,0.22,-0.29,0.08,2.85,0.16,NGC2243,0.9999
06292250-3123093,5588.0,65.0,4.05,0.17,-0.46,0.06,2.31,0.16,NGC2243,0.9998
06292398-3121282,6091.0,64.0,4.23,0.18,-0.53,0.05,2.41,0.11,NGC2243,0.9999
06292435-3116596,6069.0,63.0,4.28,0.17,-0.51,0.06,2.62,0.09,NGC2243,0.9982
06292528-3117084,5740.0,101.0,4.39,0.33,-0.39,0.09,2.29,0.21,NGC2243,1.0
06292599-3115451,6281.0,66.0,4.2,0.17,-0.8,0.05,2.78,0.11,NGC2243,0.9999
06292686-3112265,6652.0,67.0,3.95,0.18,-0.53,0.05,3.24,0.1,NGC2243,1.0
06292784-3114404,5732.0,64.0,4.43,0.17,-0.36,0.06,2.71,0.1,NGC2243,1.0
06292806-3115454,6036.0,71.0,4.3,0.21,-0.59,0.06,2.98,0.11,NGC2243,1.0
06292900-3112472,5674.0,66.0,4.0,0.21,-0.72,0.05,2.57,0.12,NGC2243,0.9954
06292933-3121354,5117.0,66.0,3.14,0.14,-0.51,0.07,1.15,0.09,NGC2243,1.0
06292979-3115339,6305.0,66.0,4.13,0.18,-0.88,0.05,1.89,,NGC2243,1.0
06293015-3111401,6529.0,83.0,4.03,0.22,-0.55,0.08,3.28,0.16,NGC2243,1.0
06293037-3117409,6029.0,70.0,3.84,0.21,-0.55,0.06,2.9,0.09,NGC2243,1.0
06293044-3116377,5993.0,65.0,4.28,0.17,-0.42,0.06,2.85,0.13,NGC2243,1.0
06293145-3121105,6171.0,64.0,4.09,0.17,-0.57,0.06,2.71,0.1,NGC2243,1.0
06293155-3116065,6462.0,82.0,4.55,0.22,-0.75,0.08,2.9,0.09,NGC2243,1.0
06293188-3118043,6140.0,66.0,3.97,0.18,-0.78,0.05,2.35,0.08,NGC2243,1.0
06293212-3114272,5783.0,65.0,3.78,0.18,-0.54,0.05,2.44,0.11,NGC2243,1.0
06293305-3110392,5888.0,81.0,3.31,0.22,-0.46,0.08,2.28,0.25,NGC2243,1.0
06293394-3120406,5996.0,82.0,4.74,0.22,-0.08,0.08,2.46,0.26,NGC2243,1.0
06293420-3114518,5772.0,64.0,4.45,0.17,-0.39,0.05,2.48,0.13,NGC2243,0.9996
06293456-3118372,5554.0,66.0,4.68,0.17,-0.43,0.05,2.03,0.24,NGC2243,0.9999
06293614-3118450,5517.0,67.0,4.03,0.17,-0.46,0.05,1.78,,NGC2243,0.9999
06293627-3115559,6395.0,64.0,4.2,0.17,-0.54,0.06,2.39,0.12,NGC2243,1.0
06293633-3119024,5659.0,68.0,4.46,0.21,-0.35,0.05,2.31,0.12,NGC2243,1.0
06293698-3110026,5852.0,65.0,4.29,0.18,-0.42,0.05,2.53,0.16,NGC2243,1.0
06293713-3117413,6324.0,65.0,4.03,0.17,-0.76,0.06,2.39,0.1,NGC2243,1.0
06293714-3118200,6162.0,64.0,4.3,0.18,-0.42,0.06,1.92,,NGC2243,1.0
06293746-3118006,6097.0,67.0,4.24,0.17,-0.6,0.06,2.82,0.09,NGC2243,0.9997
06293790-3116279,6071.0,66.0,3.92,0.17,-0.69,0.06,2.91,0.11,NGC2243,0.9978
06293816-3119020,6249.0,65.0,4.41,0.17,-0.7,0.05,2.77,0.1,NGC2243,1.0
06293930-3116257,6309.0,65.0,4.04,0.17,-0.49,0.05,2.88,0.08,NGC2243,1.0
06293977-3112559,5673.0,78.0,3.2,0.21,-0.85,0.07,2.15,0.13,NGC2243,0.9999
06294010-3119296,5606.0,84.0,4.66,0.22,-0.32,0.08,1.98,0.3,NGC2243,1.0
06294056-3115352,5970.0,64.0,3.85,0.17,-0.5,0.05,2.46,0.09,NGC2243,1.0
06294118-3122435,5907.0,63.0,4.25,0.18,-0.76,0.05,2.74,0.11,NGC2243,1.0
06294161-3110388,5632.0,81.0,4.33,0.22,-0.33,0.08,2.23,0.24,NGC2243,0.9989
06294334-3119149,6093.0,83.0,4.26,0.22,-0.09,0.07,2.75,0.2,NGC2243,0.9995
06294339-3111529,6432.0,66.0,4.06,0.14,-0.58,0.07,2.2,0.19,NGC2243,1.0
06294396-3122271,6411.0,65.0,4.12,0.15,-0.55,0.07,2.33,,NGC2243,1.0
06294464-3114501,5577.0,80.0,3.6,0.22,-0.58,0.08,2.25,0.22,NGC2243,1.0
06294509-3113167,5802.0,65.0,4.15,0.17,-0.42,0.05,2.6,0.1,NGC2243,1.0
06294547-3111301,5866.0,82.0,4.37,0.22,-0.07,0.08,2.85,0.18,NGC2243,0.9999
06294620-3121269,5613.0,63.0,4.81,0.18,-0.66,0.05,2.26,0.18,NGC2243,1.0
06294888-3115571,6070.0,69.0,4.2,0.21,-0.66,0.05,2.71,0.11,NGC2243,0.9999
06294996-3119496,6082.0,66.0,4.47,0.18,-0.57,0.05,2.79,0.1,NGC2243,1.0
06295669-3121581,5593.0,63.0,4.0,0.18,-0.7,0.05,2.38,0.12,NGC2243,0.9972
06295743-3123095,5518.0,83.0,4.6,0.23,-0.62,0.07,2.07,,NGC2243,0.9999
06300040-3113197,6355.0,65.0,4.05,0.18,-0.71,0.05,2.3,0.18,NGC2243,1.0
06300518-3113594,6410.0,63.0,4.22,0.17,-0.69,0.05,2.42,0.13,NGC2243,1.0
06290477-3121263,4964.0,31.0,2.36,0.05,-0.54,0.05,0.21,,NGC2243,1.0
06290934-3110325,4866.0,31.0,2.57,0.05,-0.48,0.05,0.82,0.04,NGC2243,1.0
06292122-3118312,6334.0,82.0,4.39,0.21,-0.68,0.08,1.81,,NGC2243,0.9933
06290236-3120494,5666.0,67.0,3.29,0.17,-0.7,0.05,2.45,0.13,NGC2243,1.0
06290518-3120349,6155.0,65.0,3.71,0.18,-0.66,0.05,2.59,0.13,NGC2243,1.0
06290720-3117351,5679.0,64.0,3.89,0.17,-0.6,0.05,2.62,0.13,NGC2243,0.9999
06291037-3112493,5140.0,82.0,3.19,0.22,-1.43,0.08,2.07,0.16,NGC2243,0.9999
06291215-3117198,5618.0,65.0,4.26,0.17,-0.52,0.06,2.15,0.2,NGC2243,1.0
06291224-3115358,5786.0,65.0,3.81,0.18,-0.5,0.05,2.82,0.13,NGC2243,1.0
06291281-3117566,6022.0,62.0,3.98,0.17,-0.57,0.05,2.68,0.13,NGC2243,0.9999
06291289-3118590,5780.0,82.0,4.32,0.22,-0.32,0.08,2.49,0.2,NGC2243,0.9999
06291305-3109173,6096.0,65.0,3.78,0.14,-0.51,0.07,2.55,0.07,NGC2243,1.0
06291319-3120349,5101.0,81.0,2.86,0.22,-1.1,0.07,1.97,0.2,NGC2243,1.0
06291475-3118080,5754.0,83.0,3.55,0.22,-0.94,0.07,2.46,0.21,NGC2243,1.0
06291559-3119252,5858.0,81.0,4.1,0.22,-0.33,0.08,2.78,0.17,NGC2243,1.0
06291697-3116549,6447.0,66.0,4.18,0.15,-0.64,0.07,2.31,0.13,NGC2243,1.0
06291723-3123199,6391.0,67.0,3.95,0.14,-0.55,0.07,2.46,0.15,NGC2243,1.0
06291795-3118491,5800.0,82.0,3.62,0.22,-0.93,0.08,2.81,0.11,NGC2243,0.9999
06291855-3113305,6302.0,65.0,3.81,0.14,-0.76,0.07,2.23,0.1,NGC2243,0.9991
06291949-3121072,6357.0,66.0,3.97,0.17,-0.53,0.06,1.89,,NGC2243,1.0
06291982-3119377,6095.0,63.0,3.97,0.17,-0.61,0.05,2.58,0.13,NGC2243,1.0
06292105-3115298,6582.0,64.0,4.02,0.17,-0.77,0.06,2.5,0.12,NGC2243,1.0
06292213-3116520,5933.0,62.0,3.63,0.14,-0.6,0.07,2.34,0.07,NGC2243,1.0
06292272-3113279,6133.0,65.0,4.11,0.17,-0.73,0.06,2.84,0.09,NGC2243,1.0
06292336-3110504,6327.0,65.0,4.15,0.14,-0.62,0.07,2.43,0.16,NGC2243,0.9999
06292339-3114230,5318.0,65.0,4.34,0.18,-0.95,0.05,2.12,0.14,NGC2243,0.9999
06292363-3117081,4905.0,83.0,4.21,0.22,-0.78,0.08,1.32,0.28,NGC2243,0.9999
06292392-3111240,5671.0,82.0,4.13,0.22,-0.43,0.07,2.16,,NGC2243,0.9999
06292401-3118305,6562.0,67.0,4.08,0.17,-0.77,0.05,1.88,,NGC2243,0.9936
06292436-3119330,5741.0,63.0,4.11,0.16,-0.53,0.05,2.57,0.1,NGC2243,0.9999
06292470-3115303,6394.0,64.0,3.96,0.17,-0.5,0.06,2.09,,NGC2243,1.0
06292554-3121380,5757.0,65.0,4.48,0.18,-0.69,0.05,2.48,0.13,NGC2243,0.9977
06292595-3119295,5563.0,63.0,3.48,0.18,-0.65,0.05,1.82,,NGC2243,0.9999
06292626-3112134,6327.0,82.0,3.86,0.22,-0.85,0.07,2.64,0.1,NGC2243,1.0
06292651-3122208,6139.0,65.0,4.12,0.17,-0.46,0.05,2.75,0.11,NGC2243,0.9999
06292843-3116472,6428.0,67.0,4.03,0.17,-0.64,0.05,2.42,0.12,NGC2243,0.9999
06292857-3114367,6186.0,64.0,3.86,0.17,-0.73,0.06,2.96,0.1,NGC2243,0.9986
06292859-3112192,5485.0,64.0,3.64,0.15,-0.48,0.07,1.57,0.11,NGC2243,1.0
06292946-3115026,6555.0,65.0,4.24,0.17,-0.88,0.06,2.48,0.15,NGC2243,1.0
06293049-3109112,6016.0,65.0,3.59,0.17,-0.75,0.06,2.83,0.11,NGC2243,1.0
06293051-3116029,6017.0,67.0,4.17,0.18,-0.78,0.05,2.73,0.1,NGC2243,0.9924
06293058-3118383,5726.0,65.0,3.81,0.17,-0.52,0.05,2.45,0.12,NGC2243,0.9926
06293080-3116325,6312.0,84.0,4.27,0.22,-0.66,0.08,2.9,0.13,NGC2243,0.9999
06293125-3115429,6450.0,65.0,3.99,0.18,-0.7,0.05,2.28,0.19,NGC2243,1.0
06293241-3116442,4990.0,81.0,2.8,0.22,-0.98,0.08,1.55,0.28,NGC2243,1.0
06293245-3119391,5428.0,64.0,4.2,0.18,-0.51,0.05,1.76,0.28,NGC2243,1.0
06293267-3121261,5648.0,103.0,3.64,0.34,-0.68,0.1,1.94,,NGC2243,0.9997
06293285-3118310,5537.0,65.0,3.68,0.14,-0.53,0.07,1.5,0.14,NGC2243,1.0
06293343-3116238,6431.0,65.0,3.95,0.14,-0.45,0.07,2.56,0.1,NGC2243,1.0
06293381-3116031,6349.0,66.0,3.99,0.17,-0.64,0.06,2.0,0.23,NGC2243,1.0
06293426-3120324,5725.0,81.0,4.74,0.22,-0.38,0.08,2.31,0.19,NGC2243,0.9999
06293436-3121473,5870.0,65.0,3.91,0.18,-0.5,0.05,2.11,,NGC2243,0.9935
06293538-3111092,6616.0,83.0,3.82,0.21,-0.73,0.08,3.46,0.19,NGC2243,1.0
06293564-3121176,5601.0,64.0,4.66,0.17,-0.52,0.05,2.26,0.15,NGC2243,1.0
06293565-3108124,6194.0,64.0,3.64,0.18,-0.68,0.05,2.8,0.09,NGC2243,1.0
06293586-3116195,6299.0,67.0,4.05,0.18,-0.54,0.05,2.6,0.09,NGC2243,1.0
06293589-3116494,5132.0,66.0,4.03,0.18,-1.21,0.05,1.6,0.18,NGC2243,0.9998
06293629-3113402,5107.0,82.0,2.41,0.22,-0.93,0.08,1.92,0.15,NGC2243,1.0
06293629-3117126,6499.0,66.0,4.24,0.15,-0.71,0.07,2.55,0.09,NGC2243,1.0
06293659-3117302,6486.0,65.0,3.87,0.15,-0.75,0.07,2.25,0.14,NGC2243,1.0
06293730-3111487,4936.0,83.0,3.61,0.22,-0.47,0.08,1.28,,NGC2243,1.0
06293743-3108124,5644.0,65.0,3.43,0.18,-0.81,0.05,2.56,0.13,NGC2243,1.0
06293834-3114114,5323.0,80.0,3.38,0.21,-0.93,0.08,2.01,0.16,NGC2243,0.9997
06293839-3116473,6070.0,67.0,4.23,0.18,-0.76,0.05,2.79,0.08,NGC2243,1.0
06293869-3114348,6555.0,67.0,3.63,0.17,-0.7,0.06,2.21,0.16,NGC2243,0.9899
06293925-3124056,5920.0,82.0,3.57,0.22,-0.77,0.08,2.54,0.15,NGC2243,0.9995
06293973-3122528,6173.0,104.0,4.0,0.33,-0.35,0.09,2.78,0.16,NGC2243,1.0
06294129-3117234,5424.0,64.0,4.5,0.17,-0.81,0.05,2.05,0.19,NGC2243,0.9999
06294231-3116504,6466.0,67.0,4.12,0.17,-0.79,0.05,2.36,0.14,NGC2243,1.0
06294255-3120527,6124.0,66.0,4.06,0.17,-0.77,0.06,2.58,0.07,NGC2243,0.998
06294409-3112099,5311.0,83.0,3.18,0.22,-0.36,0.08,2.29,0.21,NGC2243,0.9997
06294418-3111012,5641.0,66.0,3.98,0.18,-0.67,0.05,2.28,0.14,NGC2243,1.0
06294642-3108494,6045.0,81.0,4.44,0.22,-0.3,0.08,2.83,0.22,NGC2243,0.9999
06294759-3118297,6140.0,81.0,3.27,0.22,-0.51,0.08,2.29,,NGC2243,0.9974
06295158-3110104,5422.0,82.0,3.1,0.21,-0.61,0.08,2.27,0.14,NGC2243,0.9999
06295328-3117472,6488.0,66.0,4.07,0.17,-0.62,0.05,2.59,0.14,NGC2243,1.0
06295459-3119321,5275.0,82.0,3.05,0.22,-0.87,0.08,2.26,0.16,NGC2243,1.0
06295768-3111125,5773.0,81.0,4.27,0.22,-0.61,0.07,2.9,0.17,NGC2243,1.0
06300010-3122222,5827.0,81.0,4.84,0.22,-0.65,0.08,2.59,0.17,NGC2243,0.9999
06300387-3114117,6197.0,82.0,3.26,0.21,-0.76,0.08,2.68,0.12,NGC2243,1.0
06294022-3114504,5704.0,33.0,3.78,0.05,-0.15,0.04,1.86,,NGC2243,1.0
06291286-3120428,6438.0,64.0,4.24,0.14,-0.58,0.07,2.49,0.17,NGC2243,1.0
06292006-3116113,6615.0,57.0,4.3,0.16,-0.69,0.1,2.27,,NGC2243,0.9999
06292461-3117055,6427.0,66.0,4.11,0.17,-0.74,0.05,2.83,0.12,NGC2243,0.9991
06292487-3118011,6518.0,66.0,4.12,0.18,-0.63,0.05,2.61,0.14,NGC2243,1.0
06292583-3107574,6624.0,66.0,4.05,0.17,-0.62,0.06,2.3,,NGC2243,0.9999
06292644-3117485,6562.0,83.0,4.63,0.22,-0.48,0.08,3.13,0.11,NGC2243,1.0
06292787-3126276,5860.0,83.0,3.22,0.22,-1.16,0.08,2.93,0.16,NGC2243,1.0
06292961-3115529,6354.0,64.0,4.3,0.17,-0.7,0.06,3.12,0.11,NGC2243,1.0
06292978-3116232,5033.0,65.0,3.46,0.17,-0.57,0.05,0.98,0.13,NGC2243,1.0
06293089-3118366,6339.0,65.0,4.17,0.14,-0.59,0.07,2.41,0.17,NGC2243,0.9999
06293094-3115433,6449.0,65.0,3.97,0.18,-0.71,0.06,2.5,0.11,NGC2243,1.0
06293272-3115396,6475.0,65.0,4.25,0.15,-0.59,0.07,2.62,0.11,NGC2243,1.0
06293321-3109302,6553.0,82.0,4.28,0.22,-0.37,0.08,2.02,,NGC2243,1.0
06293388-3116410,6027.0,64.0,4.29,0.17,-0.65,0.05,2.83,0.1,NGC2243,0.9999
06293433-3113290,6518.0,67.0,4.2,0.14,-0.61,0.07,2.36,0.21,NGC2243,1.0
06293583-3117532,6551.0,85.0,3.65,0.22,-0.41,0.08,2.95,0.16,NGC2243,1.0
06293603-3116392,6344.0,63.0,4.01,0.18,-0.81,0.05,1.94,0.27,NGC2243,1.0
06293754-3117075,6114.0,65.0,4.32,0.17,-0.46,0.06,2.81,0.1,NGC2243,1.0
06293808-3118265,6393.0,83.0,4.44,0.22,-0.66,0.08,2.41,0.2,NGC2243,1.0
06293812-3117234,6355.0,65.0,4.09,0.18,-0.77,0.05,1.75,,NGC2243,1.0
06293895-3117049,5985.0,66.0,3.83,0.17,-0.52,0.06,2.69,0.13,NGC2243,0.9999
06294204-3116389,6192.0,63.0,4.5,0.18,-0.64,0.06,2.88,0.1,NGC2243,0.9982
06294267-3115096,5864.0,64.0,3.94,0.17,-0.51,0.06,1.78,0.15,NGC2243,0.9983
06294328-3116438,6601.0,84.0,3.88,0.22,-0.58,0.08,2.88,0.14,NGC2243,1.0
06294515-3114098,6592.0,81.0,4.31,0.21,-0.61,0.08,2.7,0.11,NGC2243,1.0
06294983-3113196,6426.0,64.0,4.03,0.18,-0.8,0.05,2.29,,NGC2243,1.0
06295105-3116234,6164.0,66.0,4.56,0.17,-0.81,0.05,2.42,0.16,NGC2243,0.9982
06295469-3120266,5801.0,65.0,3.77,0.17,-0.5,0.05,2.3,0.15,NGC2243,1.0
06295604-3118564,6318.0,65.0,4.13,0.17,-0.71,0.06,3.08,0.12,NGC2243,1.0
06295868-3120051,6348.0,67.0,4.06,0.17,-0.83,0.05,2.67,0.13,NGC2243,1.0
06300156-3122145,6455.0,81.0,3.64,0.22,-0.63,0.08,3.08,0.12,NGC2243,1.0
06300356-3122506,6520.0,82.0,4.19,0.21,-0.44,0.08,2.34,,NGC2243,1.0
06301507-3119573,6445.0,85.0,4.32,0.22,-0.29,0.08,3.02,0.16,NGC2243,1.0
06301963-3115458,6149.0,82.0,3.39,0.22,-0.49,0.08,2.2,,NGC2243,1.0
06292562-3115261,6143.0,34.0,3.76,0.05,-0.38,0.04,2.24,0.07,NGC2243,1.0
06293240-3117294,4971.0,31.0,2.42,0.05,-0.45,0.05,0.18,,NGC2243,1.0
06293518-3117239,4985.0,30.0,2.73,0.05,-0.47,0.05,0.65,0.07,NGC2243,1.0
06285487-3119368,6747.0,83.0,3.84,0.22,-0.43,0.08,3.26,0.2,NGC2243,0.9999
06290444-3113178,5618.0,67.0,3.87,0.17,-1.04,0.05,2.18,0.13,NGC2243,1.0
06290742-3112052,5202.0,65.0,3.92,0.17,-1.02,0.05,1.67,,NGC2243,0.9999
06290762-3114456,5170.0,82.0,3.31,0.22,-1.21,0.08,1.23,,NGC2243,1.0
06290941-3117365,5835.0,64.0,3.98,0.18,-0.36,0.05,2.91,0.12,NGC2243,0.9809
06291058-3118342,5922.0,83.0,4.56,0.22,-0.3,0.08,2.19,,NGC2243,0.9999
06291192-3116568,5929.0,66.0,3.77,0.17,-0.46,0.06,2.71,0.15,NGC2243,0.9996
06291485-3112161,6073.0,67.0,4.03,0.18,-0.62,0.05,2.91,0.1,NGC2243,1.0
06291487-3123004,5621.0,65.0,4.25,0.18,-0.66,0.05,2.16,0.19,NGC2243,0.9995
06291569-3120403,5807.0,65.0,4.33,0.17,-0.53,0.05,2.18,0.24,NGC2243,0.9998
06291589-3117220,5726.0,82.0,4.55,0.22,-0.47,0.07,2.46,0.26,NGC2243,0.9987
06291634-3109469,6054.0,65.0,3.79,0.17,-0.62,0.06,2.8,0.1,NGC2243,1.0
06291690-3113190,5244.0,80.0,3.7,0.21,-0.66,0.08,2.0,0.19,NGC2243,0.9999
06291748-3115507,6096.0,64.0,3.88,0.17,-0.59,0.06,2.52,0.06,NGC2243,1.0
06291837-3123407,6338.0,65.0,3.98,0.18,-0.61,0.06,2.71,0.11,NGC2243,0.9996
06292011-3120208,5893.0,80.0,3.33,0.22,-0.4,0.08,2.6,0.16,NGC2243,0.9998
06292101-3112342,5904.0,83.0,4.52,0.21,-0.44,0.08,2.11,,NGC2243,0.9999
06292219-3114218,6117.0,64.0,4.09,0.17,-0.66,0.05,2.39,0.13,NGC2243,0.9998
06292226-3110270,5195.0,82.0,3.31,0.22,-0.47,0.08,1.91,0.22,NGC2243,1.0
06292284-3120160,5727.0,71.0,4.11,0.21,-0.71,0.05,2.5,0.16,NGC2243,0.9995
06292409-3114428,5666.0,85.0,4.76,0.22,-0.46,0.08,2.34,0.2,NGC2243,0.9993
06292430-3123351,5368.0,82.0,4.16,0.22,-0.98,0.08,2.1,0.18,NGC2243,0.9995
06292559-3116070,5931.0,66.0,4.21,0.18,-0.56,0.05,2.22,0.22,NGC2243,0.9999
06292609-3119014,5746.0,81.0,3.72,0.22,-0.34,0.08,2.3,0.25,NGC2243,0.9999
06292610-3114477,6502.0,66.0,3.89,0.17,-0.73,0.05,2.12,,NGC2243,0.9999
06292622-3117119,6297.0,64.0,4.01,0.17,-0.49,0.05,2.46,0.12,NGC2243,1.0
06292722-3109419,5874.0,65.0,3.92,0.17,-0.48,0.06,2.81,0.12,NGC2243,0.9999
06292750-3116049,6014.0,65.0,4.18,0.17,-0.49,0.06,2.7,0.17,NGC2243,0.9998
06292774-3115104,5369.0,80.0,3.4,0.21,-0.66,0.07,1.75,,NGC2243,1.0
06292843-3113102,5791.0,64.0,4.04,0.18,-0.7,0.05,2.41,0.09,NGC2243,0.9901
06292944-3120358,5171.0,82.0,3.42,0.22,-0.72,0.08,1.69,0.28,NGC2243,0.9999
06292950-3118547,5817.0,83.0,3.6,0.22,-0.43,0.08,2.11,,NGC2243,1.0
06293154-3120207,5547.0,79.0,3.36,0.22,-0.42,0.08,2.22,0.19,NGC2243,0.9974
06293155-3117462,6630.0,64.0,4.21,0.17,-0.64,0.06,2.6,0.13,NGC2243,1.0
06293163-3116535,6567.0,65.0,4.27,0.18,-0.8,0.05,2.69,0.09,NGC2243,0.9989
06293164-3117263,6093.0,64.0,4.44,0.18,-0.51,0.05,2.98,0.11,NGC2243,1.0
06293165-3125143,5933.0,82.0,4.04,0.22,-0.47,0.08,2.64,0.19,NGC2243,1.0
06293166-3115337,5337.0,66.0,3.87,0.18,-0.52,0.06,1.25,0.14,NGC2243,1.0
06293194-3119535,5822.0,64.0,4.44,0.17,-0.47,0.05,2.45,0.18,NGC2243,1.0
06293206-3113257,5486.0,65.0,3.52,0.17,-0.95,0.06,2.35,0.15,NGC2243,0.9999
06293239-3118580,5659.0,80.0,4.36,0.22,-0.61,0.08,2.29,0.21,NGC2243,0.9976
06293298-3114235,4775.0,84.0,2.02,0.21,-1.2,0.08,0.86,,NGC2243,1.0
06293349-3115552,5553.0,65.0,4.14,0.18,-0.68,0.05,2.25,0.16,NGC2243,0.9997
06293359-3116152,5352.0,65.0,3.1,0.17,-1.25,0.06,1.84,0.15,NGC2243,0.9996
06293366-3113363,6058.0,64.0,3.73,0.17,-0.54,0.05,2.64,0.13,NGC2243,1.0
06293457-3114048,5472.0,82.0,3.2,0.22,-1.09,0.08,2.18,0.13,NGC2243,1.0
06293474-3120203,6026.0,66.0,4.23,0.17,-0.42,0.05,2.51,0.15,NGC2243,1.0
06293676-3116466,5552.0,66.0,4.17,0.17,-0.44,0.06,2.42,0.13,NGC2243,0.9982
06293678-3117064,6454.0,66.0,4.31,0.17,-0.65,0.05,2.37,0.14,NGC2243,0.9997
06293700-3115233,6128.0,71.0,4.41,0.21,-0.33,0.05,2.86,0.13,NGC2243,1.0
06293750-3116229,6167.0,63.0,3.85,0.17,-0.66,0.05,2.12,0.1,NGC2243,0.9998
06293778-3117226,6264.0,66.0,4.05,0.18,-0.63,0.05,1.98,,NGC2243,0.9992
06293902-3121395,5889.0,65.0,3.56,0.17,-0.68,0.06,2.61,0.13,NGC2243,0.9998
06293916-3112270,4839.0,82.0,2.87,0.22,-1.03,0.08,1.25,0.26,NGC2243,0.9953
06293952-3118056,6551.0,66.0,4.17,0.17,-0.5,0.05,2.26,0.22,NGC2243,0.9997
06294017-3117395,6330.0,67.0,4.02,0.17,-0.62,0.06,2.47,0.08,NGC2243,0.9606
06294029-3117033,6367.0,65.0,4.19,0.17,-0.87,0.06,2.2,,NGC2243,1.0
06294143-3114442,5199.0,79.0,4.63,0.22,-0.79,0.08,1.64,,NGC2243,0.9999
06294181-3117562,5677.0,105.0,4.57,0.34,-0.69,0.09,2.46,0.15,NGC2243,1.0
06294267-3116548,5457.0,81.0,3.9,0.22,-0.53,0.08,2.05,0.29,NGC2243,0.9999
06294403-3108576,6284.0,86.0,3.87,0.21,-0.56,0.08,2.61,0.13,NGC2243,1.0
06294409-3116276,5428.0,84.0,3.57,0.22,-0.66,0.08,2.54,0.22,NGC2243,0.984
06294419-3117461,6137.0,81.0,3.44,0.21,-0.52,0.08,3.27,0.17,NGC2243,0.9999
06295007-3120256,5296.0,79.0,3.65,0.22,-0.72,0.08,2.1,0.17,NGC2243,0.9996
06295025-3117568,5775.0,82.0,4.2,0.22,-0.34,0.08,2.61,0.17,NGC2243,1.0
06295613-3118030,5801.0,82.0,3.69,0.21,-0.26,0.07,2.65,0.21,NGC2243,0.9999
06292841-3117174,4241.0,23.0,1.34,0.11,-0.56,0.05,-0.08,0.06,NGC2243,1.0
06293009-3116587,4719.0,31.0,2.35,0.05,-0.49,0.05,-0.62,,NGC2243,1.0
06293525-3115470,5062.0,50.0,3.21,0.08,-0.37,0.05,0.93,0.09,NGC2243,1.0
06293684-3114423,4965.0,31.0,2.63,0.05,-0.46,0.05,0.98,0.06,NGC2243,1.0
06295099-3114428,5035.0,30.0,2.88,0.05,-0.43,0.05,1.33,0.04,NGC2243,1.0
06285975-3122340,5196.0,64.0,3.42,0.14,-0.53,0.07,0.97,,NGC2243,1.0
06290193-3114123,6500.0,64.0,3.76,0.15,-0.88,0.05,2.64,0.18,NGC2243,1.0
06290493-3123537,5299.0,66.0,3.56,0.18,-0.34,0.05,1.6,0.18,NGC2243,1.0
06291261-3117208,6393.0,65.0,3.96,0.15,-0.62,0.07,2.58,0.14,NGC2243,1.0
06291371-3121010,6014.0,65.0,3.68,0.14,-0.65,0.07,3.07,0.06,NGC2243,1.0
06291841-3119086,6513.0,66.0,4.06,0.14,-0.61,0.07,2.85,0.11,NGC2243,1.0
06291929-3125331,6449.0,66.0,4.29,0.14,-0.68,0.07,2.3,,NGC2243,1.0
06292133-3118094,6323.0,65.0,3.7,0.14,-0.64,0.07,2.87,0.07,NGC2243,1.0
06292569-3116238,6325.0,83.0,3.95,0.21,-0.87,0.08,2.83,0.1,NGC2243,1.0
06292742-3117534,6437.0,67.0,3.68,0.14,-0.75,0.07,2.4,0.15,NGC2243,1.0
06292931-3117438,5404.0,66.0,3.95,0.17,-0.47,0.05,1.29,0.16,NGC2243,1.0
06292997-3116336,6362.0,66.0,3.83,0.17,-0.73,0.05,2.3,,NGC2243,1.0
06293174-3116392,6554.0,55.0,3.82,0.16,-0.82,0.15,2.4,,NGC2243,1.0
06293415-3117423,6525.0,64.0,4.0,0.17,-0.76,0.05,2.71,0.1,NGC2243,1.0
06293488-3117306,6323.0,66.0,4.16,0.18,-0.69,0.06,2.23,0.17,NGC2243,0.9901
06293598-3117477,6453.0,65.0,4.12,0.15,-0.66,0.07,2.58,0.14,NGC2243,0.9997
06293600-3116342,6379.0,66.0,3.96,0.14,-0.63,0.07,2.28,0.19,NGC2243,0.9911
06293682-3115515,6372.0,65.0,3.73,0.17,-0.53,0.06,2.23,0.21,NGC2243,0.9977
06293709-3116127,6486.0,67.0,3.94,0.14,-0.64,0.07,2.39,0.17,NGC2243,1.0
06293824-3117528,6571.0,84.0,4.39,0.22,-0.72,0.08,2.55,,NGC2243,1.0
06293833-3116374,6408.0,81.0,4.23,0.22,-0.44,0.07,2.89,0.14,NGC2243,0.9922
06294478-3110041,5832.0,67.0,4.03,0.17,-0.51,0.06,2.42,0.09,NGC2243,1.0
06294586-3113468,6494.0,82.0,4.45,0.22,-0.42,0.07,2.46,0.21,NGC2243,1.0
06295158-3118142,6473.0,66.0,3.61,0.17,-0.72,0.05,2.7,0.13,NGC2243,1.0
06295289-3119220,6045.0,62.0,3.72,0.14,-0.6,0.07,3.13,0.07,NGC2243,1.0
06295735-3116031,6555.0,83.0,4.21,0.22,-0.63,0.08,2.54,,NGC2243,1.0
06295839-3125236,5731.0,84.0,3.71,0.21,-0.73,0.08,2.24,0.27,NGC2243,1.0
06295886-3110129,6658.0,55.0,3.84,0.16,-0.78,0.15,3.07,0.18,NGC2243,1.0
06290710-3120331,6428.0,63.0,4.27,0.14,-0.64,0.07,2.8,0.11,NGC2243,1.0
06290770-3113277,6594.0,55.0,3.98,0.16,-0.78,0.06,2.51,0.13,NGC2243,1.0
06290976-3108505,6420.0,66.0,4.19,0.14,-0.55,0.07,2.38,0.14,NGC2243,1.0
06291903-3122135,6202.0,64.0,4.33,0.14,-0.57,0.07,2.64,0.09,NGC2243,0.9999
06292977-3109439,6483.0,65.0,4.06,0.14,-0.56,0.07,2.33,,NGC2243,1.0
06293640-3118334,6374.0,65.0,4.2,0.14,-0.63,0.07,2.53,0.1,NGC2243,1.0
06294179-3111370,6601.0,54.0,3.69,0.16,-0.86,0.16,2.29,,NGC2243,0.9993
06294381-3110186,6363.0,67.0,4.14,0.14,-0.66,0.07,1.67,,NGC2243,1.0
06295200-3114195,6598.0,55.0,3.79,0.16,-0.77,0.06,1.78,,NGC2243,1.0
06285390-3115213,5994.0,105.0,4.12,0.33,-0.41,0.09,2.78,0.17,NGC2243,0.9744
06290031-3121040,5735.0,81.0,3.97,0.22,-0.37,0.08,2.43,0.17,NGC2243,1.0
06290103-3118539,5357.0,84.0,4.24,0.21,-0.49,0.07,1.97,0.2,NGC2243,1.0
06290459-3123184,6271.0,65.0,4.4,0.18,-0.67,0.05,2.92,0.08,NGC2243,1.0
06290624-3122275,6113.0,81.0,3.93,0.22,-0.26,0.08,2.73,0.25,NGC2243,1.0
06290678-3126061,6241.0,95.0,3.73,0.25,0.27,0.13,3.2,0.19,NGC2243,0.9996
06290715-3109243,6090.0,63.0,4.32,0.17,-0.35,0.05,3.14,0.11,NGC2243,1.0
06290737-3112013,5868.0,64.0,4.05,0.17,-0.61,0.06,2.77,0.11,NGC2243,1.0
06290926-3126203,5542.0,82.0,4.71,0.22,-0.2,0.08,2.24,0.25,NGC2243,1.0
06291032-3118359,6266.0,80.0,3.98,0.22,-0.18,0.07,2.94,0.16,NGC2243,1.0
06291113-3121461,5763.0,63.0,4.19,0.17,-0.76,0.05,2.24,0.17,NGC2243,0.9999
06291125-3119328,6145.0,106.0,4.35,0.33,-0.48,0.09,3.05,0.16,NGC2243,1.0
06291358-3116426,6223.0,63.0,4.08,0.17,-0.58,0.05,2.82,0.15,NGC2243,0.9995
06291382-3122382,5645.0,103.0,4.71,0.33,-0.64,0.09,2.51,0.18,NGC2243,0.9995
06291421-3121302,5909.0,84.0,4.07,0.21,-0.19,0.08,2.62,,NGC2243,1.0
06291454-3125598,5740.0,81.0,4.34,0.22,-0.32,0.08,2.23,0.29,NGC2243,1.0
06291623-3115259,6108.0,82.0,4.39,0.21,-0.32,0.08,2.55,0.19,NGC2243,1.0
06291635-3124509,6049.0,65.0,4.41,0.17,-0.31,0.05,2.77,0.14,NGC2243,0.9999
06291637-3112439,5831.0,79.0,3.79,0.22,-0.2,0.08,2.57,0.17,NGC2243,0.9999
06291637-3114105,5786.0,80.0,4.83,0.22,-0.14,0.08,2.37,0.28,NGC2243,1.0
06291657-3116370,5798.0,84.0,4.38,0.22,-0.56,0.07,2.52,0.14,NGC2243,1.0
06291677-3118367,6203.0,80.0,3.54,0.22,-0.68,0.08,2.68,0.12,NGC2243,1.0
06291698-3119231,5485.0,83.0,2.59,0.22,-0.91,0.08,2.31,0.13,NGC2243,1.0
06291741-3116223,6196.0,70.0,3.83,0.21,-0.54,0.05,2.83,0.11,NGC2243,0.9997
06292053-3115259,5538.0,82.0,4.61,0.23,-0.41,0.07,2.28,0.18,NGC2243,0.9999
06292199-3122007,5672.0,81.0,4.35,0.22,-0.72,0.08,2.37,0.18,NGC2243,0.9999
06292207-3121303,6178.0,63.0,3.88,0.18,-0.81,0.06,2.65,0.11,NGC2243,0.9999
06292240-3118364,5737.0,65.0,4.18,0.17,-0.88,0.06,2.4,0.12,NGC2243,1.0
06292259-3116231,5357.0,102.0,4.91,0.3,-0.41,0.09,2.1,0.22,NGC2243,1.0
06292351-3118320,6272.0,65.0,4.21,0.17,-0.7,0.05,2.66,0.09,NGC2243,1.0
06292402-3118050,5827.0,80.0,4.64,0.22,-0.46,0.08,2.53,0.19,NGC2243,1.0
06292408-3120385,5900.0,80.0,3.83,0.22,-0.82,0.08,2.6,0.12,NGC2243,1.0
06292419-3122421,5217.0,81.0,3.51,0.22,-0.46,0.08,1.89,0.26,NGC2243,1.0
06292465-3116292,5633.0,65.0,4.14,0.17,-0.43,0.05,2.31,0.12,NGC2243,1.0
06292482-3117556,6529.0,64.0,4.13,0.17,-0.43,0.05,2.21,,NGC2243,1.0
06292538-3117157,5394.0,83.0,4.66,0.22,-0.77,0.07,1.82,,NGC2243,0.9998
06292642-3109317,6298.0,65.0,4.48,0.18,-0.33,0.06,3.16,0.09,NGC2243,1.0
06292683-3116180,5408.0,84.0,4.72,0.22,-0.19,0.07,2.25,0.2,NGC2243,1.0
06292788-3116258,5429.0,102.0,3.69,0.33,-0.58,0.1,2.09,0.22,NGC2243,1.0
06292880-3116339,6082.0,83.0,3.66,0.22,-0.66,0.08,2.83,0.11,NGC2243,1.0
06292993-3119032,5450.0,82.0,3.69,0.22,-0.33,0.08,1.95,0.25,NGC2243,1.0
06293018-3116297,6280.0,81.0,4.49,0.22,-0.42,0.08,3.07,0.1,NGC2243,1.0
06293043-3118331,5621.0,82.0,4.14,0.22,-0.53,0.08,2.28,0.2,NGC2243,1.0
06293054-3117457,6579.0,64.0,4.26,0.18,-0.68,0.05,3.03,0.1,NGC2243,1.0
06293170-3117563,6583.0,83.0,4.41,0.22,-0.53,0.07,2.14,,NGC2243,1.0
06293304-3116035,5659.0,81.0,3.26,0.21,-0.59,0.08,2.33,0.16,NGC2243,0.9614
06293352-3117009,5769.0,66.0,4.47,0.18,-0.54,0.06,2.28,0.14,NGC2243,0.9997
06293401-3114168,5108.0,85.0,4.26,0.22,-0.42,0.07,1.57,,NGC2243,0.9999
06293533-3113408,5951.0,100.0,4.28,0.33,-0.37,0.09,2.67,0.18,NGC2243,1.0
06293667-3119238,5910.0,104.0,3.97,0.34,-0.24,0.1,2.44,0.29,NGC2243,0.9999
06293709-3116258,6448.0,65.0,4.48,0.18,-0.68,0.05,2.09,0.29,NGC2243,1.0
06293827-3122547,6016.0,102.0,4.58,0.34,-0.44,0.1,2.59,0.2,NGC2243,0.9999
06293983-3116457,6114.0,62.0,4.25,0.17,-0.3,0.05,2.77,0.1,NGC2243,1.0
06294094-3118333,6079.0,65.0,4.27,0.17,-0.72,0.06,2.91,0.07,NGC2243,1.0
06294193-3114447,5654.0,82.0,4.62,0.22,-0.42,0.08,1.83,,NGC2243,0.9988
06294223-3110302,6107.0,65.0,4.36,0.17,-0.48,0.05,2.82,0.14,NGC2243,0.9966
06294253-3116001,6179.0,67.0,3.67,0.18,-0.23,0.06,2.7,0.15,NGC2243,1.0
06294260-3116473,5701.0,83.0,4.49,0.22,-0.56,0.08,2.43,0.14,NGC2243,1.0
06294272-3116272,5747.0,82.0,4.99,0.22,-0.16,0.08,2.46,0.23,NGC2243,1.0
06294403-3109309,6070.0,64.0,3.75,0.18,-0.68,0.06,2.85,0.1,NGC2243,0.9999
06294464-3118288,6097.0,70.0,4.1,0.21,-0.4,0.05,3.19,0.12,NGC2243,0.9995
06294523-3110010,5698.0,64.0,3.62,0.18,-0.45,0.06,2.95,0.13,NGC2243,1.0
06294572-3113423,6248.0,83.0,4.3,0.21,-0.47,0.08,3.03,0.12,NGC2243,1.0
06294584-3118132,5886.0,82.0,4.01,0.21,-0.41,0.08,2.38,0.28,NGC2243,0.9999
06294592-3114150,5674.0,81.0,4.56,0.22,-0.29,0.07,2.47,0.2,NGC2243,0.9999
06294607-3116255,6552.0,65.0,4.19,0.18,-0.73,0.05,1.9,,NGC2243,1.0
06294610-3115138,5897.0,81.0,4.62,0.22,-0.02,0.08,2.8,0.18,NGC2243,0.9999
06294648-3119491,6547.0,67.0,4.1,0.17,-0.59,0.06,2.39,,NGC2243,1.0
06294800-3117576,5922.0,65.0,4.2,0.17,-0.46,0.05,2.76,0.12,NGC2243,0.9999
06294971-3114345,6408.0,81.0,4.6,0.22,-0.82,0.08,2.75,0.15,NGC2243,1.0
06295001-3122236,6373.0,65.0,4.09,0.18,-0.36,0.05,2.62,0.11,NGC2243,1.0
06295339-3115199,6242.0,64.0,3.76,0.17,-0.49,0.05,2.31,,NGC2243,0.9985
06295363-3121374,6036.0,81.0,4.06,0.22,-0.7,0.08,3.0,0.18,NGC2243,0.9999
06295384-3115532,6479.0,66.0,4.11,0.17,-0.35,0.05,2.8,0.11,NGC2243,1.0
06295661-3114230,5643.0,84.0,4.07,0.22,-0.25,0.08,2.07,,NGC2243,1.0
06295788-3114386,6559.0,66.0,4.22,0.17,-0.72,0.05,2.31,0.2,NGC2243,1.0
06300511-3118158,6494.0,82.0,4.53,0.22,-0.54,0.07,2.46,0.19,NGC2243,1.0
06290802-3110422,6435.0,81.0,4.16,0.21,-0.2,0.08,2.85,0.19,NGC2243,1.0
06292300-3117299,4957.5,31.0,2.37,0.05,-0.52,0.06,0.1,,NGC2243,1.0
06312256+0450195,3941.47,92.3,3.73,0.28,-0.47,0.32,3.57,0.24,NGC2244,0.9988
06311154+0441176,4395.66,104.9,4.69,0.1,0.09,0.08,3.41,0.15,NGC2244,0.9935
06314158+0459405,3863.86,72.01,3.19,0.23,0.36,0.17,3.92,0.23,NGC2244,0.9977
06315302+0456170,4072.32,94.18,3.3,0.26,0.02,0.15,3.59,0.17,NGC2244,0.9981
06320207+0446546,4068.2,117.59,4.01,0.38,-0.03,0.22,3.07,0.27,NGC2244,0.985
06304920+0457507,4147.94,151.15,3.82,0.5,-0.07,0.26,3.66,0.35,NGC2244,0.9975
06312806+0446426,3951.37,90.75,3.13,0.26,0.15,0.18,3.57,0.29,NGC2244,0.9885
06313286+0459495,4998.0,94.0,2.93,0.63,0.13,0.14,4.47,0.24,NGC2244,0.9939
06314303+0439134,5730.0,95.0,3.23,0.66,-0.49,0.24,3.4,0.18,NGC2244,0.9887
06315184+0448542,4115.24,134.38,4.52,0.46,-0.73,0.4,3.07,0.18,NGC2244,0.9965
06315824+0446018,4419.53,156.03,4.74,0.52,0.13,0.3,4.08,0.36,NGC2244,0.9985
06312952+0454342,3897.51,79.33,3.12,0.25,0.4,0.17,3.57,0.18,NGC2244,0.9931
06313892+0439580,6469.0,83.0,3.97,0.16,-0.03,0.09,2.91,0.11,NGC2244,0.9592
06315582+0451273,4545.0,83.0,4.6,0.25,-0.04,0.08,3.46,0.16,NGC2244,0.997
06305845+0438470,4264.66,168.74,2.08,0.61,0.22,0.17,3.64,0.27,NGC2244,0.9927
06314356+0459490,3967.98,85.58,3.58,0.25,-0.22,0.21,3.42,0.14,NGC2244,0.9946
06320149+0454450,3939.92,84.19,2.75,0.26,-0.05,0.22,3.58,0.16,NGC2244,0.9989
06320311+0448527,4117.86,126.38,3.59,0.37,-0.23,0.24,3.84,0.25,NGC2244,0.998
06405616+0936309,4824.0,82.0,3.02,0.27,-0.06,0.1,3.23,0.14,NGC2264,0.9972
06394157+0934405,5693.0,58.0,4.34,0.1,-0.05,0.11,3.79,0.07,NGC2264,0.9888
06393161+0953374,5804.0,84.0,4.18,0.22,-0.28,0.12,2.12,0.13,NGC2264,0.9776
06410968+0924547,3946.99,60.63,4.52,0.08,-0.42,0.03,3.1,0.05,NGC2264,0.9945
06403703+0947284,4298.74,79.06,4.67,0.11,-0.1,0.08,3.24,0.08,NGC2264,0.9572
06400565+0935492,6252.0,58.0,3.74,0.09,0.13,0.12,3.55,0.05,NGC2264,0.9962
07163218+1344035,6224.0,65.0,4.28,0.18,-0.14,0.05,2.81,0.06,NGC2355,1.0
07163427+1346057,4758.0,82.0,4.84,0.22,0.03,0.07,1.0,0.29,NGC2355,1.0
07163507+1347132,4803.0,63.0,4.17,0.17,-0.37,0.05,0.62,,NGC2355,1.0
07163766+1343330,5741.0,63.0,4.69,0.17,-0.13,0.05,2.24,0.09,NGC2355,1.0
07163883+1342379,6094.0,65.0,4.27,0.18,-0.1,0.05,2.81,0.06,NGC2355,1.0
07164337+1341358,5984.0,64.0,4.5,0.18,-0.13,0.06,2.83,0.06,NGC2355,1.0
07164346+1348069,6279.0,65.0,4.13,0.17,-0.21,0.05,2.6,0.06,NGC2355,1.0
07164474+1347284,6001.0,64.0,4.23,0.17,-0.14,0.05,2.59,0.06,NGC2355,1.0
07164556+1351505,5245.0,64.0,4.42,0.17,-0.13,0.05,1.44,0.17,NGC2355,1.0
07164668+1342451,4847.0,64.0,4.81,0.17,-0.12,0.06,0.84,,NGC2355,1.0
07164720+1344405,6032.0,65.0,4.29,0.18,-0.16,0.05,2.6,0.06,NGC2355,1.0
07164821+1345437,6342.0,65.0,4.05,0.17,-0.07,0.06,2.62,0.06,NGC2355,1.0
07164855+1346262,6622.0,67.0,4.1,0.18,-0.13,0.05,2.05,0.23,NGC2355,1.0
07164863+1349426,5175.0,66.0,4.75,0.17,-0.25,0.05,1.54,0.13,NGC2355,0.9999
07164875+1341480,5103.0,66.0,4.62,0.18,0.01,0.05,1.61,0.14,NGC2355,1.0
07164972+1345486,6712.0,65.0,4.12,0.18,-0.16,0.05,2.25,0.15,NGC2355,1.0
07165026+1341489,5885.0,63.0,4.56,0.17,-0.07,0.06,2.52,0.07,NGC2355,1.0
07165084+1342214,4648.0,83.0,3.98,0.22,-0.07,0.08,0.82,,NGC2355,1.0
07165256+1344133,4897.0,67.0,4.7,0.18,0.1,0.05,1.73,0.12,NGC2355,1.0
07165308+1350176,4746.0,65.0,4.36,0.17,-0.04,0.05,0.99,,NGC2355,1.0
07165323+1346577,5304.0,64.0,4.53,0.17,-0.26,0.05,1.46,0.14,NGC2355,1.0
07165328+1348490,5224.0,64.0,4.53,0.18,-0.05,0.05,1.63,0.14,NGC2355,1.0
07165511+1349362,5820.0,65.0,4.37,0.17,-0.07,0.05,2.41,0.07,NGC2355,1.0
07165598+1347535,5199.0,64.0,4.82,0.18,-0.24,0.05,1.25,0.19,NGC2355,1.0
07165601+1343323,6297.0,65.0,4.21,0.17,-0.08,0.05,2.82,0.05,NGC2355,1.0
07165736+1350286,6666.0,67.0,4.23,0.18,-0.08,0.05,2.02,,NGC2355,0.9998
07165743+1344360,6722.0,65.0,4.21,0.18,-0.11,0.05,3.24,0.05,NGC2355,0.9999
07165882+1347503,6339.0,68.0,4.18,0.17,-0.05,0.05,2.58,0.07,NGC2355,1.0
07165891+1343084,6357.0,63.0,4.2,0.17,-0.1,0.05,2.81,0.05,NGC2355,1.0
07165929+1347040,6651.0,66.0,4.1,0.17,-0.21,0.06,2.24,0.16,NGC2355,1.0
07165990+1341063,6143.0,66.0,4.33,0.17,-0.14,0.05,2.81,0.06,NGC2355,1.0
07170045+1345393,5495.0,63.0,4.32,0.17,-0.24,0.05,1.63,0.18,NGC2355,1.0
07170111+1348041,5264.0,69.0,4.65,0.21,-0.3,0.05,1.61,0.13,NGC2355,1.0
07170131+1344311,5245.0,72.0,4.72,0.2,-0.14,0.05,1.44,0.31,NGC2355,1.0
07170135+1345143,4820.0,64.0,4.5,0.18,0.02,0.05,0.69,0.45,NGC2355,1.0
07170183+1342067,5884.0,65.0,4.43,0.17,-0.14,0.06,2.54,0.07,NGC2355,1.0
07170190+1342527,6785.0,65.0,4.05,0.18,-0.12,0.05,2.28,0.19,NGC2355,1.0
07170268+1349464,5185.0,65.0,4.27,0.18,-0.09,0.05,1.17,0.35,NGC2355,1.0
07170289+1344486,5243.0,65.0,4.9,0.18,-0.11,0.05,1.63,0.16,NGC2355,1.0
07170312+1345021,5034.0,65.0,4.54,0.17,-0.04,0.05,1.16,,NGC2355,1.0
07170338+1343230,5535.0,64.0,4.35,0.18,-0.22,0.05,1.84,0.08,NGC2355,1.0
07170361+1345267,6360.0,66.0,4.19,0.18,-0.15,0.05,2.45,0.07,NGC2355,1.0
07170491+1343523,5001.0,66.0,4.67,0.18,-0.08,0.05,1.06,0.2,NGC2355,1.0
07170499+1348435,5762.0,66.0,4.49,0.17,-0.05,0.05,2.37,0.08,NGC2355,1.0
07170553+1344077,5773.0,65.0,4.36,0.17,-0.18,0.05,2.42,0.06,NGC2355,1.0
07170568+1348543,6248.0,66.0,4.24,0.17,-0.11,0.05,2.94,0.06,NGC2355,1.0
07170594+1348352,4634.0,84.0,4.76,0.22,0.13,0.08,0.63,0.64,NGC2355,1.0
07170980+1345219,5655.0,64.0,4.34,0.18,-0.12,0.05,2.21,0.08,NGC2355,1.0
07170990+1340204,6075.0,65.0,4.29,0.17,-0.11,0.05,2.72,0.06,NGC2355,1.0
07171016+1346019,5787.0,65.0,4.27,0.17,-0.17,0.05,2.26,0.08,NGC2355,1.0
07171021+1345470,5020.0,65.0,4.81,0.18,-0.12,0.05,1.29,0.19,NGC2355,1.0
07171326+1343329,5191.0,64.0,4.61,0.17,-0.2,0.05,1.25,0.17,NGC2355,1.0
07171642+1344586,5631.0,64.0,4.6,0.17,-0.12,0.06,1.97,0.11,NGC2355,1.0
07171651+1352006,4470.0,82.0,4.65,0.23,0.1,0.08,0.79,0.25,NGC2355,0.9998
07171702+1344269,5112.0,63.0,4.8,0.17,-0.04,0.05,0.91,0.59,NGC2355,1.0
07171836+1339480,5073.0,67.0,4.49,0.17,-0.09,0.06,1.0,0.45,NGC2355,1.0
07172021+1342462,5647.0,64.0,4.36,0.17,-0.18,0.05,1.72,0.16,NGC2355,1.0
07172060+1345254,6006.0,68.0,4.38,0.17,-0.16,0.05,2.62,0.06,NGC2355,1.0
07172070+1341342,5393.0,64.0,4.71,0.18,-0.16,0.06,1.86,0.1,NGC2355,1.0
07172436+1344301,5979.0,65.0,4.23,0.17,-0.15,0.06,2.71,0.07,NGC2355,1.0
07172450+1344415,5284.0,63.0,4.6,0.17,-0.17,0.05,1.57,0.14,NGC2355,1.0
07172484+1348145,6548.0,64.0,4.22,0.17,-0.13,0.06,2.26,0.13,NGC2355,1.0
07164682+1343556,5138.0,103.0,4.48,0.33,0.24,0.09,1.64,0.26,NGC2355,1.0
07163085+1348102,6803.0,66.0,4.18,0.18,-0.08,0.06,3.29,0.07,NGC2355,1.0
07164526+1353396,6877.0,66.0,3.94,0.17,-0.24,0.06,3.23,0.09,NGC2355,1.0
07165207+1341078,6993.0,101.0,3.79,0.26,0.08,0.15,2.7,,NGC2355,1.0
07165249+1344590,6865.0,67.0,4.1,0.17,0.01,0.05,3.03,0.13,NGC2355,1.0
07165286+1349395,6746.0,64.0,4.1,0.17,-0.16,0.05,3.09,0.08,NGC2355,1.0
07165629+1345167,5039.0,30.0,2.85,0.05,-0.05,0.05,0.3,,NGC2355,1.0
07165832+1345401,6940.0,66.0,4.09,0.17,-0.21,0.05,2.71,0.19,NGC2355,1.0
07165909+1345526,4976.0,31.0,2.84,0.05,-0.08,0.05,0.6,0.08,NGC2355,1.0
07170419+1344533,6716.0,67.0,4.14,0.18,-0.07,0.05,3.18,0.11,NGC2355,1.0
07170451+1348420,6781.0,64.0,4.09,0.18,-0.02,0.05,2.65,0.17,NGC2355,1.0
07171875+1337554,6940.0,67.0,4.09,0.17,-0.13,0.05,2.67,0.2,NGC2355,1.0
07173334+1346370,6975.0,72.0,4.09,0.21,-0.06,0.05,3.22,0.1,NGC2355,1.0
07165033+1337425,4915.0,31.0,2.79,0.05,-0.13,0.05,0.3,0.07,NGC2355,1.0
07165283+1348352,5053.0,30.0,2.78,0.05,-0.09,0.05,0.42,0.07,NGC2355,1.0
07165704+1346268,5044.0,31.0,2.83,0.05,-0.08,0.05,0.28,,NGC2355,1.0
07165796+1346244,5114.0,31.0,2.67,0.05,-0.16,0.05,0.59,0.07,NGC2355,1.0
07165945+1347174,5035.0,31.0,2.75,0.05,-0.1,0.05,0.41,0.1,NGC2355,1.0
07170520+1344553,5065.0,50.0,2.05,0.09,-0.08,0.05,0.74,0.07,NGC2355,1.0
07171989+1346127,5157.0,30.0,2.88,0.05,-0.15,0.05,1.16,0.05,NGC2355,1.0
07382476+2143589,6223.0,35.0,4.11,0.05,0.04,0.06,2.7,0.08,NGC2420,1.0
07375398+2139470,6531.0,67.0,4.03,0.17,-0.13,0.05,3.18,0.06,NGC2420,1.0
07380140+2135429,6378.0,65.0,4.04,0.18,-0.1,0.05,3.23,0.06,NGC2420,1.0
07380584+2137093,6531.0,79.0,4.1,0.2,-0.31,0.15,2.53,0.14,NGC2420,1.0
07380604+2139555,5204.0,65.0,3.52,0.18,-0.26,0.05,1.55,0.09,NGC2420,1.0
07380850+2129369,6441.0,65.0,4.06,0.18,-0.23,0.05,3.1,0.05,NGC2420,1.0
07380932+2130588,6694.0,56.0,4.11,0.16,-0.4,0.11,2.67,0.09,NGC2420,1.0
07381099+2128539,6633.0,56.0,3.61,0.16,-0.91,0.07,2.7,0.09,NGC2420,1.0
07381240+2136510,6509.0,64.0,4.31,0.18,-0.25,0.05,3.26,0.06,NGC2420,1.0
07381257+2138537,6529.0,66.0,4.03,0.17,-0.15,0.06,3.23,0.05,NGC2420,1.0
07381513+2134466,6176.0,64.0,3.92,0.17,-0.28,0.06,3.05,0.08,NGC2420,1.0
07381774+2132443,6691.0,64.0,4.17,0.18,-0.14,0.05,2.96,0.09,NGC2420,1.0
07381785+2133235,6690.0,65.0,4.17,0.18,-0.15,0.05,2.92,0.06,NGC2420,1.0
07381861+2134577,6250.0,65.0,3.99,0.17,-0.22,0.05,2.78,0.06,NGC2420,1.0
07381909+2134457,6725.0,64.0,4.1,0.17,-0.09,0.06,2.31,0.13,NGC2420,1.0
07381973+2135543,6665.0,65.0,4.13,0.17,-0.19,0.05,3.21,0.05,NGC2420,1.0
07382038+2134015,6615.0,65.0,4.02,0.17,-0.19,0.05,3.14,0.06,NGC2420,0.9939
07382086+2133119,6653.0,55.0,3.99,0.16,-0.45,0.1,3.13,0.05,NGC2420,1.0
07382252+2132087,6580.0,66.0,4.1,0.17,-0.22,0.06,3.16,0.06,NGC2420,0.988
07382323+2137052,6300.0,64.0,3.97,0.17,-0.11,0.05,2.02,0.19,NGC2420,1.0
07382341+2135433,6618.0,65.0,4.2,0.17,-0.14,0.05,2.87,0.06,NGC2420,1.0
07382401+2134013,6614.0,65.0,4.19,0.17,-0.07,0.05,2.92,0.07,NGC2420,1.0
07382442+2135193,6665.0,67.0,4.16,0.17,-0.12,0.05,2.77,0.08,NGC2420,0.9997
07382506+2134102,6352.0,65.0,4.05,0.17,-0.13,0.05,2.77,0.07,NGC2420,0.9999
07382529+2133498,6533.0,65.0,4.07,0.17,-0.15,0.05,3.18,0.06,NGC2420,1.0
07382649+2130153,6536.0,67.0,4.15,0.17,-0.15,0.06,2.8,0.07,NGC2420,1.0
07382653+2132339,6314.0,65.0,3.89,0.17,-0.2,0.06,2.56,0.06,NGC2420,1.0
07382680+2133075,6526.0,64.0,4.05,0.18,-0.14,0.05,2.84,0.05,NGC2420,1.0
07382706+2131410,6312.0,65.0,3.94,0.17,-0.17,0.05,2.27,0.1,NGC2420,1.0
07382843+2124543,6611.0,66.0,3.94,0.18,-0.16,0.05,3.17,0.05,NGC2420,1.0
07383085+2135498,6470.0,69.0,4.05,0.17,-0.24,0.06,3.08,0.06,NGC2420,1.0
07383121+2136543,6421.0,67.0,4.19,0.17,-0.32,0.05,2.06,0.21,NGC2420,1.0
07383374+2134265,6413.0,66.0,4.05,0.17,-0.21,0.05,3.09,0.06,NGC2420,1.0
07383400+2136138,6631.0,55.0,4.01,0.16,-0.48,0.11,3.17,0.05,NGC2420,1.0
07383462+2132041,6687.0,66.0,4.2,0.17,-0.15,0.06,2.42,0.14,NGC2420,1.0
07383502+2133049,6593.0,67.0,3.97,0.18,-0.24,0.06,3.03,0.05,NGC2420,0.9798
07383512+2132439,6769.0,67.0,4.15,0.18,-0.2,0.05,3.29,0.05,NGC2420,1.0
07383554+2138029,6631.0,65.0,4.03,0.17,-0.08,0.05,3.31,0.05,NGC2420,1.0
07383701+2136521,6624.0,56.0,3.64,0.16,-0.89,0.06,3.21,0.05,NGC2420,1.0
07383861+2133060,6626.0,64.0,4.04,0.17,-0.19,0.05,3.29,0.06,NGC2420,1.0
07384239+2132216,6654.0,65.0,4.11,0.17,-0.2,0.06,2.93,0.08,NGC2420,1.0
07385117+2135581,6577.0,55.0,4.26,0.16,-0.24,0.1,3.37,0.05,NGC2420,1.0
07385696+2140569,6653.0,56.0,3.89,0.16,-0.62,0.05,2.89,0.06,NGC2420,1.0
07380627+2136542,4804.0,33.0,2.62,0.05,-0.16,0.05,1.22,0.04,NGC2420,1.0
07381822+2132062,4924.0,35.0,2.71,0.05,-0.13,0.05,0.61,0.08,NGC2420,1.0
07382195+2135508,4895.0,36.0,2.71,0.05,-0.14,0.05,0.03,,NGC2420,1.0
07382670+2128515,4922.0,36.0,2.7,0.05,-0.15,0.05,-0.19,,NGC2420,1.0
07382984+2134509,4850.0,36.0,2.78,0.05,-0.14,0.05,1.27,0.04,NGC2420,1.0
07383760+2134119,4918.0,35.0,2.69,0.05,-0.15,0.05,0.31,,NGC2420,1.0
07375804+2131533,6205.0,65.0,4.33,0.17,-0.24,0.05,2.65,0.07,NGC2420,1.0
07375996+2130533,5979.0,65.0,4.48,0.14,-0.19,0.07,2.71,0.08,NGC2420,1.0
07380240+2140041,6142.0,67.0,4.58,0.17,-0.12,0.06,2.92,0.08,NGC2420,1.0
07380391+2138216,6282.0,66.0,4.51,0.15,-0.15,0.07,3.02,0.08,NGC2420,1.0
07380656+2138339,6079.0,66.0,4.45,0.18,-0.33,0.05,2.8,0.12,NGC2420,1.0
07381098+2142313,5906.0,66.0,4.45,0.17,-0.36,0.05,2.51,0.09,NGC2420,1.0
07381229+2144027,6309.0,66.0,4.19,0.17,-0.13,0.05,2.98,0.07,NGC2420,0.9999
07381298+2140494,6010.0,65.0,4.47,0.14,-0.21,0.07,2.68,0.08,NGC2420,1.0
07381342+2134333,6517.0,54.0,4.37,0.16,-0.63,0.11,2.37,0.11,NGC2420,1.0
07381388+2138019,6266.0,65.0,4.26,0.17,-0.23,0.06,2.65,0.06,NGC2420,1.0
07381469+2136247,6424.0,65.0,4.4,0.14,-0.38,0.07,2.43,0.1,NGC2420,1.0
07381574+2134116,6229.0,66.0,4.43,0.17,-0.26,0.05,2.77,0.07,NGC2420,1.0
07381672+2133571,6490.0,56.0,4.32,0.16,-0.56,0.11,2.25,0.12,NGC2420,1.0
07381709+2132362,6765.0,66.0,4.18,0.18,-0.15,0.06,2.81,0.07,NGC2420,0.9741
07381741+2128300,5953.0,66.0,4.55,0.15,-0.24,0.07,2.65,0.11,NGC2420,1.0
07381803+2138153,5998.0,65.0,4.45,0.14,-0.21,0.07,2.61,0.1,NGC2420,1.0
07381888+2138547,6354.0,64.0,4.45,0.14,-0.29,0.07,2.84,0.06,NGC2420,1.0
07381968+2133510,5944.0,64.0,4.48,0.15,-0.28,0.07,2.76,0.09,NGC2420,1.0
07382070+2141234,6372.0,64.0,4.49,0.15,-0.23,0.07,2.98,0.06,NGC2420,1.0
07382099+2134199,5967.0,67.0,4.64,0.18,-0.16,0.05,2.55,0.1,NGC2420,1.0
07382240+2137104,6444.0,64.0,4.43,0.14,-0.29,0.07,2.96,0.08,NGC2420,1.0
07382318+2136226,6322.0,63.0,4.42,0.17,-0.21,0.05,2.45,0.07,NGC2420,0.9999
07382321+2132155,6687.0,56.0,4.06,0.16,-0.44,0.11,3.14,0.05,NGC2420,1.0
07382461+2133196,6312.0,67.0,4.2,0.17,-0.28,0.05,2.78,0.07,NGC2420,1.0
07382502+2137031,6253.0,65.0,4.36,0.14,-0.26,0.07,2.95,0.07,NGC2420,1.0
07382531+2134427,6424.0,64.0,4.24,0.18,-0.21,0.06,3.16,0.07,NGC2420,1.0
07382617+2134129,6388.0,63.0,4.01,0.18,-0.12,0.06,3.13,0.06,NGC2420,0.9987
07382770+2136183,6723.0,64.0,4.24,0.17,-0.14,0.05,2.24,0.18,NGC2420,1.0
07382818+2138066,5852.0,65.0,4.42,0.17,-0.16,0.05,2.5,0.08,NGC2420,1.0
07382850+2138276,6396.0,65.0,4.42,0.14,-0.25,0.07,2.69,0.07,NGC2420,1.0
07383019+2136284,6076.0,65.0,4.52,0.14,-0.16,0.07,2.66,0.07,NGC2420,1.0
07383045+2136518,5916.0,64.0,4.43,0.17,-0.22,0.06,2.72,0.08,NGC2420,1.0
07383099+2140209,6038.0,63.0,4.59,0.15,-0.23,0.07,2.71,0.07,NGC2420,1.0
07383120+2134035,6704.0,64.0,4.16,0.18,-0.17,0.06,3.18,0.05,NGC2420,1.0
07383261+2134114,5919.0,64.0,4.5,0.14,-0.26,0.07,2.59,0.09,NGC2420,1.0
07383314+2141592,6115.0,65.0,4.27,0.17,-0.19,0.05,2.8,0.07,NGC2420,1.0
07383363+2132490,6584.0,55.0,4.3,0.16,-0.44,0.11,2.17,0.18,NGC2420,1.0
07383698+2131456,5904.0,64.0,4.51,0.15,-0.2,0.07,2.49,0.09,NGC2420,1.0
07383726+2133499,6360.0,66.0,4.11,0.17,-0.14,0.05,2.71,0.05,NGC2420,1.0
07383854+2134272,6481.0,65.0,4.29,0.18,-0.18,0.06,2.77,0.08,NGC2420,1.0
07383885+2135562,6077.0,64.0,4.54,0.14,-0.17,0.07,2.66,0.07,NGC2420,1.0
07383907+2134426,5957.0,66.0,4.36,0.17,-0.21,0.05,2.49,0.07,NGC2420,1.0
07383954+2139153,5903.0,62.0,4.58,0.14,-0.19,0.07,2.51,0.09,NGC2420,1.0
07383997+2131417,6236.0,64.0,4.54,0.15,-0.1,0.07,2.52,0.09,NGC2420,1.0
07384002+2134433,6382.0,65.0,4.34,0.14,-0.24,0.07,2.98,0.06,NGC2420,1.0
07384029+2140040,6655.0,56.0,4.09,0.16,-0.35,0.1,2.35,0.1,NGC2420,1.0
07384301+2132174,6524.0,55.0,4.26,0.16,-0.63,0.11,2.17,0.14,NGC2420,1.0
07384574+2135420,5646.0,65.0,4.51,0.17,-0.19,0.05,2.08,0.12,NGC2420,1.0
07384780+2138268,5965.0,64.0,4.54,0.15,-0.23,0.07,2.38,0.11,NGC2420,1.0
07384815+2136204,6187.0,66.0,4.48,0.14,-0.2,0.07,2.83,0.07,NGC2420,1.0
07384874+2130573,6056.0,65.0,4.54,0.14,-0.21,0.07,2.78,0.07,NGC2420,1.0
07390159+2135457,6447.0,64.0,4.38,0.14,-0.28,0.07,2.91,0.06,NGC2420,1.0
07381317+2131524,5259.0,32.0,3.64,0.05,-0.12,0.05,1.45,0.05,NGC2420,1.0
07381931+2135220,6756.0,46.0,3.92,0.06,-0.35,0.05,3.21,0.03,NGC2420,0.9999
07382241+2133466,5343.0,35.0,3.75,0.05,-0.14,0.05,1.65,0.04,NGC2420,1.0
07382580+2132594,6670.0,51.0,3.93,0.06,-0.34,0.05,2.9,0.05,NGC2420,1.0
07382696+2133313,5130.0,35.0,2.48,0.05,-0.19,0.05,0.18,,NGC2420,1.0
07382696+2138244,4880.0,34.0,2.65,0.05,-0.14,0.05,0.07,0.1,NGC2420,1.0
07382935+2132375,4972.0,36.0,2.93,0.05,-0.13,0.05,0.99,0.06,NGC2420,0.9992
07374414+2135131,6396.0,65.0,4.4,0.15,-0.24,0.07,2.57,0.09,NGC2420,1.0
07380192+2128503,6613.0,66.0,4.24,0.18,-0.22,0.05,2.21,0.16,NGC2420,1.0
07380834+2134431,6568.0,56.0,3.71,0.16,-0.25,0.15,1.77,,NGC2420,1.0
07381001+2139477,6606.0,59.0,4.19,0.16,-0.51,0.11,2.33,0.12,NGC2420,1.0
07381130+2135438,6440.0,64.0,4.13,0.17,-0.42,0.05,2.12,,NGC2420,1.0
07381132+2140004,6331.0,64.0,4.43,0.15,-0.25,0.07,2.94,0.07,NGC2420,1.0
07381225+2132576,6704.0,59.0,3.55,0.16,-0.23,0.15,2.49,0.15,NGC2420,1.0
07381400+2131141,6291.0,63.0,4.44,0.14,-0.26,0.07,2.74,0.1,NGC2420,1.0
07381522+2125084,6350.0,65.0,4.39,0.14,-0.28,0.07,2.64,0.07,NGC2420,1.0
07381539+2133064,6558.0,55.0,4.2,0.16,-0.61,0.11,2.02,0.22,NGC2420,1.0
07381646+2131586,5842.0,64.0,4.02,0.17,-0.28,0.05,2.88,0.06,NGC2420,1.0
07381774+2135503,6422.0,63.0,4.38,0.15,-0.28,0.07,2.9,0.07,NGC2420,1.0
07381774+2141300,6466.0,64.0,4.43,0.14,-0.19,0.07,2.44,0.15,NGC2420,1.0
07381812+2128213,6654.0,58.0,4.14,0.16,-0.36,0.11,2.62,0.07,NGC2420,1.0
07381876+2133358,6607.0,64.0,4.12,0.17,-0.14,0.05,2.23,0.2,NGC2420,1.0
07381878+2135332,6437.0,64.0,4.06,0.18,-0.38,0.05,2.69,0.09,NGC2420,1.0
07381969+2131106,6613.0,66.0,4.1,0.17,-0.11,0.05,2.39,0.16,NGC2420,1.0
07382106+2134098,6533.0,66.0,4.18,0.17,-0.14,0.05,1.95,0.23,NGC2420,1.0
07382130+2134332,6721.0,64.0,4.19,0.18,-0.18,0.05,3.18,0.05,NGC2420,0.9997
07382194+2140273,6359.0,66.0,4.43,0.14,-0.11,0.07,3.01,0.07,NGC2420,1.0
07382223+2126127,6202.0,65.0,4.44,0.14,-0.23,0.07,2.03,0.24,NGC2420,1.0
07382357+2135572,5917.0,66.0,4.4,0.17,-0.28,0.06,2.54,0.09,NGC2420,1.0
07382377+2133154,6645.0,67.0,4.11,0.17,-0.16,0.05,3.19,0.05,NGC2420,1.0
07382478+2134496,5949.0,64.0,4.36,0.18,-0.22,0.05,2.35,0.1,NGC2420,1.0
07382488+2136027,6619.0,57.0,4.24,0.16,-0.36,0.11,2.15,0.19,NGC2420,1.0
07382520+2127195,6605.0,55.0,3.92,0.16,-0.53,0.1,3.07,0.04,NGC2420,1.0
07382620+2136532,6542.0,65.0,4.3,0.15,-0.27,0.07,1.99,,NGC2420,1.0
07382650+2134579,6383.0,66.0,4.02,0.18,-0.27,0.05,3.19,0.06,NGC2420,1.0
07382677+2131131,6575.0,55.0,3.79,0.16,-0.94,0.06,2.19,0.18,NGC2420,1.0
07382725+2137470,6478.0,65.0,4.04,0.17,-0.33,0.06,2.77,0.08,NGC2420,1.0
07382735+2132400,6334.0,67.0,4.36,0.15,-0.21,0.07,2.77,0.07,NGC2420,1.0
07382805+2127496,6348.0,64.0,4.46,0.14,-0.23,0.07,2.84,0.06,NGC2420,1.0
07382820+2136290,6456.0,67.0,3.9,0.18,-0.39,0.05,2.62,0.12,NGC2420,1.0
07382827+2131511,6426.0,64.0,4.42,0.14,-0.33,0.07,1.93,,NGC2420,1.0
07382834+2130246,6736.0,67.0,4.17,0.17,-0.15,0.05,2.08,0.33,NGC2420,1.0
07382929+2138238,6390.0,65.0,4.46,0.14,-0.19,0.07,3.07,0.06,NGC2420,1.0
07383012+2133357,6321.0,64.0,4.51,0.15,-0.21,0.07,2.9,0.07,NGC2420,1.0
07383026+2132311,6401.0,66.0,4.03,0.17,-0.19,0.05,2.73,0.07,NGC2420,1.0
07383037+2135289,6684.0,66.0,4.0,0.17,-0.18,0.05,3.04,0.05,NGC2420,0.9998
07383110+2139020,6607.0,55.0,4.09,0.16,-0.61,0.05,2.84,0.05,NGC2420,1.0
07383116+2134344,6329.0,65.0,4.38,0.17,-0.3,0.06,3.04,0.06,NGC2420,1.0
07383169+2136114,6170.0,64.0,4.19,0.17,-0.3,0.05,2.34,0.1,NGC2420,1.0
07383172+2126584,6508.0,67.0,4.06,0.18,-0.14,0.05,2.08,,NGC2420,1.0
07383282+2134181,6738.0,64.0,4.2,0.18,-0.18,0.05,2.85,0.07,NGC2420,1.0
07383294+2130261,6362.0,66.0,4.46,0.14,-0.25,0.07,2.95,0.09,NGC2420,1.0
07383295+2136488,6703.0,66.0,4.04,0.17,-0.17,0.05,3.08,0.05,NGC2420,0.9982
07383326+2127050,6589.0,56.0,3.95,0.16,-0.59,0.11,2.43,0.1,NGC2420,1.0
07383357+2139018,6460.0,66.0,4.14,0.17,-0.28,0.05,3.02,0.06,NGC2420,0.9999
07383404+2129046,6587.0,56.0,3.98,0.17,-0.48,0.11,3.15,0.05,NGC2420,1.0
07383424+2138042,6242.0,66.0,4.38,0.18,-0.14,0.05,2.87,0.08,NGC2420,1.0
07383433+2126554,6630.0,56.0,3.93,0.16,-0.65,0.05,2.43,0.14,NGC2420,1.0
07383473+2139228,6716.0,64.0,4.16,0.17,-0.17,0.05,3.17,0.05,NGC2420,0.9999
07383634+2140177,6705.0,66.0,4.22,0.18,-0.13,0.05,2.16,,NGC2420,1.0
07383715+2135307,6595.0,54.0,3.96,0.17,-0.54,0.11,2.12,0.18,NGC2420,1.0
07383811+2136314,6722.0,62.0,4.23,0.17,-0.19,0.05,2.92,0.06,NGC2420,1.0
07383834+2133388,6266.0,64.0,4.5,0.17,-0.13,0.06,2.97,0.06,NGC2420,1.0
07383950+2131351,6456.0,63.0,4.23,0.18,-0.09,0.06,2.28,0.15,NGC2420,0.9999
07384099+2127025,6713.0,65.0,4.25,0.17,-0.13,0.05,2.02,,NGC2420,1.0
07384118+2125588,6380.0,65.0,4.4,0.14,-0.28,0.07,2.74,0.1,NGC2420,1.0
07384127+2137483,6787.0,66.0,4.05,0.18,-0.13,0.05,2.37,,NGC2420,0.995
07384182+2129272,6616.0,56.0,4.19,0.16,-0.6,0.05,2.31,0.14,NGC2420,1.0
07384292+2142142,6526.0,65.0,4.42,0.15,-0.32,0.07,2.41,0.12,NGC2420,1.0
07384312+2135339,6608.0,55.0,4.24,0.17,-0.64,0.05,1.75,,NGC2420,1.0
07384395+2132153,6368.0,65.0,4.35,0.18,-0.16,0.05,2.73,0.08,NGC2420,1.0
07384622+2136219,6330.0,66.0,4.55,0.15,-0.14,0.07,2.97,0.07,NGC2420,1.0
07384796+2135169,6201.0,65.0,4.41,0.14,-0.21,0.07,3.05,0.1,NGC2420,1.0
07385964+2139224,6255.0,65.0,4.49,0.14,-0.23,0.07,2.91,0.07,NGC2420,1.0
07390101+2139061,6312.0,65.0,4.33,0.14,-0.37,0.07,2.91,0.07,NGC2420,1.0
07390157+2131041,6485.0,63.0,4.15,0.18,-0.13,0.06,2.57,0.12,NGC2420,1.0
07390457+2135219,6550.0,64.0,4.11,0.17,-0.17,0.05,2.92,0.07,NGC2420,1.0
07381549+2138015,4930.0,35.0,2.72,0.05,-0.16,0.05,0.8,0.07,NGC2420,1.0
07382166+2133514,4475.0,35.0,2.09,0.05,-0.23,0.05,-0.37,,NGC2420,0.9983
07382208+2136432,4938.0,35.0,2.73,0.05,-0.17,0.05,0.18,,NGC2420,1.0
07382418+2132540,4395.0,35.0,1.83,0.05,-0.2,0.05,-0.45,0.11,NGC2420,1.0
07380599+2133071,5242.0,35.0,3.53,0.05,-0.16,0.05,1.44,0.05,NGC2420,1.0
07381367+2136371,6000.0,38.0,3.69,0.04,-0.21,0.06,2.71,0.04,NGC2420,1.0
07382148+2135051,4908.0,34.0,2.82,0.05,-0.14,0.05,0.04,,NGC2420,1.0
07382327+2132569,5246.0,36.0,3.59,0.05,-0.16,0.05,1.52,0.05,NGC2420,1.0
07382347+2124448,4937.0,35.0,2.57,0.05,-0.22,0.05,0.37,,NGC2420,0.9918
07382406+2132148,4937.0,36.0,2.72,0.05,-0.15,0.05,0.12,,NGC2420,1.0
07383194+2133225,6348.0,39.0,3.59,0.04,-0.31,0.05,3.19,0.03,NGC2420,1.0
07380399+2134122,6009.0,38.0,3.64,0.05,-0.26,0.05,2.47,0.04,NGC2420,1.0
07380545+2136507,4899.0,34.0,2.8,0.05,-0.17,0.05,1.25,0.04,NGC2420,0.9998
07381972+2136522,5205.0,36.0,3.47,0.05,-0.16,0.05,1.15,0.08,NGC2420,1.0
07382501+2133283,5257.0,35.0,3.6,0.05,-0.14,0.05,1.54,0.05,NGC2420,1.0
07382724+2133166,4945.0,35.0,2.93,0.05,-0.13,0.05,1.21,0.05,NGC2420,1.0
07374737+2137133,6384.0,64.0,4.46,0.14,-0.24,0.07,2.87,0.06,NGC2420,1.0
07375208+2139069,6170.0,66.0,4.47,0.15,-0.27,0.07,2.8,0.08,NGC2420,1.0
07375764+2132544,5885.0,63.0,4.54,0.17,-0.22,0.05,2.41,0.1,NGC2420,0.9996
07375933+2135145,5862.0,65.0,4.75,0.17,-0.06,0.06,2.37,0.12,NGC2420,1.0
07380113+2136052,5804.0,64.0,4.58,0.17,-0.01,0.05,2.29,0.12,NGC2420,1.0
07380173+2126209,6165.0,65.0,4.46,0.14,-0.19,0.07,2.89,0.08,NGC2420,1.0
07380348+2132405,6000.0,66.0,4.61,0.18,-0.15,0.05,2.36,0.12,NGC2420,1.0
07380485+2130301,5854.0,64.0,4.75,0.17,-0.38,0.05,2.61,0.08,NGC2420,1.0
07380789+2129481,6632.0,57.0,3.78,0.16,-0.73,0.05,2.32,0.13,NGC2420,1.0
07380830+2135511,6357.0,64.0,4.32,0.17,-0.22,0.06,1.94,,NGC2420,1.0
07380832+2132066,6390.0,66.0,4.44,0.14,-0.21,0.07,2.92,0.07,NGC2420,1.0
07380898+2131038,5172.0,72.0,4.71,0.21,-0.28,0.05,1.26,0.22,NGC2420,1.0
07381386+2132540,5984.0,64.0,4.62,0.17,-0.29,0.05,2.21,0.14,NGC2420,1.0
07381589+2133307,5690.0,64.0,4.28,0.17,-0.13,0.05,2.33,0.11,NGC2420,1.0
07381610+2132306,5967.0,65.0,4.55,0.18,-0.09,0.06,2.23,0.17,NGC2420,1.0
07381856+2133483,6364.0,65.0,4.39,0.14,-0.17,0.07,2.61,0.08,NGC2420,1.0
07382003+2134199,5850.0,71.0,4.38,0.21,-0.21,0.06,2.53,0.1,NGC2420,1.0
07382018+2135160,6606.0,67.0,4.15,0.18,-0.12,0.06,2.26,0.11,NGC2420,1.0
07382027+2141508,5759.0,66.0,4.6,0.17,-0.38,0.06,2.42,0.1,NGC2420,1.0
07382082+2134385,6504.0,65.0,4.37,0.14,-0.29,0.07,2.11,0.22,NGC2420,1.0
07382453+2127409,5600.0,66.0,4.24,0.17,-0.38,0.06,2.2,0.13,NGC2420,1.0
07382462+2134565,6398.0,65.0,4.36,0.15,-0.33,0.07,2.67,0.08,NGC2420,1.0
07382488+2132223,6407.0,66.0,4.42,0.15,-0.34,0.07,2.59,0.08,NGC2420,1.0
07382575+2135451,6056.0,66.0,4.56,0.15,-0.21,0.07,2.77,0.07,NGC2420,1.0
07382617+2132414,5520.0,65.0,4.44,0.17,-0.28,0.05,1.72,0.21,NGC2420,1.0
07382782+2127308,5798.0,68.0,4.26,0.18,-0.19,0.06,2.31,0.11,NGC2420,1.0
07382845+2129202,5830.0,66.0,4.64,0.18,-0.37,0.05,2.68,0.08,NGC2420,1.0
07382985+2136523,5167.0,70.0,4.67,0.21,-0.52,0.06,2.1,0.11,NGC2420,1.0
07383089+2133308,6171.0,66.0,4.46,0.17,-0.23,0.05,2.89,0.08,NGC2420,1.0
07383223+2131536,5220.0,64.0,4.67,0.18,-0.27,0.05,1.69,0.14,NGC2420,1.0
07383235+2132440,6157.0,66.0,4.48,0.17,-0.24,0.06,2.67,0.08,NGC2420,1.0
07383408+2139058,6359.0,65.0,4.2,0.18,-0.16,0.05,2.7,0.07,NGC2420,1.0
07383462+2135045,6683.0,64.0,4.27,0.17,-0.13,0.05,3.23,0.05,NGC2420,1.0
07383548+2138183,5935.0,64.0,4.57,0.18,-0.14,0.05,2.65,0.09,NGC2420,1.0
07383565+2135520,5739.0,64.0,4.53,0.17,-0.17,0.05,2.43,0.08,NGC2420,1.0
07383585+2141379,5927.0,65.0,4.56,0.15,-0.22,0.07,2.43,0.12,NGC2420,1.0
07383738+2141329,5960.0,63.0,4.61,0.14,-0.22,0.07,2.54,0.1,NGC2420,1.0
07383811+2129427,6039.0,64.0,4.5,0.14,-0.15,0.07,2.86,0.08,NGC2420,1.0
07383843+2136476,6617.0,57.0,3.73,0.16,-0.39,0.15,1.91,,NGC2420,1.0
07384014+2136548,6559.0,56.0,4.12,0.17,-0.43,0.11,2.36,0.1,NGC2420,1.0
07384136+2132223,6201.0,66.0,4.3,0.17,-0.15,0.05,2.88,0.07,NGC2420,1.0
07384228+2138340,5752.0,64.0,4.59,0.18,-0.17,0.06,2.32,0.11,NGC2420,0.9991
07384312+2127031,5851.0,71.0,4.39,0.21,-0.34,0.06,2.29,0.13,NGC2420,1.0
07384523+2134215,6359.0,66.0,4.24,0.18,-0.15,0.05,2.9,0.07,NGC2420,1.0
07384680+2134520,6010.0,65.0,4.52,0.18,-0.24,0.05,2.76,0.08,NGC2420,1.0
07385015+2133371,5911.0,64.0,4.49,0.15,-0.17,0.07,2.78,0.08,NGC2420,1.0
07385119+2130407,5361.0,66.0,4.26,0.17,-0.55,0.06,1.68,0.14,NGC2420,1.0
07390151+2134311,5857.0,65.0,4.51,0.17,-0.2,0.05,2.43,0.12,NGC2420,1.0
07390202+2133069,5540.0,70.0,4.54,0.21,-0.38,0.05,1.83,0.21,NGC2420,0.9999
07375085+2135167,5499.0,72.0,4.58,0.2,-0.32,0.05,1.71,,NGC2420,1.0
07375132+2132380,6558.0,78.0,4.09,0.2,-0.35,0.16,2.76,0.1,NGC2420,1.0
07380146+2136384,5458.0,103.0,4.74,0.33,-0.14,0.09,1.84,0.25,NGC2420,1.0
07380272+2139289,5422.0,67.0,4.02,0.17,-0.58,0.06,1.84,0.15,NGC2420,1.0
07380926+2132373,5023.0,64.0,3.97,0.18,-0.48,0.05,1.29,,NGC2420,1.0
07381270+2137438,5966.0,65.0,4.69,0.17,-0.22,0.05,2.73,0.1,NGC2420,1.0
07381327+2133197,5511.0,65.0,4.39,0.17,-0.21,0.05,1.73,0.29,NGC2420,1.0
07381528+2137365,5895.0,67.0,4.5,0.17,-0.13,0.05,2.67,0.09,NGC2420,1.0
07381635+2134329,5659.0,69.0,4.48,0.21,-0.22,0.05,2.36,0.14,NGC2420,1.0
07381652+2130177,5739.0,66.0,4.37,0.18,-0.32,0.06,2.16,0.14,NGC2420,1.0
07381794+2125313,5246.0,62.0,4.48,0.18,-0.38,0.05,1.89,0.17,NGC2420,1.0
07381814+2135083,5303.0,63.0,4.44,0.18,-0.27,0.05,1.61,,NGC2420,0.9999
07381884+2132312,5752.0,70.0,4.49,0.21,-0.16,0.05,2.28,0.13,NGC2420,1.0
07382051+2137285,5274.0,62.0,4.54,0.17,-0.37,0.05,1.22,1.25,NGC2420,1.0
07382142+2131155,5910.0,63.0,4.58,0.18,-0.3,0.05,3.05,0.08,NGC2420,0.9957
07382230+2134375,5882.0,64.0,4.66,0.18,-0.34,0.05,2.76,0.08,NGC2420,1.0
07382246+2135361,6589.0,55.0,3.71,0.16,-0.89,0.06,1.86,,NGC2420,1.0
07382414+2135108,4869.0,80.0,4.35,0.22,-0.04,0.08,1.05,0.45,NGC2420,1.0
07382500+2136311,5381.0,68.0,4.67,0.21,-0.38,0.05,1.61,0.25,NGC2420,1.0
07382575+2133354,5795.0,67.0,4.73,0.17,-0.28,0.05,2.11,0.11,NGC2420,1.0
07382713+2134451,6410.0,64.0,4.29,0.17,-0.27,0.05,3.12,0.06,NGC2420,1.0
07382763+2139202,5532.0,69.0,4.49,0.2,-0.26,0.05,2.22,0.12,NGC2420,1.0
07382805+2138311,5810.0,71.0,4.42,0.21,-0.24,0.06,2.38,0.12,NGC2420,1.0
07382945+2135118,5496.0,69.0,4.27,0.21,-0.33,0.06,1.44,,NGC2420,1.0
07382949+2136586,5771.0,65.0,4.53,0.18,-0.25,0.05,2.46,0.11,NGC2420,1.0
07383251+2133163,6006.0,65.0,4.33,0.17,-0.28,0.05,2.79,0.08,NGC2420,1.0
07383387+2139424,5347.0,63.0,4.96,0.17,-0.37,0.05,1.53,0.25,NGC2420,1.0
07383397+2130214,5197.0,65.0,4.26,0.18,-0.39,0.05,1.32,,NGC2420,0.9991
07383427+2136204,5412.0,65.0,4.66,0.18,-0.33,0.05,1.81,0.19,NGC2420,1.0
07383438+2143440,5723.0,65.0,4.37,0.17,-0.22,0.05,2.23,0.14,NGC2420,1.0
07383566+2133185,5455.0,83.0,4.28,0.22,-0.3,0.08,1.6,,NGC2420,1.0
07383576+2135072,5694.0,66.0,3.87,0.17,-0.43,0.06,2.42,0.11,NGC2420,0.9991
07383729+2125316,5762.0,64.0,4.31,0.18,-0.25,0.06,2.09,0.14,NGC2420,1.0
07383753+2141584,5904.0,65.0,4.56,0.14,-0.21,0.07,2.53,0.1,NGC2420,1.0
07383837+2135375,5868.0,65.0,4.75,0.18,-0.22,0.05,2.34,0.12,NGC2420,1.0
07383993+2129357,5809.0,65.0,4.73,0.18,-0.13,0.05,2.1,0.18,NGC2420,1.0
07383994+2139130,5820.0,64.0,4.7,0.17,-0.16,0.05,2.49,0.13,NGC2420,1.0
07384027+2130343,5062.0,64.0,4.28,0.18,-0.33,0.05,1.01,0.43,NGC2420,1.0
07384058+2138127,5787.0,66.0,4.25,0.18,-0.12,0.06,1.88,,NGC2420,0.9868
07384062+2136481,6030.0,66.0,4.41,0.17,-0.17,0.05,2.89,0.08,NGC2420,0.9999
07384163+2137166,5400.0,106.0,4.92,0.3,-0.08,0.09,1.88,0.25,NGC2420,1.0
07384474+2134286,5158.0,67.0,4.33,0.17,-0.23,0.06,1.4,0.25,NGC2420,1.0
07384608+2134130,6063.0,65.0,4.51,0.14,-0.21,0.07,2.64,0.08,NGC2420,1.0
07384625+2128104,5236.0,66.0,4.9,0.18,-0.36,0.06,1.44,,NGC2420,1.0
07385001+2134293,6478.0,65.0,4.18,0.18,-0.17,0.05,2.65,0.08,NGC2420,1.0
07385035+2138090,5525.0,66.0,4.33,0.17,-0.08,0.05,1.82,0.26,NGC2420,1.0
07385108+2132548,5473.0,66.0,4.55,0.17,-0.33,0.06,1.86,0.19,NGC2420,1.0
07385255+2134488,5968.0,65.0,4.65,0.17,-0.29,0.05,2.65,0.08,NGC2420,1.0
07385310+2133014,5133.0,107.0,3.93,0.23,-0.61,0.09,1.68,0.2,NGC2420,0.9998
07385723+2135386,5659.0,64.0,4.15,0.18,-0.31,0.05,2.17,0.15,NGC2420,1.0
07385814+2132566,5624.0,68.0,4.43,0.21,-0.34,0.05,1.95,0.21,NGC2420,1.0
07385831+2130199,5152.0,65.0,4.63,0.17,-0.51,0.05,1.43,0.31,NGC2420,1.0
07390206+2133589,6206.0,65.0,4.21,0.17,-0.26,0.05,2.74,0.09,NGC2420,1.0
07390269+2136084,6380.0,66.0,4.37,0.15,-0.15,0.07,2.97,0.07,NGC2420,1.0
07390468+2130597,5814.0,65.0,4.11,0.18,-0.17,0.05,2.0,,NGC2420,1.0
07390502+2131386,5648.0,82.0,3.88,0.21,-0.43,0.07,2.02,0.38,NGC2420,0.9866
07375683+2136052,4827.0,79.0,4.67,0.22,-0.53,0.08,1.45,0.21,NGC2420,0.9999
07380334+2131456,4770.0,82.0,4.99,0.21,0.08,0.08,1.44,0.22,NGC2420,1.0
07380364+2138453,5992.0,66.0,4.55,0.15,-0.13,0.07,2.86,0.08,NGC2420,1.0
07380514+2142375,5768.0,65.0,4.65,0.18,-0.39,0.05,2.2,0.12,NGC2420,1.0
07380529+2136033,6210.0,66.0,4.43,0.14,-0.26,0.07,2.7,0.07,NGC2420,1.0
07380638+2134335,4960.0,108.0,4.57,0.34,0.14,0.1,1.04,,NGC2420,1.0
07380808+2137078,5854.0,69.0,4.46,0.21,-0.17,0.05,2.48,0.09,NGC2420,1.0
07380866+2127571,4870.0,82.0,4.27,0.22,-0.09,0.08,0.94,,NGC2420,0.9998
07380960+2140409,5115.0,82.0,4.04,0.22,-0.23,0.08,1.49,0.34,NGC2420,0.9885
07380979+2137584,6123.0,64.0,4.41,0.14,-0.21,0.07,2.82,0.07,NGC2420,1.0
07381062+2136462,4873.0,81.0,4.3,0.22,-0.19,0.08,0.93,,NGC2420,1.0
07381171+2136425,4826.0,107.0,4.51,0.24,-0.46,0.09,1.3,0.22,NGC2420,1.0
07381177+2136201,5057.0,70.0,4.73,0.21,-0.2,0.05,1.13,,NGC2420,1.0
07381203+2127547,5360.0,64.0,4.67,0.18,-0.18,0.05,1.87,0.15,NGC2420,1.0
07381227+2134184,5832.0,69.0,4.39,0.21,-0.22,0.06,2.4,0.09,NGC2420,1.0
07381288+2131220,4709.0,103.0,4.5,0.32,0.19,0.09,1.29,0.27,NGC2420,0.9997
07381342+2139332,5363.0,70.0,4.66,0.21,-0.26,0.06,1.4,0.31,NGC2420,0.999
07381536+2133282,4937.0,80.0,4.07,0.21,-0.12,0.08,1.16,0.37,NGC2420,1.0
07381574+2130541,4212.0,96.0,4.36,0.26,-0.21,0.15,0.21,,NGC2420,0.9997
07381586+2126265,4397.0,82.0,3.51,0.22,-0.06,0.07,0.7,0.27,NGC2420,1.0
07381594+2136398,5206.0,105.0,4.88,0.31,0.21,0.09,1.42,,NGC2420,1.0
07381658+2131389,5031.0,103.0,4.38,0.33,0.18,0.09,1.44,,NGC2420,1.0
07381701+2136079,4972.0,82.0,4.65,0.21,0.03,0.08,1.57,0.23,NGC2420,1.0
07381725+2126442,5123.0,83.0,4.78,0.22,0.0,0.08,1.68,,NGC2420,1.0
07381817+2138241,5984.0,66.0,4.58,0.17,-0.17,0.05,2.76,0.08,NGC2420,1.0
07381946+2134040,4637.0,79.0,4.26,0.22,0.08,0.08,1.01,0.3,NGC2420,1.0
07381949+2130067,6280.0,65.0,4.37,0.17,-0.28,0.05,2.34,0.1,NGC2420,1.0
07382038+2138545,6579.0,55.0,3.72,0.16,-0.88,0.05,1.84,,NGC2420,1.0
07382178+2134482,6694.0,67.0,4.33,0.18,-0.17,0.05,2.09,0.21,NGC2420,1.0
07382336+2133369,6002.0,66.0,4.27,0.17,-0.16,0.05,2.66,0.08,NGC2420,0.9957
07382375+2142550,5595.0,68.0,4.47,0.21,-0.12,0.05,1.79,0.24,NGC2420,1.0
07382379+2135271,4934.0,96.0,3.66,0.26,-0.39,0.15,1.05,0.43,NGC2420,1.0
07382422+2131399,5324.0,63.0,4.26,0.17,-0.35,0.05,1.62,0.25,NGC2420,1.0
07382469+2136525,5907.0,70.0,4.36,0.21,-0.29,0.05,2.51,0.09,NGC2420,0.9993
07382491+2132059,5862.0,64.0,4.65,0.18,-0.09,0.05,2.42,0.1,NGC2420,0.9999
07382516+2134366,6461.0,65.0,4.38,0.14,-0.28,0.07,2.02,0.21,NGC2420,1.0
07382570+2135354,4952.0,81.0,4.56,0.22,-0.16,0.08,1.21,0.34,NGC2420,1.0
07382572+2135190,5012.0,104.0,4.68,0.32,0.12,0.09,1.38,0.31,NGC2420,1.0
07382607+2136388,5108.0,82.0,4.67,0.22,-0.11,0.08,1.64,0.22,NGC2420,1.0
07382765+2136020,5647.0,64.0,4.6,0.17,-0.23,0.05,1.68,0.35,NGC2420,1.0
07382791+2133225,6366.0,65.0,4.32,0.14,-0.26,0.07,2.92,0.06,NGC2420,1.0
07383042+2137370,4997.0,64.0,4.57,0.18,-0.29,0.06,1.29,0.17,NGC2420,1.0
07383090+2133530,5909.0,64.0,4.66,0.17,0.07,0.05,2.25,0.14,NGC2420,1.0
07383433+2132466,4981.0,83.0,4.89,0.22,-0.14,0.08,1.29,0.32,NGC2420,1.0
07383956+2142099,5451.0,104.0,4.83,0.31,0.08,0.09,1.49,,NGC2420,1.0
07383986+2129295,5016.0,65.0,4.58,0.17,-0.29,0.05,1.3,0.16,NGC2420,1.0
07384052+2134425,4732.0,83.0,3.83,0.22,-0.18,0.07,1.31,,NGC2420,1.0
07384106+2143461,5072.0,82.0,4.76,0.22,0.21,0.08,1.53,,NGC2420,1.0
07384131+2135078,5110.0,80.0,3.86,0.22,-0.14,0.07,1.63,0.22,NGC2420,1.0
07385213+2132588,6145.0,64.0,4.45,0.14,-0.2,0.07,2.8,0.07,NGC2420,1.0
07385389+2131058,4830.0,82.0,4.43,0.22,-0.25,0.08,0.87,,NGC2420,1.0
07385884+2134122,5575.0,66.0,4.35,0.17,-0.17,0.05,1.81,,NGC2420,1.0
07390024+2136423,4497.0,81.0,4.81,0.22,-0.37,0.08,1.08,0.25,NGC2420,1.0
07390151+2138160,5161.0,63.0,4.61,0.17,-0.43,0.06,1.67,0.17,NGC2420,0.9999
07390227+2135193,4893.0,82.0,3.98,0.21,-0.05,0.07,1.43,,NGC2420,1.0
07381228+2136269,6265.0,35.0,4.12,0.05,-0.19,0.05,2.57,0.06,NGC2420,1.0
07381784+2132585,6143.0,33.0,3.95,0.05,-0.21,0.05,2.68,0.05,NGC2420,1.0
07382020+2130400,5927.0,34.0,4.2,0.05,-0.03,0.05,2.33,0.07,NGC2420,1.0
07382854+2133366,6165.0,34.0,4.12,0.05,-0.21,0.05,2.65,0.04,NGC2420,0.9997
07383354+2136531,6240.0,33.0,4.08,0.05,-0.08,0.05,2.72,0.06,NGC2420,1.0
07375974-1455111,5347.0,102.0,4.3,0.34,-0.38,0.09,1.9,,NGC2425,0.9992
07380059-1454142,4941.0,65.0,4.03,0.17,-0.39,0.05,0.92,,NGC2425,0.9864
07380282-1453353,6010.0,64.0,4.43,0.18,-0.19,0.06,2.39,0.21,NGC2425,0.9995
07380668-1454035,6450.0,66.0,4.25,0.17,-0.45,0.05,2.13,0.18,NGC2425,0.9999
07380898-1449539,6373.0,67.0,4.22,0.17,-0.16,0.05,2.95,0.07,NGC2425,0.9998
07380978-1453384,5973.0,67.0,4.37,0.17,-0.46,0.05,2.85,0.11,NGC2425,0.9993
07381059-1455518,6496.0,66.0,4.1,0.17,-0.25,0.05,2.42,0.15,NGC2425,0.9998
07381192-1453077,6446.0,66.0,4.04,0.18,-0.44,0.05,2.62,0.1,NGC2425,0.9997
07381193-1451447,6359.0,66.0,4.07,0.18,-0.25,0.06,3.0,0.06,NGC2425,0.9998
07381308-1455236,6197.0,65.0,4.13,0.17,-0.35,0.06,2.13,,NGC2425,0.9881
07381394-1456564,5653.0,80.0,4.33,0.22,0.05,0.08,2.5,0.18,NGC2425,0.9993
07381574-1455024,5273.0,100.0,3.97,0.33,-0.45,0.09,1.44,,NGC2425,0.9993
07381585-1455257,6385.0,66.0,4.04,0.17,-0.44,0.06,3.23,0.08,NGC2425,0.9802
07381657-1454492,6415.0,66.0,4.04,0.18,-0.2,0.06,2.31,0.17,NGC2425,0.9924
07381661-1454253,6304.0,67.0,4.09,0.18,-0.31,0.05,3.29,0.05,NGC2425,0.9999
07381693-1454095,6178.0,64.0,4.21,0.17,-0.58,0.06,2.26,0.1,NGC2425,0.9999
07381845-1453369,6618.0,65.0,4.05,0.17,-0.2,0.06,3.3,0.05,NGC2425,0.9776
07381860-1450008,5984.0,64.0,4.32,0.17,-0.18,0.05,2.63,0.14,NGC2425,0.999
07381912-1450251,6402.0,66.0,4.26,0.17,-0.19,0.05,2.36,0.15,NGC2425,0.9997
07381932-1450463,6593.0,65.0,4.19,0.18,-0.23,0.05,2.31,,NGC2425,0.9913
07382023-1452158,6632.0,64.0,4.33,0.17,-0.21,0.05,3.01,0.06,NGC2425,0.9999
07382051-1453295,6686.0,66.0,4.18,0.17,-0.18,0.05,2.97,0.07,NGC2425,0.9999
07382170-1455121,6272.0,66.0,4.37,0.17,-0.41,0.05,3.02,0.09,NGC2425,0.9994
07382277-1455462,6349.0,64.0,4.19,0.18,-0.18,0.05,2.24,0.13,NGC2425,0.9999
07382280-1456301,5071.0,66.0,3.37,0.18,-0.03,0.06,1.24,0.08,NGC2425,0.9919
07382482-1451067,6113.0,66.0,4.47,0.18,-0.2,0.06,2.79,0.15,NGC2425,0.9998
07382492-1452489,6458.0,66.0,4.27,0.17,-0.31,0.05,2.98,0.06,NGC2425,0.9804
07382497-1455251,6601.0,67.0,4.17,0.17,-0.23,0.05,3.2,0.06,NGC2425,0.9996
07382719-1452468,5295.0,80.0,3.45,0.22,-0.26,0.08,2.19,0.19,NGC2425,0.9983
07383331-1453240,6621.0,66.0,4.24,0.18,-0.25,0.06,3.17,0.06,NGC2425,0.9999
07384088-1455280,6488.0,64.0,4.12,0.17,-0.22,0.06,2.79,0.14,NGC2425,0.9587
07384333-1453068,6394.0,67.0,4.2,0.17,-0.03,0.05,3.06,0.09,NGC2425,0.9998
07381372-1452009,4933.0,30.0,2.76,0.05,-0.14,0.05,0.53,0.08,NGC2425,0.9999
07381500-1452451,4932.0,31.0,2.79,0.05,-0.13,0.05,0.39,0.1,NGC2425,0.9999
07381753-1454167,4929.0,31.0,2.94,0.05,-0.1,0.05,1.33,0.05,NGC2425,0.9999
07382032-1451488,4567.0,32.0,2.37,0.05,-0.12,0.05,0.91,0.04,NGC2425,0.9981
07375552-1453021,5518.0,64.0,4.55,0.18,-0.43,0.06,1.85,0.23,NGC2425,0.9992
07375587-1448599,5624.0,65.0,4.01,0.18,-0.16,0.05,1.86,0.08,NGC2425,0.9999
07380180-1451537,6679.0,67.0,4.16,0.17,-0.11,0.06,3.14,0.06,NGC2425,0.9999
07380377-1451393,6488.0,66.0,4.17,0.17,-0.3,0.05,2.27,0.18,NGC2425,0.9998
07380456-1450333,6153.0,65.0,4.38,0.18,-0.31,0.05,2.89,0.09,NGC2425,0.9961
07380655-1451140,6139.0,65.0,4.07,0.17,-0.26,0.05,3.01,0.08,NGC2425,0.9999
07381190-1451514,5916.0,64.0,4.31,0.17,-0.36,0.05,2.66,0.08,NGC2425,0.9999
07381251-1453005,5251.0,71.0,4.65,0.2,-0.57,0.06,1.92,0.18,NGC2425,0.9978
07381411-1453469,6705.0,66.0,4.34,0.17,-0.15,0.06,2.9,0.08,NGC2425,0.9999
07381477-1454558,5848.0,63.0,4.21,0.18,-0.24,0.06,2.35,0.17,NGC2425,0.9995
07381586-1453356,5630.0,68.0,4.41,0.21,-0.22,0.05,1.94,0.26,NGC2425,0.9997
07381831-1455331,5848.0,66.0,4.37,0.17,-0.2,0.05,2.69,0.12,NGC2425,0.9996
07381984-1453062,5949.0,65.0,4.39,0.17,-0.29,0.05,2.81,0.1,NGC2425,0.9989
07382074-1452390,6177.0,65.0,4.38,0.18,-0.21,0.05,2.6,0.09,NGC2425,0.9999
07382119-1453406,6620.0,63.0,4.2,0.17,-0.16,0.05,3.11,0.05,NGC2425,0.9999
07382143-1453075,4934.0,64.0,4.82,0.18,-0.37,0.05,1.16,,NGC2425,0.9861
07382190-1457242,5544.0,64.0,4.46,0.17,-0.21,0.05,2.29,0.13,NGC2425,0.9628
07382379-1455308,5744.0,65.0,4.62,0.18,-0.44,0.06,2.52,0.1,NGC2425,0.9994
07382396-1448151,6422.0,65.0,4.08,0.17,-0.15,0.06,3.0,0.08,NGC2425,0.9978
07382436-1453303,6576.0,66.0,4.24,0.17,-0.18,0.05,2.5,0.12,NGC2425,0.9999
07382481-1447273,6699.0,65.0,4.14,0.17,-0.13,0.06,3.1,0.06,NGC2425,0.9998
07382642-1453147,6546.0,66.0,4.02,0.17,-0.12,0.05,2.48,0.15,NGC2425,0.9823
07383651-1455004,5848.0,65.0,4.65,0.17,-0.26,0.05,2.81,0.11,NGC2425,0.9989
07384490-1454442,6160.0,65.0,4.01,0.17,-0.32,0.05,2.84,0.1,NGC2425,0.9947
07380076-1453422,4868.0,30.0,2.84,0.05,-0.12,0.05,1.18,0.04,NGC2425,0.9999
07380159-1452300,4683.0,31.0,2.61,0.05,0.15,0.05,-0.05,0.14,NGC2425,0.9997
07381209-1452238,4433.0,31.0,2.01,0.05,-0.2,0.05,-0.38,0.08,NGC2425,0.9998
07382004-1452097,4905.0,30.0,2.93,0.05,-0.11,0.05,1.07,0.04,NGC2425,0.9999
07382502-1456303,4646.0,31.0,2.59,0.05,-0.12,0.05,1.11,0.05,NGC2425,0.9999
07383160-1456177,4942.0,31.0,2.78,0.05,-0.14,0.05,0.42,0.09,NGC2425,0.9998
07380398-1453266,6033.0,64.0,4.19,0.17,-0.56,0.05,2.7,0.09,NGC2425,0.9998
07380568-1449526,6544.0,65.0,4.22,0.18,-0.17,0.05,2.8,0.1,NGC2425,0.9999
07380784-1455000,6696.0,65.0,4.11,0.18,-0.13,0.05,2.28,0.26,NGC2425,0.9999
07380895-1454419,5881.0,63.0,3.83,0.17,-0.37,0.05,2.69,0.11,NGC2425,0.9993
07381097-1453367,5417.0,83.0,4.6,0.22,-0.28,0.08,2.27,0.19,NGC2425,0.952
07381106-1454050,5936.0,63.0,4.36,0.18,-0.36,0.05,2.82,0.1,NGC2425,0.9996
07381251-1453246,6173.0,66.0,4.08,0.17,-0.37,0.05,3.06,0.06,NGC2425,0.9813
07381322-1457019,6201.0,66.0,4.19,0.18,-0.28,0.05,3.14,0.09,NGC2425,0.9991
07381385-1450237,6367.0,66.0,4.25,0.18,-0.22,0.05,2.6,0.1,NGC2425,0.9998
07381470-1452591,5894.0,72.0,4.24,0.21,-0.33,0.05,2.72,0.11,NGC2425,0.9996
07381530-1452482,6391.0,65.0,4.22,0.17,-0.14,0.05,2.36,0.13,NGC2425,0.9987
07381569-1455578,5631.0,83.0,3.88,0.22,-0.08,0.08,1.74,0.41,NGC2425,0.9976
07381723-1455518,6357.0,67.0,4.26,0.17,-0.28,0.05,2.32,,NGC2425,0.9939
07381740-1453423,6234.0,64.0,4.29,0.17,-0.27,0.06,2.65,0.08,NGC2425,0.996
07381769-1451304,5244.0,67.0,3.81,0.17,-0.64,0.06,1.6,,NGC2425,0.9995
07381870-1452254,5894.0,66.0,4.38,0.18,-0.51,0.05,2.51,0.09,NGC2425,0.9997
07381913-1455051,6520.0,66.0,4.14,0.18,-0.22,0.05,2.51,0.11,NGC2425,0.9999
07381958-1454073,5911.0,65.0,4.37,0.17,-0.21,0.06,2.22,0.14,NGC2425,0.9997
07382004-1453373,6612.0,67.0,4.2,0.17,-0.18,0.06,3.22,0.06,NGC2425,0.9999
07382007-1453014,6052.0,67.0,4.61,0.17,-0.12,0.05,2.76,0.09,NGC2425,0.9988
07382008-1453177,6556.0,64.0,4.37,0.18,-0.15,0.05,2.25,0.23,NGC2425,0.9813
07382033-1455222,5684.0,66.0,4.61,0.17,-0.12,0.06,2.06,0.23,NGC2425,0.9962
07382041-1454286,6117.0,64.0,4.35,0.17,-0.11,0.05,2.88,0.08,NGC2425,0.9997
07382516-1456142,6531.0,65.0,4.25,0.17,-0.31,0.05,2.94,0.07,NGC2425,0.9612
07382702-1451266,5910.0,64.0,4.05,0.17,-0.22,0.05,2.63,0.12,NGC2425,0.9996
07382863-1456487,6601.0,65.0,4.21,0.17,-0.19,0.06,3.28,0.05,NGC2425,0.9999
07382947-1453320,6412.0,68.0,4.26,0.17,-0.18,0.05,2.54,0.12,NGC2425,0.9986
07383052-1453096,6308.0,65.0,4.18,0.18,-0.22,0.05,2.29,0.09,NGC2425,0.9999
07383118-1449265,6245.0,65.0,4.11,0.17,-0.26,0.05,2.65,0.06,NGC2425,0.9999
07383369-1455245,6615.0,66.0,4.27,0.18,-0.23,0.06,2.52,0.15,NGC2425,0.9999
07383481-1453095,5941.0,82.0,4.47,0.22,-0.07,0.08,2.27,0.29,NGC2425,0.9994
07382219-1453388,3947.0,41.0,1.14,0.08,-0.56,0.05,0.5,0.08,NGC2425,0.9986
07382342-1453123,3930.0,42.0,1.11,0.08,-0.45,0.05,0.26,0.08,NGC2425,0.9989
07375735-1450162,6372.0,66.0,4.12,0.17,-0.36,0.05,2.95,0.06,NGC2425,0.9896
07380433-1451243,6608.0,67.0,4.07,0.17,-0.1,0.05,2.54,0.13,NGC2425,0.9996
07380893-1456231,6093.0,66.0,4.03,0.17,-0.3,0.05,2.18,0.12,NGC2425,0.9999
07381552-1453146,4975.0,64.0,3.22,0.18,-0.12,0.06,1.25,0.09,NGC2425,0.9999
07381826-1449560,5070.0,64.0,3.32,0.17,-0.02,0.05,1.1,0.09,NGC2425,0.9999
07381838-1452202,6692.0,64.0,4.19,0.17,-0.27,0.06,2.78,0.09,NGC2425,0.9999
07381866-1453078,6610.0,65.0,4.35,0.17,-0.27,0.05,2.32,,NGC2425,0.985
07382059-1453505,5561.0,66.0,3.71,0.18,-0.7,0.05,2.22,0.07,NGC2425,0.9773
07382417-1448054,6321.0,65.0,3.91,0.17,-0.28,0.06,2.23,0.15,NGC2425,0.9993
07383539-1500003,6326.0,66.0,4.11,0.17,-0.36,0.05,3.24,0.07,NGC2425,0.9999
07383813-1451113,4910.0,64.0,2.77,0.18,-0.07,0.05,0.45,0.16,NGC2425,0.9989
07384982-1453288,6161.0,65.0,4.19,0.17,-0.27,0.06,2.96,0.07,NGC2425,0.9999
07374817-1452147,4977.0,64.0,3.3,0.17,-0.08,0.05,1.11,0.11,NGC2425,0.9999
07374843-1451473,6564.0,66.0,4.11,0.17,-0.14,0.05,2.62,0.09,NGC2425,0.9993
07374982-1452451,6701.0,66.0,4.34,0.17,-0.31,0.05,2.29,,NGC2425,0.9998
07380275-1449196,6392.0,65.0,3.92,0.17,-0.3,0.06,2.6,0.1,NGC2425,0.9999
07380305-1453360,6602.0,65.0,4.09,0.17,-0.19,0.06,2.41,,NGC2425,0.9996
07380771-1452562,6429.0,66.0,4.22,0.17,-0.19,0.05,2.89,0.07,NGC2425,0.9999
07380919-1454496,6429.0,64.0,4.08,0.17,-0.22,0.05,2.91,0.08,NGC2425,0.9998
07380967-1449122,6604.0,65.0,4.05,0.17,-0.09,0.05,2.94,0.09,NGC2425,0.9999
07381290-1453377,6473.0,64.0,4.28,0.18,-0.26,0.06,3.15,0.07,NGC2425,0.9857
07381374-1450097,6402.0,65.0,4.19,0.17,-0.17,0.05,3.42,0.06,NGC2425,0.9999
07381601-1447405,6714.0,68.0,4.04,0.17,-0.01,0.05,2.77,0.13,NGC2425,0.9999
07381847-1453426,6523.0,65.0,4.63,0.18,-0.21,0.06,2.66,0.13,NGC2425,0.9999
07381931-1454098,6536.0,65.0,4.07,0.18,-0.1,0.05,2.58,0.12,NGC2425,0.9999
07381973-1455241,6499.0,65.0,4.2,0.17,-0.2,0.05,2.77,0.1,NGC2425,0.9999
07382261-1454485,6778.0,64.0,4.29,0.17,-0.14,0.06,2.73,0.16,NGC2425,0.9984
07382321-1456050,6662.0,65.0,4.31,0.17,-0.17,0.05,2.5,0.21,NGC2425,0.9964
07382411-1452285,6270.0,67.0,4.15,0.17,-0.39,0.05,2.15,,NGC2425,0.991
07382433-1453195,6768.0,66.0,4.13,0.18,-0.13,0.05,3.07,0.08,NGC2425,0.9999
07382548-1452238,6594.0,65.0,4.04,0.18,-0.08,0.05,3.44,0.06,NGC2425,0.9991
07382581-1453234,6460.0,65.0,3.99,0.17,-0.17,0.05,2.49,0.1,NGC2425,0.9991
07383533-1453372,6535.0,67.0,4.15,0.17,-0.16,0.05,3.1,0.07,NGC2425,0.9993
07383544-1456583,6586.0,65.0,3.93,0.17,-0.16,0.05,3.18,0.07,NGC2425,0.9999
07383968-1450472,6640.0,65.0,4.14,0.18,-0.19,0.05,3.25,0.06,NGC2425,0.9999
07401722-3736384,5369.0,81.0,4.45,0.09,-0.06,0.07,2.84,0.09,NGC2451,0.9999
07462485-3801106,4977.0,36.0,4.49,0.06,0.02,0.05,1.3,0.05,NGC2451,0.9999
07375005-3836495,4449.61,74.48,4.63,0.1,0.08,0.05,1.75,0.09,NGC2451,0.9702
07401130-3719361,3914.69,60.36,4.49,0.08,0.05,0.04,-1.0,,NGC2451,0.9999
07392096-3742247,5602.0,35.0,4.35,0.05,-0.1,0.05,2.89,0.04,NGC2451,0.9935
07404978-3719309,5114.0,40.0,4.39,0.06,-0.13,0.11,2.92,0.05,NGC2451,0.9989
07453855-3746418,5748.0,39.0,4.42,0.05,-0.1,0.06,3.23,0.04,NGC2451,0.9999
07435434-3800027,5104.0,81.0,4.19,0.15,0.0,0.05,2.43,0.1,NGC2451,0.9999
07515966-6047220,4233.0,78.0,4.69,0.18,0.06,0.1,0.57,0.14,NGC2516,0.9991
07520389-6050116,4256.0,76.0,4.9,0.18,0.05,0.09,-0.38,,NGC2516,0.9997
07521002-6044245,4153.0,76.0,4.74,0.18,0.0,0.09,-0.07,0.33,NGC2516,0.9998
07521382-6047151,3993.0,77.0,4.75,0.18,-0.02,0.1,0.41,0.16,NGC2516,0.9999
07523060-6049134,3444.0,108.0,4.88,0.24,-0.29,0.09,-0.65,0.49,NGC2516,0.9999
07524604-6039537,4141.0,76.0,4.76,0.18,0.0,0.09,-0.25,0.4,NGC2516,0.9999
07525994-6053288,4053.0,76.0,4.92,0.18,-0.03,0.1,0.4,0.15,NGC2516,1.0
07530057-6048094,3913.0,75.0,4.8,0.18,-0.08,0.09,-0.17,0.33,NGC2516,0.9999
07531031-6046400,3623.0,110.0,4.87,0.23,-0.27,0.09,-0.27,0.47,NGC2516,0.99
07531177-6041390,3841.0,108.0,4.84,0.23,-0.11,0.09,0.46,0.23,NGC2516,0.9998
07532107-6058131,3879.0,108.0,4.85,0.23,-0.08,0.09,0.6,0.2,NGC2516,0.9999
07541858-6041516,3620.0,108.0,4.85,0.23,-0.27,0.09,-0.02,0.4,NGC2516,1.0
07541880-6042229,4415.0,76.0,4.69,0.18,0.05,0.1,-0.6,0.57,NGC2516,1.0
07542364-6051540,4388.0,79.0,4.5,0.18,0.03,0.09,-0.37,0.55,NGC2516,0.984
07542890-6046186,4817.0,66.0,4.56,0.17,0.0,0.06,1.86,0.08,NGC2516,0.9999
07543141-6039513,3388.0,108.0,4.84,0.24,-0.35,0.09,-1.0,,NGC2516,0.9999
07545144-6048109,4562.0,64.0,4.71,0.17,0.03,0.06,0.81,0.08,NGC2516,0.9994
07532163-6102129,3620.0,108.0,4.84,0.23,-0.22,0.09,-0.5,0.59,NGC2516,0.9999
07532312-6102429,4008.0,76.0,4.74,0.19,-0.02,0.09,0.02,0.27,NGC2516,0.9993
07540422-6110109,3387.0,105.0,4.85,0.24,-0.33,0.09,-0.84,0.42,NGC2516,0.9999
07540602-6101251,4167.0,75.0,4.61,0.18,0.05,0.09,0.03,0.29,NGC2516,0.9999
07540943-6107554,4429.0,76.0,4.76,0.18,0.04,0.1,0.09,0.24,NGC2516,0.9994
07542118-6058130,4054.0,108.0,4.84,0.24,-0.18,0.09,1.03,0.14,NGC2516,0.9998
07544751-6057590,4289.0,76.0,4.62,0.17,0.06,0.09,0.08,0.26,NGC2516,0.9613
07544819-6058285,4559.0,66.0,4.74,0.17,0.03,0.06,0.88,0.09,NGC2516,0.9999
07545637-6105118,3830.0,104.0,4.84,0.23,-0.11,0.09,0.7,0.16,NGC2516,0.9999
07545954-6104227,3849.0,104.0,4.83,0.24,-0.05,0.09,0.24,0.28,NGC2516,0.9954
07551451-6055363,3831.0,107.0,4.84,0.23,-0.13,0.09,0.17,,NGC2516,1.0
07551642-6113370,4016.0,76.0,4.61,0.19,-0.03,0.09,0.42,0.16,NGC2516,1.0
07552215-6109234,4514.0,64.0,4.68,0.18,0.1,0.06,0.18,0.2,NGC2516,0.9999
07552900-6104407,3884.0,74.0,4.76,0.18,-0.02,0.09,0.21,0.2,NGC2516,0.9999
07553448-6111529,4249.0,76.0,4.78,0.18,0.07,0.09,0.48,0.14,NGC2516,0.9998
07554003-6101161,3963.0,78.0,4.74,0.18,-0.03,0.09,0.43,0.17,NGC2516,1.0
07555144-6058015,4203.0,76.0,4.66,0.18,0.06,0.09,0.69,0.09,NGC2516,1.0
07555194-6113208,4219.0,78.0,4.69,0.18,0.06,0.09,0.71,0.13,NGC2516,1.0
07560192-6109023,3440.0,104.0,4.84,0.24,-0.27,0.09,-0.24,0.21,NGC2516,0.9996
07561313-6102284,4092.0,76.0,4.4,0.18,0.0,0.09,-0.2,0.28,NGC2516,0.9607
07561327-6108061,4653.0,65.0,4.78,0.17,0.11,0.06,1.22,0.1,NGC2516,1.0
07561399-6111109,4443.0,76.0,4.94,0.18,0.04,0.09,0.68,0.17,NGC2516,0.9999
07563692-6106549,3984.0,77.0,4.57,0.18,0.02,0.1,0.03,,NGC2516,0.9998
07542366-6059134,4920.0,66.0,4.67,0.17,0.0,0.05,1.96,0.09,NGC2516,0.9999
07542722-6057451,5580.0,66.0,4.52,0.18,0.0,0.05,2.92,0.07,NGC2516,0.9999
07551844-6057440,6230.0,65.0,4.29,0.17,-0.07,0.06,2.88,0.05,NGC2516,1.0
07552206-6105203,4945.0,64.0,4.73,0.18,0.05,0.05,1.79,0.09,NGC2516,0.9999
07553120-6056508,6546.0,64.0,4.16,0.17,0.01,0.05,2.58,0.05,NGC2516,1.0
07553731-6109067,6286.0,66.0,4.25,0.17,0.0,0.05,3.19,0.05,NGC2516,0.9998
07554040-6104238,5333.0,65.0,4.45,0.17,-0.14,0.05,2.57,0.07,NGC2516,0.9995
07542455-6019566,4401.0,74.0,4.69,0.17,0.05,0.1,0.33,0.19,NGC2516,1.0
07543442-6035456,4653.0,66.0,4.79,0.18,0.04,0.05,1.12,0.11,NGC2516,1.0
07545163-6025304,4134.0,77.0,4.64,0.18,0.07,0.09,0.06,0.23,NGC2516,1.0
07550144-6027506,3990.0,75.0,4.71,0.18,-0.06,0.09,0.46,0.15,NGC2516,0.9617
07550360-6028452,4316.0,74.0,4.68,0.18,0.06,0.09,0.42,0.14,NGC2516,0.9998
07550511-6034396,4320.0,75.0,4.71,0.18,0.06,0.09,0.22,0.17,NGC2516,1.0
07551125-6026336,4094.0,77.0,4.81,0.18,0.04,0.09,0.74,0.1,NGC2516,1.0
07551340-6041130,3303.0,107.0,4.87,0.24,-0.33,0.09,-1.0,,NGC2516,0.9999
07552105-6034021,3437.0,109.0,4.85,0.24,-0.27,0.09,-0.32,0.4,NGC2516,0.9998
07552745-6033307,3879.0,74.0,4.78,0.18,-0.06,0.09,0.31,0.18,NGC2516,1.0
07552858-6024560,4113.0,76.0,4.71,0.18,0.03,0.09,0.39,0.13,NGC2516,0.9943
07553173-6034206,3847.0,109.0,4.84,0.23,-0.05,0.09,0.63,0.2,NGC2516,0.9998
07553274-6037074,4027.0,78.0,4.75,0.18,0.06,0.09,0.57,,NGC2516,0.9998
07553943-6031203,3831.0,111.0,4.81,0.24,-0.24,0.09,0.82,0.15,NGC2516,0.9998
07555086-6026294,3961.0,76.0,4.88,0.18,0.0,0.09,0.57,0.14,NGC2516,0.9994
07555287-6024532,4461.0,76.0,4.58,0.18,0.05,0.09,0.59,0.14,NGC2516,1.0
07560174-6037388,3774.0,106.0,4.87,0.24,-0.19,0.09,0.08,0.33,NGC2516,1.0
07560698-6031438,4705.0,64.0,4.64,0.18,0.03,0.05,0.74,0.14,NGC2516,0.9999
07561491-6038481,3304.0,106.0,4.87,0.23,-0.35,0.09,-1.0,,NGC2516,0.9998
07561522-6038219,4196.0,109.0,4.87,0.24,0.04,0.09,1.09,0.13,NGC2516,0.9941
07562640-6021143,3855.0,107.0,4.87,0.23,-0.35,0.09,0.52,0.23,NGC2516,1.0
07564607-6024132,3984.0,76.0,4.57,0.18,-0.06,0.1,0.65,0.12,NGC2516,0.9999
07544421-6049473,3841.0,79.0,4.73,0.18,-0.07,0.1,0.34,0.2,NGC2516,0.9999
07551059-6043092,4476.0,75.0,4.86,0.18,0.03,0.09,0.42,0.15,NGC2516,0.9999
07551741-6038315,3997.0,77.0,4.75,0.18,0.06,0.09,1.04,0.12,NGC2516,0.9998
07551956-6044275,4522.0,75.0,4.78,0.18,0.04,0.1,0.33,0.17,NGC2516,1.0
07552751-6048332,3770.0,106.0,4.84,0.24,-0.27,0.09,0.44,0.24,NGC2516,0.9999
07552770-6048138,3966.0,76.0,4.81,0.18,-0.02,0.09,0.59,0.14,NGC2516,0.9999
07554488-6044129,3997.0,109.0,4.8,0.24,-0.05,0.09,0.52,,NGC2516,0.9999
07555219-6054036,4005.0,77.0,4.9,0.18,0.06,0.1,1.03,0.12,NGC2516,0.9997
07555844-6056126,4536.0,64.0,4.69,0.17,0.07,0.05,0.29,0.17,NGC2516,0.9999
07555914-6050442,4533.0,75.0,4.72,0.18,0.01,0.09,1.82,0.1,NGC2516,0.9999
07560587-6055349,3671.0,104.0,4.87,0.23,-0.27,0.09,-0.15,0.42,NGC2516,0.9998
07560871-6045266,4275.0,73.0,4.76,0.19,0.05,0.1,0.01,0.23,NGC2516,0.9999
07560885-6049366,4046.0,76.0,4.77,0.18,-0.16,0.1,0.12,0.21,NGC2516,0.9992
07560924-6047360,3302.0,107.0,4.94,0.23,-0.4,0.09,-1.0,,NGC2516,0.9998
07561050-6054150,4009.0,75.0,4.85,0.18,-0.02,0.09,0.6,0.14,NGC2516,0.9992
07561129-6050580,4453.0,74.0,4.35,0.18,-0.02,0.09,2.12,0.1,NGC2516,0.9999
07561423-6058156,4089.0,75.0,4.73,0.18,-0.01,0.09,0.01,0.28,NGC2516,0.9998
07561448-6054314,4037.0,76.0,4.73,0.18,0.05,0.09,0.16,,NGC2516,0.9991
07561544-6053084,3882.0,76.0,4.8,0.17,-0.09,0.09,0.68,0.14,NGC2516,0.9999
07561556-6047204,4009.0,75.0,4.89,0.19,-0.03,0.1,0.22,0.2,NGC2516,0.999
07562958-6052125,3446.0,107.0,4.87,0.24,-0.3,0.09,-0.01,0.32,NGC2516,0.9997
07563027-6041370,3301.0,110.0,4.85,0.23,-0.35,0.09,-1.0,,NGC2516,0.9999
07564709-6043225,4297.0,75.0,4.5,0.18,0.03,0.09,1.04,0.1,NGC2516,0.9999
07564817-6046311,4354.0,76.0,4.67,0.18,0.06,0.09,1.03,0.11,NGC2516,0.9988
07564825-6051086,3767.0,109.0,4.85,0.23,-0.18,0.09,0.06,0.35,NGC2516,0.9996
07565408-6050056,4692.0,65.0,4.69,0.18,-0.01,0.05,1.8,0.09,NGC2516,0.9999
07565554-6039300,3956.0,109.0,4.88,0.24,-0.01,0.09,0.57,,NGC2516,0.9993
07565956-6049567,4187.0,78.0,4.49,0.18,0.08,0.09,0.82,0.09,NGC2516,1.0
07570128-6052061,4147.0,76.0,4.81,0.18,0.03,0.1,0.73,0.12,NGC2516,0.9999
07570134-6042136,4566.0,65.0,4.68,0.17,0.14,0.05,0.63,0.11,NGC2516,0.9999
07570251-6047567,4232.0,74.0,4.86,0.18,0.05,0.09,-0.19,0.42,NGC2516,1.0
07571082-6049067,3617.0,107.0,4.85,0.23,-0.22,0.09,-0.17,0.42,NGC2516,0.9999
07571300-6055159,3675.0,108.0,4.86,0.24,-0.27,0.09,0.37,0.26,NGC2516,0.9999
07571540-6038534,4590.0,75.0,4.59,0.19,-0.03,0.09,2.18,0.11,NGC2516,0.9999
07571593-6041269,4154.0,76.0,4.81,0.18,-0.02,0.09,0.11,0.27,NGC2516,0.9999
07572609-6045401,4415.0,79.0,4.58,0.18,0.05,0.09,1.06,0.12,NGC2516,0.9992
07573082-6047208,3974.0,75.0,4.75,0.17,-0.05,0.09,0.27,0.19,NGC2516,1.0
07573354-6050406,3724.0,105.0,4.89,0.23,0.0,0.09,0.95,0.21,NGC2516,0.9999
07573888-6043529,4712.0,64.0,4.6,0.17,0.05,0.05,1.25,0.1,NGC2516,0.9998
07573984-6046394,4363.0,75.0,4.6,0.18,0.05,0.09,0.41,0.16,NGC2516,0.9993
07574708-6051389,4233.0,78.0,4.78,0.18,0.06,0.09,0.43,0.15,NGC2516,0.9998
07575482-6050269,3909.0,78.0,4.8,0.18,-0.08,0.09,0.51,0.17,NGC2516,0.9999
07575805-6045446,4456.0,77.0,4.79,0.18,0.04,0.09,0.58,0.12,NGC2516,0.9999
07571065-6111160,4196.0,76.0,4.64,0.18,0.08,0.1,0.84,0.11,NGC2516,0.9999
07573365-6115183,4023.0,107.0,4.89,0.23,0.04,0.09,1.37,0.13,NGC2516,0.9975
07573634-6121293,4046.0,76.0,4.79,0.18,-0.17,0.09,0.25,,NGC2516,1.0
07573777-6111491,4344.0,76.0,4.81,0.18,0.08,0.1,0.85,0.12,NGC2516,0.9999
07581825-6121091,3978.0,79.0,4.64,0.18,-0.02,0.09,0.5,0.17,NGC2516,0.9999
07581918-6123523,4369.0,73.0,4.88,0.18,0.03,0.1,0.6,0.15,NGC2516,0.9979
07582232-6111078,3930.0,77.0,4.77,0.18,0.03,0.09,0.57,0.14,NGC2516,0.9998
07582713-6112487,4702.0,66.0,4.49,0.18,0.08,0.05,1.58,0.11,NGC2516,0.9999
07562978-6100000,3873.0,75.0,4.88,0.18,-0.08,0.1,-0.1,,NGC2516,1.0
07563141-6059331,3847.0,108.0,4.84,0.23,-0.05,0.09,0.31,0.24,NGC2516,1.0
07563905-6103466,3957.0,79.0,4.73,0.18,-0.03,0.09,0.47,0.16,NGC2516,0.9999
07564760-6104373,4682.0,66.0,4.76,0.18,0.04,0.05,0.43,0.18,NGC2516,1.0
07565520-6058118,4026.0,74.0,4.79,0.18,0.01,0.1,0.5,0.15,NGC2516,0.9995
07565986-6106322,3964.0,76.0,4.66,0.18,-0.09,0.09,0.37,0.17,NGC2516,0.9999
07570068-6057296,4749.0,65.0,4.62,0.18,0.0,0.05,1.15,0.1,NGC2516,0.9999
07570701-6102081,4020.0,107.0,4.85,0.24,-0.11,0.09,-0.5,,NGC2516,0.9999
07570882-6108507,4668.0,63.0,4.67,0.17,0.01,0.06,0.8,0.12,NGC2516,0.9991
07570886-6106462,4760.0,64.0,4.53,0.17,0.01,0.05,1.45,0.09,NGC2516,0.9999
07570960-6056067,3850.0,106.0,4.82,0.24,-0.1,0.09,0.21,0.31,NGC2516,0.9999
07571035-6101134,4200.0,107.0,4.75,0.24,-0.01,0.09,1.63,0.16,NGC2516,0.9997
07571639-6107463,4289.0,76.0,4.92,0.19,0.04,0.09,0.4,0.15,NGC2516,1.0
07572080-6055434,3996.0,76.0,4.69,0.18,0.05,0.1,0.7,,NGC2516,0.9999
07572240-6107074,4393.0,75.0,4.63,0.18,0.05,0.09,0.18,0.2,NGC2516,0.9997
07572674-6055495,4338.0,78.0,4.84,0.18,0.04,0.09,0.4,0.16,NGC2516,1.0
07575159-6106547,4033.0,107.0,4.85,0.24,0.02,0.09,0.79,0.15,NGC2516,0.9999
07575188-6104220,4148.0,77.0,4.82,0.18,-0.01,0.09,0.27,0.2,NGC2516,1.0
07580085-6103127,4287.0,74.0,4.78,0.18,0.05,0.09,-0.13,,NGC2516,1.0
07580948-6059412,4577.0,64.0,4.82,0.18,0.09,0.05,1.22,0.09,NGC2516,0.9998
07583121-6105232,3958.0,75.0,4.73,0.18,0.02,0.1,0.59,0.14,NGC2516,1.0
07583205-6058268,4372.0,76.0,4.72,0.18,0.03,0.1,0.19,0.19,NGC2516,1.0
07583259-6059459,4166.0,79.0,4.94,0.18,0.06,0.1,0.34,0.19,NGC2516,1.0
07583267-6055428,3190.0,98.0,4.94,0.23,-0.4,0.09,-1.0,,NGC2516,0.9999
07584014-6107216,4045.0,74.0,4.8,0.18,0.04,0.09,2.0,0.08,NGC2516,0.9999
07584489-6102357,3986.0,111.0,4.85,0.23,-0.05,0.09,0.25,0.29,NGC2516,0.9998
07585551-6055595,4009.0,76.0,4.71,0.18,0.04,0.09,0.15,0.2,NGC2516,0.9999
07585820-6056328,4177.0,76.0,4.88,0.18,0.04,0.09,0.56,0.15,NGC2516,0.9999
07590306-6106245,3859.0,106.0,4.85,0.24,-0.1,0.09,0.13,0.36,NGC2516,0.9999
07591034-6102557,4082.0,77.0,4.93,0.18,-0.03,0.09,-0.57,0.62,NGC2516,0.9999
07545020-6050407,6046.0,65.0,4.29,0.18,-0.06,0.06,3.12,0.06,NGC2516,1.0
07550440-6048392,4820.0,75.0,4.66,0.18,-0.08,0.09,2.26,0.11,NGC2516,0.9999
07551241-6048525,5238.0,65.0,4.55,0.18,-0.05,0.06,2.42,0.08,NGC2516,0.9999
07551498-6048191,6789.0,67.0,4.19,0.17,-0.12,0.06,2.8,0.05,NGC2516,0.9987
07552202-6050063,5710.0,64.0,4.26,0.17,-0.09,0.05,2.84,0.06,NGC2516,0.9999
07552681-6044348,4883.0,66.0,4.72,0.18,0.02,0.06,2.04,0.09,NGC2516,0.9813
07554378-6037522,6120.0,65.0,4.25,0.17,-0.12,0.05,2.96,0.06,NGC2516,0.9836
07555570-6041396,5906.0,65.0,4.39,0.18,-0.02,0.05,2.96,0.06,NGC2516,0.9992
07555838-6053052,4991.0,64.0,4.6,0.17,-0.04,0.06,2.11,0.08,NGC2516,0.9999
07562272-6051423,6727.0,64.0,4.21,0.17,0.06,0.06,3.41,0.05,NGC2516,0.9997
07580409-6038274,3342.0,107.0,4.86,0.24,-0.38,0.09,-0.13,0.21,NGC2516,1.0
07580458-6040298,4691.0,66.0,4.83,0.17,0.13,0.05,1.27,0.1,NGC2516,0.9999
07580745-6044334,4411.0,75.0,4.75,0.18,0.01,0.1,0.29,0.19,NGC2516,0.9998
07581251-6038058,4058.0,75.0,4.87,0.18,0.0,0.1,0.72,0.12,NGC2516,0.9999
07581719-6044368,3303.0,104.0,4.87,0.23,-0.3,0.09,-1.0,,NGC2516,0.9999
07581994-6043402,4644.0,65.0,4.71,0.18,0.09,0.05,0.62,0.12,NGC2516,0.9999
07583277-6048525,3972.0,76.0,4.8,0.18,-0.02,0.1,0.64,0.13,NGC2516,0.9999
07583705-6046284,4690.0,65.0,4.63,0.17,0.04,0.05,1.82,0.09,NGC2516,0.9998
07583730-6035381,4649.0,64.0,4.75,0.18,0.06,0.05,0.62,0.11,NGC2516,0.9999
07583898-6048233,4054.0,76.0,4.69,0.18,-0.01,0.09,0.3,0.17,NGC2516,0.9999
07584149-6050549,3882.0,108.0,4.87,0.23,-0.05,0.09,0.41,0.22,NGC2516,0.9998
07584283-6039338,3963.0,78.0,4.81,0.18,-0.03,0.09,-1.0,,NGC2516,0.9999
07584415-6045374,3832.0,108.0,4.84,0.24,-0.11,0.09,0.41,0.21,NGC2516,0.9997
07584886-6047466,3301.0,103.0,4.86,0.23,-0.27,0.09,-0.21,0.28,NGC2516,0.9999
07585309-6037057,3830.0,106.0,4.84,0.23,-0.13,0.09,-0.16,0.54,NGC2516,0.9997
07585360-6054242,4085.0,109.0,4.85,0.23,-0.06,0.09,0.78,0.12,NGC2516,0.9997
07585638-6047229,4094.0,78.0,4.89,0.18,0.06,0.09,0.77,0.1,NGC2516,0.9999
07585658-6052160,4033.0,106.0,4.88,0.23,-0.03,0.09,0.59,0.16,NGC2516,0.9883
07585760-6040586,3672.0,107.0,4.87,0.23,-0.27,0.09,0.61,0.22,NGC2516,1.0
07590019-6040380,4250.0,76.0,4.9,0.18,0.05,0.1,0.28,0.18,NGC2516,1.0
07590124-6044561,3923.0,76.0,4.87,0.18,-0.06,0.09,0.33,0.18,NGC2516,0.9994
07590471-6037086,4656.0,65.0,4.76,0.17,0.09,0.06,1.1,0.1,NGC2516,0.9999
07590677-6051533,4482.0,67.0,4.73,0.18,0.11,0.05,1.19,0.09,NGC2516,1.0
07590959-6050515,3993.0,76.0,4.67,0.18,0.05,0.09,0.23,0.17,NGC2516,0.9998
07591559-6041200,4140.0,76.0,4.75,0.17,0.05,0.1,0.42,0.17,NGC2516,0.9999
07591796-6045189,3833.0,109.0,4.85,0.24,-0.22,0.09,1.69,0.16,NGC2516,0.9995
07592249-6037124,3991.0,105.0,4.85,0.24,-0.05,0.09,1.19,0.11,NGC2516,0.9996
07592900-6039417,4045.0,79.0,4.73,0.17,0.05,0.1,0.99,0.12,NGC2516,0.9999
07593236-6045025,4534.0,65.0,4.74,0.17,0.04,0.05,0.69,0.1,NGC2516,0.9999
08000867-6051320,4068.0,74.0,4.71,0.18,-0.01,0.09,0.53,0.13,NGC2516,0.9999
08001303-6041460,4441.0,75.0,4.73,0.17,0.05,0.09,0.52,0.15,NGC2516,0.9997
08001647-6046151,4304.0,73.0,4.64,0.18,0.05,0.09,0.83,0.11,NGC2516,0.9999
08001818-6048173,3392.0,111.0,4.86,0.23,-0.3,0.09,-0.54,0.49,NGC2516,0.9999
08001893-6036146,4624.0,68.0,4.57,0.18,0.01,0.05,1.67,0.1,NGC2516,1.0
08001959-6045204,4000.0,77.0,4.65,0.18,0.08,0.09,0.45,,NGC2516,0.996
08002735-6042581,4148.0,78.0,4.63,0.18,0.07,0.09,0.33,0.19,NGC2516,1.0
08002967-6042288,3902.0,77.0,4.9,0.18,-0.1,0.09,0.38,0.18,NGC2516,0.9999
08005131-6046322,4037.0,74.0,4.7,0.19,-0.02,0.1,0.28,0.17,NGC2516,1.0
07560125-6057268,6014.0,63.0,4.34,0.17,-0.09,0.05,3.09,0.06,NGC2516,0.9999
07561340-6059071,5107.0,66.0,4.57,0.18,0.01,0.06,2.03,0.08,NGC2516,1.0
07561895-6056535,6310.0,66.0,4.18,0.18,-0.02,0.06,3.11,0.05,NGC2516,0.9999
07562200-6056340,5619.0,64.0,4.3,0.18,-0.15,0.05,2.87,0.07,NGC2516,0.9842
07563357-6100558,4749.0,65.0,4.41,0.18,-0.1,0.05,1.81,0.09,NGC2516,0.9986
07570160-6103085,5892.0,67.0,4.28,0.18,0.02,0.05,2.9,0.06,NGC2516,0.9999
07570240-6102049,6695.0,64.0,4.26,0.18,-0.04,0.05,2.67,0.06,NGC2516,0.9999
07572011-6107141,6025.0,66.0,4.36,0.18,0.04,0.06,2.78,0.06,NGC2516,1.0
07573915-6102095,6103.0,64.0,4.28,0.18,0.01,0.05,2.76,0.05,NGC2516,1.0
07574552-6100231,5023.0,65.0,4.6,0.18,0.03,0.05,2.11,0.08,NGC2516,0.9999
07575611-6054591,5115.0,63.0,4.51,0.17,0.01,0.06,2.6,0.08,NGC2516,1.0
07575767-6053390,5069.0,78.0,4.63,0.18,-0.02,0.1,2.9,0.11,NGC2516,0.9995
07575863-6103390,4875.0,65.0,4.52,0.17,0.04,0.05,1.95,0.09,NGC2516,0.9999
07575932-6056535,6027.0,65.0,4.36,0.17,-0.02,0.05,2.92,0.05,NGC2516,0.9979
07580219-6111283,4820.0,64.0,4.64,0.18,0.02,0.05,0.78,0.12,NGC2516,0.9999
07581274-6101519,5238.0,67.0,4.63,0.17,-0.06,0.06,2.22,0.08,NGC2516,0.9999
07582084-6111460,5864.0,63.0,4.24,0.17,-0.06,0.05,3.08,0.06,NGC2516,0.9961
07582161-6058503,4599.0,64.0,4.65,0.17,0.03,0.06,1.46,0.09,NGC2516,0.9986
07582377-6103445,5911.0,66.0,4.3,0.18,-0.05,0.06,2.98,0.06,NGC2516,0.9994
07583693-6104343,5745.0,63.0,4.46,0.18,-0.09,0.05,2.83,0.06,NGC2516,0.9999
07551178-6026259,4740.0,75.0,4.28,0.18,-0.05,0.09,2.57,0.12,NGC2516,0.9947
07560100-6037242,5125.0,65.0,4.56,0.17,0.01,0.05,1.9,0.08,NGC2516,0.9999
07560226-6038459,5534.0,64.0,4.46,0.17,0.06,0.05,2.77,0.07,NGC2516,0.9999
07563195-6028054,6335.0,67.0,4.17,0.17,-0.07,0.05,3.08,0.05,NGC2516,0.9999
08012289-6053056,4220.0,75.0,4.8,0.18,0.05,0.09,0.6,0.13,NGC2516,0.9999
08012327-6046145,4208.0,108.0,4.87,0.23,0.02,0.09,1.11,0.12,NGC2516,0.9995
08012759-6041408,4287.0,74.0,4.85,0.18,0.05,0.1,0.32,0.16,NGC2516,0.9999
08013392-6051381,4472.0,76.0,4.71,0.17,0.04,0.09,0.83,0.11,NGC2516,1.0
08013470-6043525,3834.0,108.0,4.85,0.23,-0.33,0.09,0.35,0.24,NGC2516,0.9996
08013638-6045277,4080.0,106.0,4.86,0.23,0.02,0.09,1.38,0.11,NGC2516,0.9948
08014018-6047068,4599.0,65.0,4.71,0.17,0.04,0.05,0.71,0.1,NGC2516,0.9996
08015580-6042558,4021.0,75.0,4.66,0.19,0.0,0.09,0.87,0.12,NGC2516,1.0
08015838-6042508,4120.0,75.0,4.74,0.18,-0.01,0.09,1.22,0.09,NGC2516,0.9963
08020996-6042421,4000.0,74.0,4.81,0.17,-0.03,0.09,0.72,0.12,NGC2516,0.9999
08021221-6055262,4220.0,76.0,4.76,0.18,0.04,0.09,-0.16,0.38,NGC2516,0.9985
08021875-6045186,3940.0,77.0,4.83,0.18,-0.04,0.1,0.29,0.19,NGC2516,0.9999
08023471-6046046,3186.0,96.0,4.93,0.24,-0.38,0.09,-1.0,,NGC2516,0.9992
08023533-6040197,4008.0,78.0,4.82,0.19,-0.04,0.09,0.22,0.22,NGC2516,0.9999
08024838-6047096,3622.0,104.0,4.84,0.24,-0.27,0.09,1.15,0.23,NGC2516,0.9998
08024877-6052010,3441.0,111.0,4.84,0.24,-0.27,0.09,-1.0,,NGC2516,0.9999
08025517-6039245,4088.0,76.0,4.73,0.18,0.04,0.09,0.63,0.14,NGC2516,0.9999
08031783-6049582,4041.0,78.0,4.8,0.18,0.01,0.09,0.58,0.14,NGC2516,1.0
07560814-6037597,5152.0,64.0,4.62,0.18,-0.12,0.06,2.48,0.09,NGC2516,0.9988
07563407-6039060,5885.0,64.0,4.43,0.18,-0.07,0.05,2.97,0.06,NGC2516,0.9999
07565000-6039458,5164.0,66.0,4.24,0.18,0.01,0.05,2.23,0.09,NGC2516,0.9999
07565600-6019424,5132.0,65.0,4.21,0.17,0.05,0.06,2.35,0.08,NGC2516,0.9998
07565746-6017559,6198.0,65.0,4.34,0.18,0.01,0.05,3.15,0.06,NGC2516,0.9996
07571215-6033090,4981.0,74.0,4.43,0.19,-0.07,0.1,2.69,0.11,NGC2516,0.9999
07573430-6023282,4502.0,76.0,4.62,0.18,0.0,0.09,1.74,0.1,NGC2516,0.9987
07580117-6031234,5030.0,64.0,4.56,0.18,0.07,0.06,2.48,0.08,NGC2516,0.9999
07580470-6035037,5897.0,66.0,4.35,0.17,-0.07,0.06,3.06,0.06,NGC2516,0.9999
07581100-6025028,6356.0,65.0,4.19,0.17,-0.12,0.05,2.82,0.06,NGC2516,1.0
07593261-6104529,4036.0,76.0,4.08,0.18,0.02,0.1,1.29,,NGC2516,0.9998
07595144-6108016,3439.0,109.0,4.86,0.24,-0.27,0.09,-1.0,,NGC2516,0.9994
07595247-6102008,4116.0,75.0,4.88,0.18,-0.05,0.1,0.02,0.29,NGC2516,1.0
07595574-6115296,3318.0,106.0,4.9,0.23,-0.27,0.09,1.05,0.18,NGC2516,0.9997
07595583-6102499,4003.0,76.0,4.78,0.18,-0.05,0.09,0.47,0.15,NGC2516,1.0
08001140-6101333,4357.0,78.0,4.77,0.18,0.06,0.1,-0.27,0.51,NGC2516,0.9999
08002198-6103443,4621.0,63.0,4.88,0.17,0.12,0.05,1.21,0.09,NGC2516,0.9999
08002579-6054212,3944.0,74.0,4.82,0.18,0.04,0.09,0.79,0.13,NGC2516,1.0
08003236-6113141,3982.0,75.0,4.71,0.19,-0.03,0.1,0.2,0.2,NGC2516,0.9994
08003560-6101214,4548.0,76.0,4.5,0.18,0.01,0.1,2.17,0.11,NGC2516,0.9992
08004306-6106116,4621.0,79.0,4.64,0.18,-0.05,0.09,1.63,0.11,NGC2516,1.0
08012365-6104597,4396.0,77.0,4.71,0.19,0.03,0.09,0.35,0.16,NGC2516,0.9998
08013257-6101156,3620.0,107.0,4.85,0.23,-0.22,0.09,0.05,0.36,NGC2516,0.9999
08013837-6101289,4035.0,73.0,4.72,0.18,0.03,0.09,-0.2,0.34,NGC2516,0.9999
08014281-6112552,3623.0,107.0,4.85,0.24,-0.22,0.09,0.37,0.24,NGC2516,0.9979
08013658-6059021,5765.0,33.0,4.41,0.05,-0.05,0.05,2.8,0.03,NGC2516,0.9999
07581683-6054526,5398.0,64.0,4.37,0.17,-0.03,0.05,2.54,0.07,NGC2516,0.9998
07584326-6055257,5142.0,66.0,4.49,0.17,-0.2,0.06,2.76,0.09,NGC2516,0.9993
07584416-6056011,5123.0,65.0,4.48,0.18,-0.01,0.05,2.16,0.08,NGC2516,1.0
07584646-6105588,6725.0,66.0,4.29,0.17,-0.03,0.05,3.02,0.05,NGC2516,0.9996
07584804-6054144,5111.0,74.0,4.38,0.18,-0.09,0.09,2.76,0.1,NGC2516,0.9998
07584833-6106149,6296.0,66.0,4.14,0.17,-0.06,0.06,3.08,0.05,NGC2516,0.9999
07584866-6055248,6718.0,65.0,4.17,0.17,-0.17,0.05,2.94,0.05,NGC2516,0.9997
07585063-6106507,5732.0,64.0,4.39,0.18,-0.12,0.05,2.93,0.06,NGC2516,0.9935
07593231-6058460,4649.0,77.0,4.47,0.18,-0.01,0.09,2.02,0.11,NGC2516,1.0
07594747-6054153,5530.0,66.0,4.38,0.18,-0.1,0.05,2.73,0.07,NGC2516,0.9999
07594824-6105200,5714.0,66.0,4.5,0.17,-0.01,0.05,2.81,0.07,NGC2516,1.0
08000049-6052559,4704.0,66.0,4.65,0.18,0.01,0.05,1.51,0.1,NGC2516,1.0
08002884-6100483,5957.0,63.0,4.33,0.17,-0.05,0.05,3.07,0.06,NGC2516,1.0
08002907-6055428,4732.0,65.0,4.75,0.17,0.1,0.06,1.33,0.1,NGC2516,0.9999
07570938-6048027,6295.0,65.0,4.15,0.18,-0.04,0.05,3.11,0.05,NGC2516,0.9998
07570998-6044103,5763.0,66.0,4.36,0.18,-0.13,0.06,2.98,0.06,NGC2516,0.9998
07571084-6050501,6089.0,65.0,4.28,0.17,-0.04,0.05,3.18,0.06,NGC2516,1.0
07571111-6048156,5084.0,64.0,4.54,0.17,0.0,0.06,2.29,0.08,NGC2516,0.9999
07571474-6041418,5047.0,64.0,4.61,0.17,0.1,0.06,2.11,0.08,NGC2516,0.9999
07571627-6047136,6694.0,66.0,4.22,0.17,-0.04,0.05,2.95,0.05,NGC2516,0.9998
07572083-6044035,4668.0,75.0,4.56,0.18,-0.01,0.1,2.09,0.11,NGC2516,0.9857
07572522-6046473,5996.0,65.0,4.38,0.17,-0.03,0.05,3.02,0.06,NGC2516,1.0
07572844-6051295,5774.0,65.0,4.48,0.18,-0.02,0.05,3.02,0.06,NGC2516,0.998
07572938-6050104,5612.0,65.0,4.41,0.18,-0.1,0.05,2.2,0.07,NGC2516,0.9956
07573153-6042108,5222.0,64.0,4.22,0.17,0.07,0.05,2.63,0.08,NGC2516,0.9999
07574272-6044207,6102.0,67.0,4.26,0.18,-0.01,0.06,3.04,0.05,NGC2516,0.9997
07575542-6048272,5866.0,67.0,4.35,0.17,-0.06,0.05,2.93,0.06,NGC2516,0.9995
07580044-6041196,4647.0,64.0,4.69,0.17,-0.04,0.05,1.09,0.1,NGC2516,0.9956
07580515-6046119,5022.0,64.0,4.43,0.17,-0.09,0.05,1.66,0.08,NGC2516,0.9989
07580525-6047403,6696.0,65.0,4.22,0.17,0.0,0.05,2.95,0.05,NGC2516,0.9998
07580532-6045034,6112.0,67.0,4.31,0.18,-0.03,0.06,3.16,0.06,NGC2516,0.9999
07580887-6044403,6306.0,64.0,4.26,0.18,-0.08,0.05,2.96,0.05,NGC2516,0.9998
07581123-6049599,5370.0,63.0,4.51,0.17,-0.16,0.05,2.76,0.07,NGC2516,0.9904
07581287-6038365,6674.0,65.0,4.17,0.18,0.0,0.05,3.08,0.05,NGC2516,0.9999
07581986-6041581,6217.0,64.0,4.15,0.17,-0.05,0.06,2.89,0.06,NGC2516,0.9888
07582031-6041397,6072.0,64.0,4.22,0.18,-0.03,0.05,3.21,0.05,NGC2516,0.9998
07582294-6040204,4765.0,77.0,4.7,0.18,-0.09,0.09,2.48,0.12,NGC2516,0.9999
07582350-6046497,4944.0,64.0,4.62,0.17,0.04,0.05,2.02,0.09,NGC2516,0.9999
07582363-6037220,6256.0,64.0,4.26,0.17,0.0,0.06,2.87,0.05,NGC2516,0.9997
07583073-6046010,4944.0,64.0,4.55,0.18,0.0,0.05,2.09,0.08,NGC2516,1.0
07583572-6046525,5712.0,63.0,4.4,0.18,-0.1,0.05,3.0,0.06,NGC2516,0.9999
07583905-6045217,5226.0,65.0,4.48,0.17,-0.04,0.06,2.32,0.08,NGC2516,0.9999
07584005-6041429,6336.0,65.0,4.16,0.17,-0.03,0.05,3.14,0.05,NGC2516,0.9999
07584375-6032568,5518.0,66.0,4.37,0.18,-0.17,0.05,2.72,0.07,NGC2516,0.9977
07585720-6036127,4699.0,74.0,4.58,0.18,0.03,0.09,2.32,0.11,NGC2516,0.9996
07585754-6043008,4708.0,76.0,4.52,0.18,-0.05,0.1,2.3,0.12,NGC2516,0.9995
07591146-6049056,4935.0,65.0,4.46,0.18,0.02,0.05,1.79,0.09,NGC2516,0.9999
07591341-6040239,5697.0,65.0,4.5,0.17,-0.05,0.05,3.02,0.07,NGC2516,0.9964
07592134-6046028,6292.0,64.0,4.14,0.17,-0.06,0.05,2.99,0.05,NGC2516,0.9965
07592156-6046453,5112.0,65.0,4.57,0.17,-0.01,0.05,2.62,0.08,NGC2516,0.9998
07592611-6048339,4887.0,64.0,4.69,0.17,0.07,0.05,1.78,0.09,NGC2516,0.9999
07593402-6045184,5234.0,66.0,4.28,0.17,0.06,0.06,2.18,0.08,NGC2516,0.9999
07583646-6050184,6269.0,67.0,4.24,0.17,0.03,0.05,3.06,0.05,NGC2516,0.9951
07595015-6043342,4985.0,63.0,4.59,0.17,-0.03,0.05,1.99,0.08,NGC2516,0.9999
07595031-6044149,5108.0,65.0,4.52,0.18,-0.05,0.05,1.92,0.08,NGC2516,0.9999
07595262-6041159,6531.0,67.0,4.19,0.18,0.05,0.06,3.36,0.05,NGC2516,1.0
08000265-6036554,6092.0,65.0,4.3,0.18,0.04,0.05,2.29,0.06,NGC2516,0.9999
08000304-6037243,6839.0,66.0,4.16,0.18,0.01,0.05,3.23,0.04,NGC2516,0.9997
08001450-6045154,6214.0,65.0,4.29,0.17,-0.05,0.05,3.09,0.05,NGC2516,0.9997
08003437-6042225,5978.0,65.0,4.28,0.17,-0.01,0.05,3.07,0.06,NGC2516,0.9999
08003552-6048264,4843.0,63.0,4.63,0.17,0.0,0.05,1.9,0.08,NGC2516,1.0
08004769-6043368,5573.0,65.0,4.58,0.17,0.08,0.06,2.91,0.07,NGC2516,0.9997
08004799-6051564,5385.0,65.0,4.35,0.18,0.03,0.05,2.39,0.07,NGC2516,0.9995
08005189-6046598,5814.0,65.0,4.41,0.17,-0.05,0.05,3.05,0.06,NGC2516,0.9996
08005558-6045409,4864.0,65.0,4.19,0.17,-0.18,0.05,2.55,0.09,NGC2516,0.9996
08010217-6045027,6608.0,64.0,4.13,0.17,-0.02,0.05,3.03,0.05,NGC2516,0.9999
08010495-6047348,4985.0,65.0,4.67,0.17,0.05,0.05,1.65,0.09,NGC2516,1.0
08011281-6053531,5893.0,66.0,4.44,0.18,0.01,0.05,3.03,0.06,NGC2516,1.0
08011533-6047395,4763.0,75.0,4.5,0.17,-0.13,0.1,2.94,0.13,NGC2516,0.9554
07593093-6025165,5143.0,68.0,4.57,0.17,-0.09,0.05,1.4,0.09,NGC2516,0.9999
07595171-6022095,6322.0,66.0,4.2,0.17,-0.02,0.05,3.14,0.05,NGC2516,1.0
07595280-6032498,5093.0,63.0,4.49,0.18,-0.03,0.05,2.29,0.08,NGC2516,0.9999
08000541-6022527,4596.0,65.0,4.66,0.17,0.0,0.05,0.81,0.1,NGC2516,0.9999
08003110-6027487,6223.0,63.0,4.21,0.18,-0.02,0.05,2.89,0.05,NGC2516,0.9999
08003318-6031235,6234.0,66.0,4.21,0.17,-0.04,0.05,2.95,0.06,NGC2516,0.9998
08003775-6036331,4881.0,65.0,4.67,0.18,0.06,0.05,2.37,0.09,NGC2516,0.9999
08012174-6025405,6026.0,65.0,4.25,0.17,-0.03,0.06,3.13,0.06,NGC2516,0.9999
08012448-6035158,6323.0,66.0,4.14,0.18,-0.01,0.06,2.85,0.05,NGC2516,0.9999
07570970-6032134,3958.0,76.0,4.85,0.18,-0.04,0.1,-0.18,0.34,NGC2516,0.9999
07573937-6028347,4372.0,77.0,4.59,0.18,0.05,0.09,0.33,0.18,NGC2516,0.9997
07575281-6030478,3961.0,76.0,4.8,0.18,-0.07,0.1,0.51,0.17,NGC2516,0.9999
07575562-6036060,4284.0,77.0,4.7,0.18,0.05,0.09,0.57,0.12,NGC2516,0.9999
07575861-6024107,4795.0,65.0,4.71,0.17,0.04,0.06,1.28,0.08,NGC2516,0.9998
07581811-6020196,4711.0,64.0,4.81,0.17,0.05,0.05,0.85,0.12,NGC2516,1.0
07583938-6029593,4795.0,66.0,4.59,0.18,0.05,0.05,1.58,0.09,NGC2516,0.9999
07584939-6028213,3953.0,77.0,4.81,0.18,-0.01,0.1,-0.29,0.64,NGC2516,0.9998
07585363-6028088,4629.0,74.0,4.66,0.18,0.01,0.09,1.63,0.11,NGC2516,0.9999
07590857-6032596,3569.0,106.0,4.84,0.24,-0.13,0.09,-1.0,,NGC2516,0.9999
07591276-6026144,3928.0,77.0,4.74,0.18,-0.05,0.09,0.53,0.15,NGC2516,1.0
07594430-6032198,3387.0,108.0,4.86,0.24,-0.3,0.09,0.29,0.2,NGC2516,0.9917
07595202-6029134,4075.0,108.0,4.82,0.24,0.0,0.09,1.54,0.12,NGC2516,0.9928
07595837-6024173,4182.0,77.0,4.68,0.18,0.05,0.1,0.77,0.1,NGC2516,0.9978
08001884-6025124,4636.0,65.0,4.67,0.17,0.05,0.05,0.98,0.1,NGC2516,1.0
08002083-6023163,3891.0,108.0,4.87,0.23,-0.11,0.09,0.22,0.32,NGC2516,0.9999
08005781-6033329,3920.0,75.0,4.73,0.18,-0.06,0.09,0.25,0.18,NGC2516,0.9998
08011274-6032061,3389.0,110.0,4.86,0.23,-0.35,0.09,-1.0,,NGC2516,0.9999
08011939-6030357,3888.0,75.0,4.79,0.18,-0.08,0.09,0.37,0.17,NGC2516,0.9997
08013300-6027205,3922.0,106.0,4.85,0.24,-0.06,0.09,0.24,0.16,NGC2516,0.9999
08013340-6034222,4338.0,75.0,4.91,0.18,0.06,0.1,0.9,0.1,NGC2516,0.9999
08013707-6028527,3848.0,75.0,4.85,0.18,-0.1,0.09,0.25,0.21,NGC2516,0.9999
08094556-4917365,3849.19,58.41,4.52,0.08,0.15,0.03,2.58,0.04,NGC2547,1.0
08101292-4914096,5218.0,38.0,4.39,0.05,-0.01,0.05,2.82,0.05,NGC2547,0.9998
08094083-4923503,5650.0,55.0,4.42,0.1,0.0,0.11,3.68,0.07,NGC2547,0.9997
08102854-4856518,5870.0,38.0,4.37,0.05,-0.11,0.05,3.56,0.04,NGC2547,1.0
08110139-4900089,5331.0,35.0,4.43,0.05,-0.03,0.05,2.7,0.04,NGC2547,1.0
08105058-4935573,5841.0,41.0,4.41,0.07,-0.02,0.11,3.32,0.04,NGC2547,1.0
08103549-4905001,4459.58,74.91,4.65,0.12,0.05,0.07,3.13,0.11,NGC2547,0.9997
08111134-4904442,6984.0,86.0,4.12,0.06,-0.02,0.08,3.27,0.05,NGC2547,0.9999
08115737-4911322,5375.0,80.0,4.26,0.21,-0.01,0.11,2.93,0.09,NGC2547,0.9999
08074609-4915345,3891.03,59.64,4.55,0.09,0.15,0.03,-0.36,0.45,NGC2547,1.0
08095507-4858140,4004.83,62.1,4.46,0.08,0.07,0.02,0.65,0.09,NGC2547,1.0
08095786-4849182,5111.0,81.0,4.01,0.26,0.0,0.07,3.11,0.11,NGC2547,1.0
08102486-4901495,5994.0,81.0,4.22,0.1,0.04,0.07,3.34,0.07,NGC2547,1.0
08094507-4856307,6093.0,41.0,4.16,0.07,-0.02,0.12,3.33,0.04,NGC2547,1.0
08100380-4901071,6036.0,58.0,4.39,0.09,0.27,0.11,3.42,0.05,NGC2547,0.9898
08094684-4907198,5895.0,82.0,4.3,0.09,0.09,0.07,3.38,0.08,NGC2547,1.0
08102704-4908487,5561.0,83.0,4.15,0.16,0.06,0.07,3.05,0.09,NGC2547,0.9998
08103470-4908400,6087.0,81.0,4.18,0.11,0.09,0.07,3.47,0.07,NGC2547,0.9999
08110234-4916249,5748.0,81.0,4.18,0.11,0.06,0.06,3.32,0.08,NGC2547,1.0
08110009-4906442,5706.0,81.0,4.38,0.13,0.02,0.1,2.98,0.08,NGC2547,1.0
08092276-4916309,5261.0,38.0,4.38,0.05,-0.03,0.05,2.88,0.05,NGC2547,1.0
08092293-4907575,6286.0,38.0,4.23,0.05,0.04,0.06,3.26,0.03,NGC2547,0.9999
11065085-5841061,4651.0,64.0,4.63,0.14,-0.33,0.07,0.8,0.14,NGC3532,0.9997
11070549-5839270,4334.0,68.0,4.58,0.15,-0.55,0.07,0.47,0.15,NGC3532,0.9999
11070825-5844390,4545.0,63.0,4.65,0.14,-0.22,0.07,0.26,0.17,NGC3532,0.9999
11070908-5839114,5359.0,65.0,4.66,0.15,-0.12,0.07,2.08,0.07,NGC3532,0.9999
11071755-5839102,4599.0,64.0,4.6,0.15,-0.21,0.07,0.24,0.29,NGC3532,0.9999
11072934-5838332,4912.0,63.0,4.68,0.14,-0.12,0.07,1.58,0.09,NGC3532,0.9999
11073156-5834579,4679.0,66.0,4.69,0.15,-0.14,0.07,0.82,0.14,NGC3532,0.9997
11073790-5841499,5250.0,66.0,4.68,0.15,-0.13,0.07,2.25,0.08,NGC3532,0.9883
11074053-5841424,4542.0,62.0,4.67,0.14,-0.15,0.07,1.24,0.09,NGC3532,0.9999
11074537-5837301,4395.0,69.0,4.68,0.15,-0.39,0.07,-0.35,0.54,NGC3532,0.9996
11075253-5844401,4811.0,64.0,4.7,0.15,-0.2,0.07,1.76,0.08,NGC3532,0.9997
11080410-5843358,5170.0,64.0,4.66,0.14,-0.12,0.07,1.82,0.09,NGC3532,0.9998
11084038-5850429,5607.0,65.0,4.6,0.14,-0.12,0.07,2.43,0.06,NGC3532,0.9801
11073982-5842055,6211.0,38.0,4.41,0.05,0.05,0.05,3.08,0.03,NGC3532,0.9997
11083921-5845051,6024.0,37.0,4.43,0.05,-0.02,0.06,2.93,0.03,NGC3532,0.9686
11035262-5847131,6514.0,64.0,4.3,0.17,0.02,0.05,2.9,0.07,NGC3532,0.9981
11041355-5841223,4674.0,63.0,4.56,0.17,-0.04,0.06,0.81,0.19,NGC3532,0.9994
11042731-5853118,4933.0,64.0,4.9,0.17,0.04,0.05,0.71,0.33,NGC3532,0.9997
11042970-5841233,5172.0,66.0,4.62,0.18,0.14,0.05,1.16,0.2,NGC3532,0.9996
11043521-5839310,6743.0,79.0,4.17,0.18,0.07,0.1,2.6,0.08,NGC3532,0.9998
11043749-5839038,6112.0,65.0,4.32,0.17,0.0,0.05,2.91,0.06,NGC3532,0.9941
11043796-5838290,4915.0,65.0,4.59,0.17,0.03,0.05,1.52,0.12,NGC3532,0.9999
11043954-5849393,6465.0,66.0,4.14,0.17,0.02,0.05,2.58,0.07,NGC3532,0.9998
11044121-5856473,6115.0,65.0,4.24,0.18,0.06,0.05,3.11,0.06,NGC3532,0.998
11044221-5857037,5543.0,66.0,4.03,0.17,0.2,0.05,2.34,0.1,NGC3532,0.9997
11044279-5846403,6751.0,66.0,4.22,0.18,-0.06,0.06,2.01,0.15,NGC3532,0.9997
11044466-5849413,6546.0,67.0,4.25,0.17,0.05,0.05,3.07,0.05,NGC3532,0.9997
11044869-5840147,6053.0,65.0,4.35,0.17,0.03,0.05,2.92,0.06,NGC3532,0.9999
11044961-5838428,5829.0,65.0,4.69,0.18,-0.06,0.06,2.73,0.06,NGC3532,0.9935
11044967-5841472,6224.0,66.0,4.3,0.18,0.05,0.05,2.96,0.06,NGC3532,0.9999
11045505-5847128,5835.0,63.0,4.52,0.18,0.08,0.05,2.77,0.06,NGC3532,0.9999
11045607-5846451,4760.0,64.0,4.48,0.18,-0.08,0.05,0.84,0.11,NGC3532,0.9996
11045716-5856285,6714.0,64.0,4.21,0.17,-0.03,0.05,2.01,,NGC3532,0.9994
11050079-5856528,6936.0,67.0,4.22,0.17,-0.05,0.05,3.08,0.06,NGC3532,0.9844
11050638-5842095,5765.0,63.0,4.19,0.17,-0.13,0.05,2.68,0.06,NGC3532,0.9809
11051186-5846302,5649.0,64.0,4.53,0.18,0.21,0.05,2.19,0.07,NGC3532,0.9999
11051477-5836545,5893.0,62.0,4.44,0.17,0.03,0.05,2.81,0.06,NGC3532,0.9999
11051641-5840316,5826.0,66.0,4.47,0.18,0.03,0.05,2.77,0.06,NGC3532,0.9998
11051971-5840208,6139.0,63.0,4.29,0.18,0.03,0.05,3.11,0.05,NGC3532,0.9999
11052238-5844358,6657.0,64.0,4.28,0.17,0.01,0.05,2.73,0.05,NGC3532,0.9994
11052290-5843225,5828.0,65.0,4.54,0.17,0.18,0.06,2.37,0.06,NGC3532,0.9997
11052473-5843583,5756.0,63.0,4.54,0.18,0.17,0.06,2.56,0.06,NGC3532,0.9999
11052638-5851250,5052.0,65.0,4.63,0.18,0.01,0.06,1.93,0.08,NGC3532,0.9989
11053097-5847491,5132.0,65.0,4.5,0.18,-0.01,0.06,1.44,0.08,NGC3532,0.9998
11053162-5837371,5806.0,64.0,4.43,0.18,0.05,0.05,2.73,0.06,NGC3532,0.9999
11053233-5841192,6294.0,66.0,4.17,0.18,0.01,0.06,3.11,0.05,NGC3532,0.9999
11053403-5839094,6415.0,67.0,4.29,0.17,-0.04,0.05,2.69,0.06,NGC3532,0.9994
11053571-5849079,5095.0,64.0,4.66,0.18,-0.06,0.06,1.57,0.08,NGC3532,0.9952
11053580-5852123,6251.0,65.0,4.24,0.17,0.0,0.05,2.51,0.06,NGC3532,0.9988
11053586-5840512,5495.0,66.0,4.38,0.18,0.01,0.06,2.45,0.07,NGC3532,0.9995
11054562-5843251,5207.0,63.0,4.27,0.18,0.08,0.06,1.66,0.09,NGC3532,0.9997
11054757-5846152,6453.0,65.0,4.18,0.17,-0.03,0.05,3.13,0.05,NGC3532,0.9996
11054948-5840187,6183.0,65.0,4.35,0.18,0.12,0.05,2.98,0.06,NGC3532,0.9998
11055041-5844437,6218.0,66.0,4.31,0.17,0.06,0.05,3.05,0.05,NGC3532,0.9997
11055160-5846526,6354.0,63.0,4.12,0.17,-0.06,0.05,2.47,0.06,NGC3532,0.9999
11055372-5846422,5318.0,65.0,4.19,0.17,0.05,0.05,1.71,0.07,NGC3532,0.9999
11055784-5850510,5202.0,63.0,4.55,0.17,0.04,0.06,2.23,0.08,NGC3532,0.9999
11060121-5850254,6581.0,65.0,4.19,0.18,-0.05,0.05,2.6,0.05,NGC3532,0.9998
11060562-5845112,6537.0,66.0,4.19,0.17,0.06,0.06,3.02,0.05,NGC3532,0.9999
11060701-5840258,4676.0,68.0,4.79,0.21,0.12,0.06,0.8,0.2,NGC3532,0.9999
11060867-5843274,6595.0,66.0,4.33,0.17,-0.2,0.06,2.48,0.05,NGC3532,0.9986
11060956-5838557,4911.0,67.0,4.79,0.17,0.14,0.06,1.3,0.16,NGC3532,0.9936
11061081-5847119,6998.0,64.0,4.23,0.18,-0.1,0.06,2.73,0.07,NGC3532,0.9999
11062180-5846500,5846.0,65.0,4.31,0.17,-0.03,0.05,2.82,0.06,NGC3532,0.9996
11062242-5849516,6639.0,67.0,4.18,0.18,-0.05,0.06,2.61,0.06,NGC3532,0.9997
11062273-5840579,5909.0,66.0,4.36,0.18,-0.09,0.06,2.75,0.06,NGC3532,0.9996
11062905-5845014,6432.0,67.0,4.14,0.18,0.02,0.05,2.95,0.06,NGC3532,0.9988
11062915-5846464,5288.0,64.0,4.43,0.17,-0.12,0.05,2.3,0.07,NGC3532,0.9999
11043679-5847578,5776.0,33.0,4.48,0.05,0.02,0.05,2.65,0.03,NGC3532,0.9994
11045622-5847279,5662.0,36.0,4.45,0.05,0.03,0.05,2.27,0.04,NGC3532,0.9997
11035117-5857275,5380.0,36.0,4.42,0.05,-0.02,0.05,2.22,0.04,NGC3532,0.9999
11035560-5855296,5723.0,36.0,4.36,0.05,-0.03,0.05,2.47,0.04,NGC3532,0.9999
11042118-5906578,6347.0,63.0,4.24,0.17,0.06,0.05,3.06,0.05,NGC3532,0.9998
11043693-5859007,6504.0,63.0,4.15,0.17,0.06,0.05,2.95,0.05,NGC3532,0.9956
11050326-5903475,6627.0,66.0,4.14,0.17,-0.08,0.06,2.65,0.08,NGC3532,0.999
11051484-5859095,6166.0,62.0,4.26,0.17,0.04,0.05,2.96,0.06,NGC3532,0.9945
11051887-5852300,4942.0,67.0,4.71,0.17,0.04,0.05,1.26,0.11,NGC3532,0.9998
11053214-5857081,5297.0,66.0,4.26,0.17,0.11,0.05,1.74,0.08,NGC3532,0.9999
11053223-5859071,5105.0,67.0,4.71,0.18,-0.02,0.05,2.07,0.08,NGC3532,0.9958
11053328-5851061,6698.0,66.0,4.17,0.17,0.08,0.05,2.65,0.06,NGC3532,0.9999
11054001-5904341,6511.0,66.0,4.21,0.17,-0.02,0.05,2.71,0.06,NGC3532,0.9997
11055220-5855347,6159.0,67.0,4.28,0.17,-0.04,0.05,2.96,0.06,NGC3532,0.9999
11055228-5910362,6290.0,66.0,4.2,0.18,0.03,0.05,2.82,0.05,NGC3532,0.9995
11055783-5856344,6660.0,65.0,4.12,0.17,0.01,0.05,2.98,0.05,NGC3532,0.9959
11060132-5857103,5270.0,67.0,4.18,0.17,0.08,0.05,2.13,0.08,NGC3532,0.9999
11060148-5902581,6284.0,66.0,4.26,0.17,-0.02,0.06,3.15,0.05,NGC3532,0.9999
11060272-5856530,5065.0,66.0,4.53,0.17,-0.09,0.05,1.66,0.07,NGC3532,0.9995
11060442-5901343,6451.0,65.0,4.16,0.18,0.01,0.05,3.11,0.05,NGC3532,0.9999
11060522-5856061,6492.0,66.0,4.13,0.18,-0.05,0.05,2.8,0.05,NGC3532,0.9949
11060688-5859184,5283.0,64.0,4.28,0.18,0.13,0.05,2.28,0.07,NGC3532,0.9999
11061533-5852564,6782.0,67.0,4.19,0.18,0.04,0.05,2.6,0.05,NGC3532,0.9996
11062416-5853194,6749.0,65.0,4.19,0.17,-0.06,0.05,2.67,0.06,NGC3532,0.9997
11062466-5857125,6219.0,66.0,4.22,0.17,0.04,0.05,3.02,0.05,NGC3532,0.9999
11062575-5909341,6201.0,65.0,4.34,0.17,-0.04,0.06,3.0,0.06,NGC3532,0.9999
11062589-5852279,5182.0,63.0,4.76,0.17,0.0,0.06,1.67,0.09,NGC3532,0.9994
11063921-5907482,5826.0,63.0,4.46,0.17,-0.06,0.05,2.8,0.06,NGC3532,0.9999
11065091-5858036,5314.0,64.0,4.57,0.18,0.03,0.06,1.82,0.06,NGC3532,0.9996
11065400-5900568,4989.0,65.0,4.55,0.18,0.03,0.05,2.16,0.09,NGC3532,0.9999
11065760-5904007,5735.0,64.0,4.27,0.17,-0.03,0.05,2.65,0.06,NGC3532,0.9999
11070026-5903368,6742.0,66.0,4.22,0.18,0.01,0.05,2.06,0.19,NGC3532,0.9999
11070636-5859365,5098.0,65.0,4.52,0.17,-0.07,0.06,1.83,0.08,NGC3532,0.9996
11044923-5901067,5632.0,33.0,4.44,0.05,-0.01,0.04,2.57,0.05,NGC3532,0.9999
11045170-5906388,5995.0,35.0,4.44,0.05,-0.01,0.04,3.1,0.04,NGC3532,0.9996
11052067-5900337,5650.0,32.0,4.44,0.05,-0.02,0.04,2.46,0.04,NGC3532,0.9998
11050119-5836244,6183.0,66.0,4.2,0.17,-0.01,0.05,3.02,0.06,NGC3532,0.9999
11051407-5839488,6330.0,63.0,4.19,0.17,0.05,0.06,2.98,0.05,NGC3532,0.9999
11054260-5837538,6598.0,65.0,4.14,0.17,-0.01,0.05,3.07,0.04,NGC3532,0.9999
11055330-5837047,6249.0,67.0,4.25,0.18,0.04,0.06,3.21,0.05,NGC3532,0.9997
11061873-5830244,5320.0,65.0,4.72,0.18,-0.07,0.06,2.3,0.07,NGC3532,0.9998
11061887-5828259,6815.0,66.0,4.19,0.17,0.03,0.06,2.47,0.06,NGC3532,0.9993
11061994-5841257,6703.0,66.0,4.15,0.17,0.08,0.06,2.4,0.06,NGC3532,0.9999
11061995-5844489,5357.0,63.0,4.3,0.17,0.05,0.05,2.32,0.07,NGC3532,0.9994
11062061-5833093,5869.0,66.0,4.34,0.18,0.03,0.05,2.74,0.06,NGC3532,0.9999
11062506-5839444,5964.0,64.0,4.48,0.17,0.07,0.05,3.01,0.06,NGC3532,0.9999
11062530-5834341,6681.0,68.0,4.21,0.17,0.01,0.05,2.75,0.06,NGC3532,0.9999
11062929-5830135,6705.0,65.0,4.23,0.17,-0.02,0.05,2.47,0.07,NGC3532,0.9999
11063100-5829462,5611.0,65.0,4.45,0.17,0.15,0.05,2.48,0.06,NGC3532,0.9999
11063633-5841326,5307.0,64.0,4.52,0.17,-0.06,0.05,1.85,0.07,NGC3532,0.9993
11063937-5839582,5166.0,68.0,4.48,0.18,0.03,0.05,1.57,0.09,NGC3532,0.9998
11064172-5839199,5167.0,64.0,4.17,0.17,0.06,0.05,1.83,0.08,NGC3532,0.9999
11064553-5841241,6844.0,66.0,4.23,0.17,-0.07,0.05,3.2,0.04,NGC3532,0.9999
11064904-5844090,6106.0,64.0,4.31,0.17,-0.04,0.05,3.07,0.05,NGC3532,0.9993
11065444-5838316,5142.0,65.0,4.6,0.18,-0.02,0.05,1.69,0.09,NGC3532,0.9999
11065663-5845014,6130.0,66.0,4.26,0.17,-0.03,0.05,3.02,0.05,NGC3532,0.9997
11065791-5841574,5168.0,66.0,4.2,0.17,0.02,0.06,1.71,0.09,NGC3532,0.9997
11070866-5830328,6728.0,64.0,4.14,0.17,0.0,0.06,2.43,0.07,NGC3532,0.9999
11070882-5827521,4874.0,63.0,4.6,0.17,0.06,0.05,1.01,0.12,NGC3532,0.9999
11071220-5843119,6879.0,65.0,4.18,0.17,-0.04,0.05,2.4,0.07,NGC3532,0.9999
11071237-5839189,5955.0,65.0,4.37,0.18,-0.04,0.05,2.93,0.06,NGC3532,0.9846
11072755-5832584,6298.0,66.0,4.16,0.17,-0.04,0.05,2.67,0.05,NGC3532,0.9999
11073012-5830467,5822.0,64.0,4.44,0.17,0.08,0.05,2.74,0.06,NGC3532,0.9999
11073535-5827257,5651.0,67.0,4.22,0.17,-0.01,0.05,2.5,0.07,NGC3532,0.9999
11074076-5830044,4947.0,64.0,4.38,0.18,0.02,0.06,1.42,0.1,NGC3532,0.9991
11053477-5837108,5878.0,39.0,4.46,0.05,0.03,0.04,2.78,0.04,NGC3532,0.9993
11061685-5835179,5471.0,31.0,4.49,0.05,0.0,0.05,2.29,0.04,NGC3532,0.9999
11062379-5832269,5595.0,33.0,4.42,0.05,-0.07,0.04,2.63,0.04,NGC3532,0.9998
11063294-5837483,5743.0,37.0,4.34,0.05,-0.09,0.05,2.73,0.04,NGC3532,0.9993
11070902-5832057,5752.0,31.0,4.37,0.05,-0.03,0.05,2.63,0.03,NGC3532,0.9998
11062533-5843191,5242.0,67.0,4.05,0.17,-0.03,0.05,1.23,0.13,NGC3532,0.9999
11071992-5859586,5026.0,64.0,4.52,0.18,-0.04,0.05,1.88,0.08,NGC3532,0.9998
11073024-5901201,6541.0,64.0,4.15,0.17,-0.05,0.06,2.98,0.05,NGC3532,0.9998
11073699-5857004,5979.0,64.0,4.37,0.17,0.04,0.05,2.96,0.06,NGC3532,0.9999
11080864-5844342,6761.0,67.0,4.04,0.18,0.06,0.05,3.18,0.05,NGC3532,0.9651
11083128-5848276,6081.0,66.0,4.3,0.17,0.02,0.06,3.03,0.05,NGC3532,0.9806
11061962-5849319,5643.0,34.0,4.41,0.05,0.1,0.04,2.57,0.04,NGC3532,0.9999
11071871-5849027,5634.0,33.0,4.4,0.05,0.03,0.05,2.61,0.04,NGC3532,0.9997
11073929-5848570,5814.0,33.0,4.36,0.05,-0.09,0.04,2.84,0.03,NGC3532,0.9896
11081128-5856090,5318.0,33.0,4.45,0.05,-0.03,0.04,2.01,0.04,NGC3532,0.9999
11082918-5849384,5789.0,31.0,4.35,0.05,-0.04,0.05,2.76,0.03,NGC3532,0.9996
11021990-5857540,4394.0,76.0,4.58,0.18,0.04,0.09,0.29,0.18,NGC3532,0.9873
11024398-5853072,4475.0,78.0,4.57,0.18,0.0,0.09,1.02,0.11,NGC3532,0.9999
11025354-5857350,3496.0,111.0,4.87,0.24,-0.32,0.09,-1.0,,NGC3532,0.9999
11025487-5845405,4329.0,76.0,4.85,0.18,0.06,0.09,-0.37,0.47,NGC3532,0.9999
11025998-5906056,3539.0,107.0,4.87,0.23,-0.3,0.09,-0.81,0.49,NGC3532,0.9999
11030808-5854018,4414.0,77.0,4.49,0.17,0.04,0.1,0.41,0.16,NGC3532,0.9998
11031628-5905335,3922.0,79.0,4.76,0.18,-0.05,0.1,-0.03,0.28,NGC3532,0.9999
11033317-5848032,3308.0,109.0,4.87,0.24,-0.38,0.09,-0.68,0.43,NGC3532,0.9999
11033626-5907360,4106.0,74.0,4.78,0.18,-0.01,0.09,0.54,0.11,NGC3532,0.9998
11035383-5900057,4120.0,106.0,4.86,0.24,0.02,0.09,0.9,0.12,NGC3532,0.9999
11040478-5852413,3435.0,110.0,4.85,0.23,-0.35,0.09,-1.0,,NGC3532,0.9999
11043552-5851504,3793.0,77.0,4.83,0.18,-0.14,0.09,0.17,0.25,NGC3532,0.9999
11050841-5858225,3348.0,107.0,4.84,0.24,-0.46,0.09,-1.0,,NGC3532,0.9997
11033831-5849367,6108.0,38.0,4.4,0.05,-0.01,0.05,2.97,0.03,NGC3532,0.9999
11020607-5834460,6818.0,67.0,4.23,0.17,0.03,0.05,3.25,0.04,NGC3532,0.9847
11021891-5847363,6393.0,64.0,4.13,0.17,-0.08,0.06,2.4,0.09,NGC3532,0.9999
11022490-5836268,5930.0,69.0,4.37,0.18,-0.04,0.05,2.89,0.07,NGC3532,0.9999
11022744-5838540,5162.0,67.0,4.74,0.18,-0.09,0.05,1.36,0.12,NGC3532,0.987
11023122-5844264,5198.0,64.0,4.12,0.17,0.07,0.05,1.27,0.14,NGC3532,0.978
11023237-5833277,5443.0,65.0,4.28,0.17,-0.02,0.06,1.95,0.09,NGC3532,0.9998
11023416-5834273,5227.0,65.0,4.72,0.17,0.1,0.05,2.33,0.09,NGC3532,0.9998
11024584-5851381,6865.0,67.0,4.2,0.18,-0.05,0.05,3.22,0.04,NGC3532,0.9997
11025009-5833223,5989.0,66.0,4.39,0.17,0.36,0.05,1.27,1.29,NGC3532,0.9513
11025707-5846116,5509.0,65.0,4.39,0.17,0.14,0.06,2.28,0.07,NGC3532,0.9999
11025725-5836280,6510.0,65.0,4.15,0.17,0.07,0.05,2.29,0.09,NGC3532,0.9999
11025815-5836172,6825.0,79.0,4.16,0.18,0.06,0.1,3.37,0.05,NGC3532,0.9998
11030740-5845221,6501.0,67.0,4.13,0.18,-0.02,0.05,2.66,0.05,NGC3532,0.9999
11030793-5836212,6314.0,65.0,4.13,0.17,-0.01,0.06,3.14,0.05,NGC3532,0.9998
11031646-5847076,6194.0,63.0,4.3,0.17,0.03,0.05,3.12,0.05,NGC3532,0.9998
11032100-5832389,6285.0,64.0,4.17,0.17,0.0,0.05,2.85,0.05,NGC3532,0.9999
11033312-5848104,5992.0,65.0,4.33,0.17,-0.01,0.05,2.91,0.06,NGC3532,0.9999
11033316-5843589,5557.0,64.0,4.45,0.18,0.01,0.05,2.25,0.06,NGC3532,0.9999
11033368-5844468,6441.0,66.0,4.13,0.17,-0.09,0.05,2.52,0.06,NGC3532,0.9996
11033531-5841142,6712.0,65.0,4.19,0.17,0.0,0.05,2.44,0.07,NGC3532,0.9999
11033668-5837349,6203.0,63.0,4.29,0.17,-0.01,0.06,3.08,0.05,NGC3532,0.9999
11033731-5845390,5961.0,66.0,4.35,0.17,-0.01,0.06,2.91,0.06,NGC3532,0.9978
11033860-5847487,4859.0,64.0,4.6,0.17,-0.06,0.05,1.73,0.08,NGC3532,0.9862
11034321-5841042,6774.0,64.0,4.13,0.17,0.0,0.06,3.28,0.04,NGC3532,0.9656
11034559-5842021,5399.0,64.0,4.28,0.18,0.11,0.06,2.25,0.07,NGC3532,0.9999
11034720-5836376,6271.0,62.0,4.16,0.17,-0.01,0.05,2.89,0.05,NGC3532,0.9995
11034760-5833191,5032.0,65.0,4.75,0.17,-0.07,0.05,2.07,0.08,NGC3532,0.9999
11034905-5848143,6613.0,65.0,4.25,0.18,-0.03,0.05,2.51,0.09,NGC3532,0.9998
11035069-5849346,5148.0,64.0,4.22,0.18,-0.08,0.05,1.7,0.08,NGC3532,0.9998
11035147-5838362,6048.0,63.0,4.31,0.18,0.03,0.05,3.07,0.05,NGC3532,0.9999
11035879-5845487,6661.0,67.0,4.1,0.18,-0.02,0.05,2.6,0.09,NGC3532,0.9999
11035912-5844222,6166.0,63.0,4.3,0.17,0.0,0.06,3.07,0.05,NGC3532,0.9997
11041131-5844455,5923.0,67.0,4.42,0.17,0.04,0.05,2.88,0.06,NGC3532,0.9999
11041236-5845314,5748.0,64.0,4.39,0.17,0.03,0.05,2.45,0.06,NGC3532,0.9996
11041388-5845522,6215.0,65.0,4.26,0.17,-0.08,0.05,3.08,0.05,NGC3532,0.9998
11041666-5836492,5113.0,64.0,4.31,0.17,0.13,0.05,1.65,0.09,NGC3532,0.9997
11042438-5848353,5897.0,64.0,4.48,0.17,0.1,0.06,2.8,0.06,NGC3532,0.9998
11042797-5843085,6769.0,66.0,4.21,0.17,0.0,0.05,2.07,0.23,NGC3532,0.9999
11043450-5840097,5748.0,66.0,4.35,0.17,0.02,0.06,2.73,0.06,NGC3532,0.9999
11043708-5841145,6210.0,64.0,4.19,0.17,0.0,0.05,2.78,0.06,NGC3532,0.9995
11043803-5839253,5091.0,65.0,4.67,0.17,0.03,0.05,1.62,0.08,NGC3532,0.9999
11025058-5842069,5005.0,31.0,2.61,0.05,0.02,0.05,1.09,0.04,NGC3532,0.9978
11015731-5841434,4624.0,64.0,4.72,0.17,0.05,0.06,0.22,0.12,NGC3532,0.9998
11021124-5832399,4726.0,64.0,4.78,0.18,0.1,0.05,1.16,0.09,NGC3532,0.9999
11023480-5842592,3564.0,108.0,4.84,0.24,-0.22,0.09,-0.28,0.52,NGC3532,0.9999
11023592-5836276,3797.0,76.0,4.76,0.18,-0.14,0.1,0.38,0.18,NGC3532,0.9999
11024219-5842387,4467.0,75.0,4.54,0.17,-0.02,0.1,1.17,0.11,NGC3532,0.9999
11024249-5836107,3431.0,109.0,4.84,0.23,-0.33,0.09,-0.41,0.5,NGC3532,0.9999
11024414-5838419,3988.0,76.0,4.84,0.18,0.0,0.1,0.19,0.22,NGC3532,0.9998
11024571-5842096,3542.0,109.0,4.85,0.24,-0.24,0.09,0.14,0.1,NGC3532,0.9989
11024751-5852025,4595.0,64.0,4.8,0.17,0.0,0.06,0.76,0.09,NGC3532,0.9999
11024887-5839089,4025.0,75.0,4.93,0.18,-0.02,0.09,0.08,0.25,NGC3532,0.9998
11025065-5851571,3967.0,76.0,4.85,0.18,-0.04,0.09,0.5,0.1,NGC3532,0.9999
11025227-5838274,3392.0,109.0,4.85,0.23,-0.38,0.09,-0.89,0.37,NGC3532,0.9987
11025480-5837148,4355.0,75.0,4.51,0.18,0.05,0.09,0.4,0.13,NGC3532,0.9995
11025986-5848566,3662.0,108.0,4.84,0.23,-0.22,0.09,-0.31,0.57,NGC3532,0.9997
11030852-5837428,3721.0,106.0,4.85,0.24,-0.22,0.09,0.28,0.22,NGC3532,0.9989
11031151-5852530,4838.0,68.0,4.69,0.17,0.09,0.06,1.22,0.08,NGC3532,0.9999
11031377-5831227,4598.0,64.0,4.65,0.17,0.01,0.05,0.33,0.11,NGC3532,0.9929
11031546-5835390,3310.0,109.0,4.87,0.23,-0.38,0.09,-1.0,,NGC3532,0.9998
11031714-5842502,3768.0,76.0,4.8,0.18,-0.21,0.1,0.29,0.2,NGC3532,0.9999
11032309-5837531,3862.0,76.0,4.74,0.18,-0.04,0.1,-0.17,0.25,NGC3532,0.9936
11032418-5841437,3467.0,104.0,4.86,0.23,-0.32,0.09,0.15,0.18,NGC3532,0.9982
11033843-5848140,4861.0,63.0,4.73,0.18,0.08,0.06,0.77,,NGC3532,0.9998
11033969-5843371,3665.0,109.0,4.84,0.23,-0.22,0.09,0.13,0.35,NGC3532,0.9999
11034577-5836540,3560.0,107.0,4.85,0.23,-0.27,0.09,-0.28,0.46,NGC3532,0.9935
11034857-5841189,3801.0,75.0,4.76,0.18,-0.14,0.09,0.29,0.2,NGC3532,0.9999
11034889-5840293,4131.0,76.0,4.74,0.18,0.06,0.1,0.16,0.17,NGC3532,0.9999
11035102-5848476,3557.0,110.0,4.84,0.24,-0.28,0.09,-0.34,0.4,NGC3532,0.9998
11035274-5848339,3354.0,107.0,4.85,0.23,-0.46,0.09,-0.63,0.41,NGC3532,0.9999
11035563-5843010,3481.0,108.0,4.88,0.23,-0.29,0.09,-0.98,0.38,NGC3532,0.9998
11040040-5837094,4262.0,75.0,4.57,0.18,0.07,0.09,0.08,0.18,NGC3532,0.9998
11040054-5844044,4682.0,65.0,4.71,0.17,0.11,0.05,0.74,0.11,NGC3532,0.9999
11040263-5848084,4007.0,75.0,4.88,0.18,-0.07,0.1,0.68,0.13,NGC3532,0.9995
11040876-5841149,4292.0,74.0,4.84,0.18,0.05,0.1,-0.29,0.3,NGC3532,0.9998
11041040-5839230,3400.0,108.0,4.88,0.23,-0.33,0.09,-0.74,0.39,NGC3532,0.9997
11041110-5846107,3397.0,105.0,4.87,0.24,-0.33,0.09,-0.95,0.36,NGC3532,0.9998
11041468-5844477,4131.0,77.0,4.88,0.18,-0.04,0.09,0.43,0.15,NGC3532,0.9998
11043078-5843305,3859.0,79.0,4.77,0.18,-0.05,0.1,0.39,0.18,NGC3532,0.9999
11043844-5841566,3430.0,108.0,4.84,0.23,-0.35,0.09,-0.61,0.41,NGC3532,0.9999
11025939-5842593,5837.0,36.0,4.38,0.05,-0.07,0.05,2.63,0.03,NGC3532,0.9987
11031631-5847468,5691.0,36.0,4.42,0.05,-0.05,0.05,2.52,0.04,NGC3532,0.9997
11034308-5840024,5702.0,35.0,4.45,0.05,-0.03,0.05,2.42,0.04,NGC3532,0.9999
11034987-5836077,5796.0,35.0,4.45,0.05,0.0,0.05,2.76,0.03,NGC3532,0.9997
11040053-5847034,6145.0,37.0,4.38,0.05,-0.01,0.05,2.94,0.03,NGC3532,0.9999
11021669-5856361,5135.0,63.0,4.5,0.18,0.03,0.06,1.64,0.08,NGC3532,0.9999
11023846-5858026,5966.0,64.0,4.36,0.17,-0.06,0.05,2.93,0.06,NGC3532,0.9999
11025839-5853117,5788.0,63.0,4.25,0.18,-0.18,0.05,2.66,0.05,NGC3532,0.9811
11032881-5852184,5158.0,64.0,4.67,0.17,0.03,0.05,1.98,0.08,NGC3532,0.9994
11034143-5856473,4874.0,64.0,4.67,0.18,0.1,0.05,1.49,0.08,NGC3532,0.999
11034429-5857392,6747.0,65.0,4.27,0.17,0.03,0.05,3.14,0.05,NGC3532,0.9979
11034997-5900574,5438.0,65.0,4.28,0.17,0.02,0.06,2.35,0.08,NGC3532,0.9999
11040524-5851334,6888.0,63.0,4.22,0.18,0.1,0.05,1.88,,NGC3532,0.9997
11041593-5857296,6837.0,80.0,4.11,0.18,-0.07,0.09,3.16,0.05,NGC3532,0.9981
11034206-5831167,5977.0,68.0,4.54,0.17,0.05,0.05,2.97,0.06,NGC3532,0.9998
11035579-5825356,6254.0,65.0,4.25,0.18,0.08,0.05,3.19,0.05,NGC3532,0.9999
11040770-5825119,6676.0,65.0,4.26,0.18,-0.2,0.05,2.35,0.08,NGC3532,0.9993
11040951-5827434,6407.0,65.0,4.18,0.17,-0.06,0.06,3.04,0.05,NGC3532,0.9994
11042543-5831393,5013.0,65.0,4.62,0.17,0.09,0.05,1.09,0.09,NGC3532,0.9999
11042817-5818143,6607.0,65.0,4.19,0.17,-0.03,0.05,3.27,0.04,NGC3532,0.9998
11043016-5820512,6748.0,65.0,4.24,0.18,-0.04,0.05,2.0,0.1,NGC3532,0.9999
11043956-5821320,5321.0,63.0,4.3,0.18,0.09,0.05,2.26,0.06,NGC3532,0.9998
11045241-5836505,5471.0,64.0,4.28,0.18,0.17,0.05,2.29,0.07,NGC3532,0.9999
11045263-5829339,6281.0,64.0,4.17,0.18,0.02,0.06,2.76,0.05,NGC3532,0.9998
11045401-5822265,5720.0,65.0,4.46,0.18,0.15,0.05,2.49,0.06,NGC3532,0.9998
11050755-5818463,5544.0,65.0,4.49,0.17,0.13,0.05,2.38,0.06,NGC3532,0.9998
11050994-5829498,6046.0,66.0,4.37,0.18,0.03,0.05,2.93,0.05,NGC3532,0.9991
11051737-5819307,6858.0,65.0,4.23,0.17,-0.02,0.06,3.2,0.04,NGC3532,0.9998
11052132-5816448,5256.0,66.0,4.35,0.17,0.09,0.05,2.2,0.08,NGC3532,0.9953
11052187-5824570,6225.0,65.0,4.27,0.17,0.1,0.05,2.8,0.05,NGC3532,0.9999
11052740-5818472,6622.0,67.0,4.26,0.18,0.02,0.05,2.46,0.05,NGC3532,0.9999
11052816-5831137,5443.0,64.0,4.25,0.18,0.02,0.05,2.19,0.07,NGC3532,0.9998
11052880-5837056,5129.0,64.0,4.65,0.18,0.1,0.06,1.46,0.08,NGC3532,0.9999
11052927-5832213,5264.0,65.0,4.3,0.18,0.1,0.05,1.37,0.09,NGC3532,0.9999
11053475-5829184,6704.0,64.0,4.22,0.18,0.03,0.06,2.69,0.05,NGC3532,0.9997
11054216-5824551,5391.0,64.0,4.19,0.17,0.2,0.05,2.09,0.07,NGC3532,0.9999
11055161-5818516,6191.0,64.0,4.3,0.17,0.0,0.05,3.07,0.05,NGC3532,0.9999
11055165-5833128,5198.0,62.0,4.66,0.17,0.09,0.05,1.65,0.08,NGC3532,0.9995
11055424-5829074,5545.0,66.0,4.44,0.17,0.0,0.06,2.51,0.06,NGC3532,0.9992
11060185-5828474,6235.0,65.0,4.26,0.17,0.04,0.06,3.15,0.05,NGC3532,0.9997
11060589-5821402,5895.0,65.0,4.47,0.18,0.04,0.05,2.71,0.06,NGC3532,0.9996
11060688-5829023,6662.0,66.0,4.2,0.17,0.0,0.06,2.85,0.05,NGC3532,0.9999
11060954-5825229,6782.0,66.0,4.22,0.18,-0.04,0.06,2.24,0.09,NGC3532,0.9981
11043113-5828487,5649.0,36.0,4.42,0.05,-0.01,0.05,2.54,0.04,NGC3532,0.9998
11043247-5823257,5838.0,36.0,4.42,0.05,0.04,0.05,2.73,0.03,NGC3532,0.9998
11043596-5845209,4975.0,31.0,2.56,0.05,0.0,0.05,1.06,0.05,NGC3532,0.9989
11055874-5843295,4958.0,31.0,2.6,0.05,0.04,0.05,1.27,0.05,NGC3532,0.9988
11032469-5826381,3560.0,107.0,4.86,0.23,-0.29,0.09,-1.0,,NGC3532,0.9998
11033908-5827166,4576.0,78.0,4.63,0.18,-0.02,0.09,1.43,0.11,NGC3532,0.9998
11034820-5824408,3998.0,76.0,4.61,0.18,0.01,0.09,0.63,0.1,NGC3532,0.9998
11035313-5828421,3936.0,77.0,4.69,0.18,-0.06,0.09,0.24,0.2,NGC3532,0.9999
11035782-5827067,4178.0,77.0,4.9,0.18,0.02,0.09,0.24,0.2,NGC3532,0.9998
11041208-5825044,4854.0,65.0,4.67,0.18,0.11,0.05,0.91,0.09,NGC3532,0.9999
11041562-5829317,3546.0,104.0,4.86,0.24,-0.24,0.09,0.36,,NGC3532,0.9984
11041653-5828189,3810.0,108.0,4.83,0.23,-0.13,0.09,0.38,0.26,NGC3532,0.9998
11042239-5827152,3799.0,76.0,4.8,0.18,-0.14,0.09,0.12,0.26,NGC3532,0.9998
11043826-5824459,3958.0,75.0,4.69,0.18,-0.06,0.1,0.47,0.17,NGC3532,0.9998
11044636-5825150,4340.0,76.0,4.65,0.18,0.04,0.09,0.73,0.12,NGC3532,0.9998
11044896-5820032,4275.0,78.0,4.55,0.18,0.03,0.1,0.34,0.17,NGC3532,0.9997
11045064-5819393,4240.0,73.0,4.56,0.18,0.03,0.09,-0.06,0.31,NGC3532,0.9965
11045163-5823295,4871.0,66.0,4.39,0.17,-0.04,0.06,1.82,0.09,NGC3532,0.9994
11045245-5826394,3792.0,77.0,4.7,0.18,-0.18,0.09,-0.7,0.55,NGC3532,0.9999
11050211-5836011,3962.0,77.0,4.79,0.18,-0.04,0.09,-0.17,0.43,NGC3532,0.9999
11050686-5833560,3763.0,107.0,4.84,0.24,-0.13,0.09,-0.25,0.62,NGC3532,0.9894
11051072-5828095,4260.0,76.0,4.65,0.18,0.05,0.09,-0.02,0.36,NGC3532,0.9995
11052355-5824303,4230.0,75.0,4.57,0.18,0.07,0.09,0.54,0.14,NGC3532,0.9999
11053055-5827360,3978.0,75.0,4.9,0.18,-0.05,0.09,-0.44,0.64,NGC3532,0.9998
11053428-5836292,3995.0,74.0,4.78,0.18,-0.08,0.1,-0.31,0.61,NGC3532,0.9997
11054883-5830515,4730.0,66.0,4.64,0.18,0.15,0.05,0.81,0.12,NGC3532,0.9996
11055052-5828214,3910.0,106.0,4.83,0.23,-0.1,0.09,0.35,0.26,NGC3532,0.9999
11055179-5825121,4902.0,66.0,4.55,0.18,0.1,0.06,1.17,0.1,NGC3532,0.9998
11055465-5831463,4441.0,76.0,4.49,0.18,0.03,0.09,1.11,0.12,NGC3532,0.9999
11042351-5845212,3945.0,78.0,4.63,0.18,-0.05,0.09,0.03,0.33,NGC3532,0.9994
11042486-5854190,4484.0,68.0,4.83,0.21,0.11,0.05,0.38,,NGC3532,0.9999
11043037-5849482,4062.0,104.0,4.84,0.24,-0.05,0.09,0.17,,NGC3532,0.9841
11043415-5852083,4594.0,64.0,4.94,0.17,0.16,0.06,0.0,,NGC3532,0.9999
11043906-5849574,4618.0,65.0,4.87,0.18,0.11,0.05,0.45,,NGC3532,0.9999
11043973-5846391,3715.0,106.0,4.84,0.24,-0.13,0.09,-0.32,,NGC3532,0.9999
11044760-5848115,4508.0,66.0,4.78,0.17,0.15,0.06,0.49,0.14,NGC3532,0.9999
11045394-5837175,4695.0,64.0,4.52,0.17,0.05,0.05,1.01,0.13,NGC3532,0.9999
11045805-5845509,3762.0,108.0,4.83,0.23,-0.11,0.09,0.25,0.31,NGC3532,0.9999
11051251-5842179,4189.0,75.0,4.65,0.18,0.06,0.09,0.37,0.17,NGC3532,0.9991
11051969-5852216,4756.0,63.0,4.7,0.18,0.13,0.05,1.57,0.08,NGC3532,0.9997
11052050-5854040,3440.0,108.0,4.89,0.23,-0.38,0.09,-1.0,,NGC3532,0.9829
11052360-5843400,4475.0,66.0,4.63,0.18,0.02,0.05,0.9,0.1,NGC3532,0.9888
11052559-5840079,4288.0,75.0,4.59,0.19,0.05,0.1,0.48,0.15,NGC3532,0.9992
11052702-5841001,3942.0,79.0,4.76,0.18,-0.02,0.09,-0.47,0.68,NGC3532,0.9997
11053445-5838589,4629.0,63.0,4.68,0.18,0.11,0.05,0.42,0.21,NGC3532,0.9999
11054044-5855149,4559.0,65.0,4.74,0.18,0.15,0.05,0.09,0.31,NGC3532,0.9685
11054872-5847082,4605.0,66.0,4.7,0.17,0.09,0.05,0.88,0.09,NGC3532,0.9998
11055191-5851057,4115.0,75.0,4.51,0.18,-0.02,0.09,0.28,0.16,NGC3532,0.9999
11055229-5842585,4010.0,106.0,4.85,0.24,-0.06,0.09,0.82,,NGC3532,0.9994
11060268-5853133,4674.0,66.0,4.72,0.17,0.09,0.05,0.66,0.12,NGC3532,0.9998
11060401-5839079,4504.0,75.0,4.83,0.18,0.05,0.1,0.28,0.21,NGC3532,0.9998
11060712-5843281,3459.0,106.0,4.87,0.24,-0.38,0.09,0.52,0.16,NGC3532,0.9996
11061154-5849072,3721.0,108.0,4.84,0.24,-0.22,0.09,-0.02,0.42,NGC3532,0.9998
11061780-5839546,4501.0,65.0,4.57,0.18,0.07,0.06,0.68,0.12,NGC3532,0.9996
11062573-5845373,4068.0,107.0,4.86,0.24,0.02,0.09,0.82,0.15,NGC3532,0.9977
11045282-5840558,6142.0,34.0,4.35,0.05,0.09,0.05,3.12,0.03,NGC3532,0.9998
11043040-5910116,3907.0,107.0,4.84,0.23,-0.05,0.09,-0.02,,NGC3532,0.999
11043209-5858537,3848.0,106.0,4.82,0.23,-0.24,0.09,0.54,0.23,NGC3532,0.9999
11043909-5909201,4003.0,76.0,4.67,0.18,0.07,0.09,0.28,0.13,NGC3532,0.9994
11045240-5911102,3551.0,104.0,4.88,0.24,-0.27,0.09,-1.0,,NGC3532,0.9999
11045653-5909097,3429.0,106.0,4.86,0.23,-0.35,0.09,-1.0,,NGC3532,0.9999
11050239-5904589,3468.0,107.0,4.87,0.24,-0.32,0.09,0.39,,NGC3532,0.9996
11051158-5912275,4518.0,67.0,4.73,0.17,0.07,0.05,0.42,0.13,NGC3532,0.9999
11051597-5900572,4518.0,76.0,4.64,0.18,-0.04,0.1,0.88,0.1,NGC3532,0.984
11052008-5904055,3485.0,106.0,4.88,0.23,-0.29,0.09,-0.42,0.52,NGC3532,0.9999
11052031-5906037,3431.0,109.0,4.85,0.24,-0.33,0.09,-0.99,0.39,NGC3532,0.9999
11052221-5902237,4678.0,65.0,4.74,0.17,0.09,0.05,0.4,0.15,NGC3532,0.9999
11052559-5909386,4734.0,76.0,4.66,0.18,0.0,0.1,1.86,0.1,NGC3532,0.9999
11053263-5851104,3432.0,108.0,4.84,0.23,-0.33,0.09,-1.0,,NGC3532,0.9999
11053561-5856451,4532.0,65.0,4.82,0.18,0.15,0.05,-0.03,0.29,NGC3532,0.9996
11053764-5909241,3663.0,104.0,4.84,0.24,-0.22,0.09,-0.13,0.44,NGC3532,0.9997
11054407-5857348,4732.0,65.0,4.82,0.18,0.14,0.06,0.62,,NGC3532,0.9999
11054411-5854037,3876.0,77.0,4.74,0.18,-0.06,0.09,0.16,0.21,NGC3532,0.9999
11055925-5900173,4217.0,77.0,4.62,0.17,0.07,0.1,0.04,0.12,NGC3532,0.9998
11060267-5912318,4277.0,77.0,4.9,0.18,0.06,0.09,-0.17,0.32,NGC3532,0.9999
11062451-5852507,4296.0,77.0,4.46,0.17,0.06,0.09,0.26,0.16,NGC3532,0.9999
11062887-5906560,4620.0,65.0,4.84,0.17,0.1,0.05,0.09,0.22,NGC3532,0.9998
11063906-5858438,4677.0,67.0,4.71,0.18,0.12,0.05,-0.19,0.43,NGC3532,0.9999
11050686-5842429,4695.0,64.0,4.79,0.18,0.1,0.05,0.73,0.17,NGC3532,0.9997
11052243-5842013,4763.0,66.0,4.87,0.17,0.07,0.05,1.52,0.09,NGC3532,0.9923
11054187-5843305,4641.0,67.0,4.84,0.17,0.13,0.05,0.37,0.21,NGC3532,0.9999
11054840-5846320,4668.0,65.0,4.59,0.17,0.11,0.05,0.67,0.15,NGC3532,0.9998
11060557-5824252,4273.0,75.0,4.42,0.18,0.06,0.1,0.51,0.19,NGC3532,0.9999
11062573-5836472,4346.0,76.0,4.97,0.18,-0.01,0.1,0.41,0.19,NGC3532,0.9724
11062756-5830192,3997.0,78.0,4.66,0.18,0.04,0.09,0.56,0.18,NGC3532,0.9998
11063022-5838105,4597.0,66.0,4.95,0.18,0.15,0.06,-0.03,0.66,NGC3532,0.9994
11063508-5831445,4423.0,66.0,4.86,0.17,0.17,0.05,0.6,0.15,NGC3532,0.9998
11063936-5832130,3855.0,93.0,4.65,0.26,-0.01,0.15,-0.4,,NGC3532,0.9999
11063943-5829576,4657.0,64.0,4.8,0.17,0.02,0.05,0.53,,NGC3532,0.9999
11064531-5847054,4363.0,75.0,4.9,0.18,0.03,0.1,0.31,0.24,NGC3532,0.9997
11070430-5845416,3907.0,74.0,4.71,0.18,-0.03,0.09,0.3,0.23,NGC3532,0.9998
11070656-5830255,4341.0,105.0,4.87,0.24,0.05,0.09,0.56,0.17,NGC3532,0.9997
11073265-5829335,4540.0,63.0,4.96,0.18,0.07,0.05,0.39,0.19,NGC3532,0.9999
11074900-5839208,3908.0,95.0,4.82,0.25,-0.04,0.15,0.79,0.21,NGC3532,0.9998
11075547-5836312,4652.0,64.0,4.86,0.17,0.06,0.05,0.41,0.22,NGC3532,0.9998
11064582-5844511,3843.0,96.0,4.35,0.25,-0.81,0.15,-1.0,,NGC3532,0.9997
11070623-5846532,4278.0,76.0,4.72,0.18,0.03,0.1,-0.4,0.62,NGC3532,0.9936
11071140-5859042,4818.0,64.0,4.76,0.18,0.12,0.06,1.48,0.08,NGC3532,0.9999
11071870-5857001,4216.0,75.0,4.78,0.19,0.05,0.1,0.5,0.18,NGC3532,0.9995
12573217-6455167,5000.0,31.0,2.67,0.05,0.05,0.05,1.32,0.05,NGC4815,0.9975
12574080-6455572,5752.0,34.0,3.51,0.05,0.35,0.06,0.64,,NGC4815,0.9993
12580262-6456492,4814.0,31.0,2.44,0.05,0.02,0.05,-0.34,,NGC4815,0.9993
12570931-6457537,6952.0,76.0,4.1,0.19,-0.02,0.09,2.53,0.19,NGC4815,0.9981
12572017-6458209,6833.0,106.0,4.16,0.24,-0.05,0.09,2.54,0.2,NGC4815,0.9898
12575632-6500005,6940.0,65.0,4.21,0.17,0.08,0.06,3.18,0.07,NGC4815,0.9996
12580189-6452492,6375.0,63.0,4.21,0.18,0.19,0.05,2.94,0.08,NGC4815,0.9964
12580281-6454586,7365.4,750.0,3.79,0.3,-0.4,0.2,2.76,0.49,NGC4815,0.9989
12572442-6455173,4284.0,31.0,1.55,0.06,-0.1,0.17,1.09,0.05,NGC4815,0.9981
12574328-6457386,4811.0,30.0,2.37,0.05,-0.02,0.17,-0.38,,NGC4815,0.9994
12575511-6458483,4836.0,31.0,2.46,0.05,0.01,0.17,0.94,0.05,NGC4815,0.9994
12570258-6458007,6620.0,76.0,4.13,0.18,0.06,0.1,2.67,0.19,NGC4815,0.9889
12572191-6500513,6456.0,82.0,3.84,0.22,0.12,0.08,2.34,,NGC4815,0.9971
12572286-6454288,5857.0,65.0,4.15,0.17,0.02,0.05,2.52,0.11,NGC4815,0.9943
12572889-6457049,6218.0,64.0,3.97,0.17,-0.04,0.06,3.08,0.12,NGC4815,0.9982
12572909-6458203,6698.0,65.0,4.18,0.18,0.03,0.05,3.3,0.09,NGC4815,0.996
12573460-6453231,6712.0,103.0,4.39,0.26,0.45,0.05,3.33,0.13,NGC4815,0.9983
12574261-6458421,6091.0,84.0,4.9,0.22,0.1,0.08,3.11,0.12,NGC4815,0.9986
12574313-6455591,6205.0,66.0,4.1,0.17,-0.1,0.05,2.59,0.16,NGC4815,0.999
12574705-6451338,6777.0,68.0,4.03,0.18,0.2,0.05,3.24,0.12,NGC4815,0.9721
12574734-6458105,6696.0,65.0,4.44,0.17,0.14,0.05,3.02,0.11,NGC4815,0.9992
12575267-6452173,6453.0,85.0,4.65,0.21,0.26,0.08,2.42,,NGC4815,0.9951
12575818-6459323,5735.0,65.0,3.95,0.18,-0.04,0.05,3.07,0.12,NGC4815,0.9985
12580234-6458157,6377.0,66.0,3.86,0.17,0.02,0.05,2.71,0.14,NGC4815,0.9982
12580478-6458281,6251.0,83.0,4.6,0.22,-0.21,0.08,2.51,0.15,NGC4815,0.9948
12581050-6455173,6505.0,82.0,4.3,0.22,0.47,0.03,2.9,0.16,NGC4815,0.9981
12581382-6459370,6944.0,100.0,3.91,0.25,-0.03,0.16,2.59,0.25,NGC4815,0.9891
12581524-6456492,6515.0,77.0,3.93,0.18,0.15,0.09,3.24,0.12,NGC4815,0.9974
12581536-6501250,6825.0,76.0,4.25,0.18,0.06,0.09,3.13,,NGC4815,0.9986
12582069-6458378,6518.0,75.0,4.25,0.18,0.02,0.1,3.16,0.1,NGC4815,0.9989
12583456-6453419,6807.0,64.0,4.59,0.18,0.32,0.05,3.24,0.14,NGC4815,0.9993
15550433-5719198,5290.0,81.0,3.27,0.22,0.23,0.07,1.54,,NGC6005,0.9994
15551835-5729352,5228.0,81.0,3.84,0.22,-0.14,0.08,1.57,,NGC6005,0.9994
15552787-5722119,5720.0,103.0,4.24,0.33,0.13,0.09,2.2,,NGC6005,0.9992
15553407-5726090,6327.0,67.0,4.22,0.17,0.25,0.05,2.01,0.42,NGC6005,0.9998
15553623-5725505,5811.0,82.0,4.24,0.22,0.27,0.08,2.23,,NGC6005,0.9996
15553839-5727322,6618.0,67.0,4.1,0.17,0.16,0.05,2.29,,NGC6005,0.9997
15553888-5728572,6044.0,66.0,4.17,0.18,-0.05,0.05,2.59,0.15,NGC6005,0.9997
15554026-5725499,6329.0,65.0,4.32,0.18,0.15,0.05,2.27,0.26,NGC6005,0.9997
15554082-5729498,5922.0,63.0,4.13,0.17,0.22,0.05,2.88,0.11,NGC6005,0.9998
15555013-5727480,6345.0,65.0,4.34,0.17,0.2,0.05,2.43,,NGC6005,0.9993
15555143-5729027,6430.0,64.0,3.98,0.17,0.03,0.06,2.47,0.22,NGC6005,0.9998
15555175-5725248,6118.0,63.0,4.56,0.18,0.33,0.05,2.82,0.07,NGC6005,0.9993
15555551-5725518,6129.0,65.0,4.34,0.18,0.02,0.05,2.72,0.1,NGC6005,0.9986
15555645-5725340,6526.0,65.0,4.31,0.17,0.1,0.06,2.4,,NGC6005,0.9974
15555654-5725195,4984.0,65.0,4.41,0.17,0.06,0.05,1.06,,NGC6005,0.9992
15560068-5726126,5726.0,64.0,4.5,0.18,0.21,0.06,2.59,0.12,NGC6005,0.9986
15560143-5724278,6651.0,66.0,4.15,0.17,0.14,0.05,3.28,0.06,NGC6005,0.9994
15560174-5726418,5827.0,66.0,4.52,0.18,0.09,0.06,3.03,0.1,NGC6005,0.9989
15553687-5729569,4834.0,30.0,2.87,0.05,0.23,0.05,1.14,0.05,NGC6005,0.9999
15554609-5723481,4766.0,30.0,2.73,0.05,0.28,0.05,0.64,0.05,NGC6005,0.9625
15551969-5727071,5726.0,106.0,4.16,0.24,0.12,0.09,1.91,0.31,NGC6005,0.9981
15554127-5726574,4816.0,30.0,2.75,0.05,0.19,0.05,0.8,0.05,NGC6005,0.9992
15554167-5725533,4760.0,31.0,2.67,0.05,0.23,0.05,0.08,,NGC6005,0.9998
15555069-5726255,4718.0,32.0,2.67,0.05,0.16,0.05,0.23,0.08,NGC6005,0.9978
15555612-5726539,4813.0,33.0,2.79,0.05,0.19,0.04,0.62,0.05,NGC6005,0.9999
15552549-5729511,5626.0,104.0,4.79,0.32,0.11,0.1,2.06,,NGC6005,0.9928
15553906-5728096,4904.0,64.0,3.5,0.17,-0.38,0.05,1.08,,NGC6005,0.997
15554754-5725467,5779.0,81.0,4.41,0.22,0.45,0.04,2.22,,NGC6005,0.9939
15554917-5727071,5852.0,65.0,4.19,0.18,0.15,0.05,2.01,0.36,NGC6005,0.9978
15555013-5722582,6156.0,66.0,4.39,0.18,0.03,0.05,2.87,0.09,NGC6005,0.9995
15560777-5729292,5511.0,64.0,4.3,0.18,0.36,0.05,1.53,,NGC6005,0.9997
15561405-5726001,5984.0,81.0,4.78,0.23,-0.24,0.08,1.95,,NGC6005,0.9949
15554015-5726002,4741.0,31.0,2.65,0.05,0.2,0.05,0.13,0.11,NGC6005,0.9997
15555162-5724181,4785.0,30.0,2.76,0.05,0.29,0.05,0.12,0.12,NGC6005,0.9998
15560208-5727418,4791.0,31.0,2.83,0.05,0.22,0.05,0.95,0.04,NGC6005,0.9998
15560582-5726193,4817.0,30.0,2.78,0.05,0.17,0.05,0.88,0.04,NGC6005,0.9998
15551250-5722519,5327.0,82.0,4.04,0.22,-0.21,0.08,1.83,,NGC6005,0.9988
15553173-5725454,5116.0,65.0,4.23,0.18,0.01,0.06,1.55,,NGC6005,0.9981
15553457-5726124,5433.0,64.0,3.81,0.17,-0.17,0.06,1.8,0.21,NGC6005,0.9994
15554035-5727065,5390.0,75.0,4.41,0.18,-0.14,0.09,1.82,0.25,NGC6005,0.993
15554573-5727458,6108.0,79.0,4.53,0.18,0.17,0.1,2.83,0.1,NGC6005,0.9997
15554778-5725353,5301.0,66.0,3.48,0.18,-0.15,0.05,1.54,0.34,NGC6005,0.9954
15554844-5728074,5669.0,66.0,4.6,0.17,0.17,0.06,2.01,0.27,NGC6005,0.9982
15555135-5726020,5536.0,63.0,4.19,0.17,0.34,0.05,1.54,1.16,NGC6005,0.9996
15555178-5722295,5679.0,66.0,4.03,0.17,-0.1,0.05,2.67,0.1,NGC6005,0.9956
15555449-5727021,6005.0,64.0,4.44,0.17,0.29,0.05,2.28,,NGC6005,0.9891
15560495-5725476,5297.0,80.0,4.0,0.22,0.1,0.08,1.73,,NGC6005,0.9989
16124811-5415224,5753.0,64.0,4.37,0.17,0.02,0.05,3.27,0.09,NGC6067,0.9981
16130396-5415273,6755.0,79.0,4.15,0.19,0.16,0.09,3.32,0.09,NGC6067,0.9982
16130628-5419350,6682.0,65.0,4.28,0.18,0.09,0.05,3.05,0.13,NGC6067,0.9895
16130919-5416010,6499.0,66.0,4.21,0.17,0.34,0.06,3.12,0.09,NGC6067,0.9958
16131568-5408093,6834.0,68.0,3.96,0.17,-0.1,0.06,3.25,0.08,NGC6067,0.9968
16131683-5412295,5952.0,66.0,4.3,0.17,0.16,0.06,3.07,0.08,NGC6067,0.9978
16131994-5407373,6451.0,64.0,4.06,0.18,0.26,0.05,3.38,0.07,NGC6067,0.9987
16132087-5412264,6827.0,99.0,4.04,0.25,0.22,0.14,3.37,0.09,NGC6067,0.9977
16132460-5417326,6221.0,65.0,4.1,0.18,0.12,0.06,3.37,0.08,NGC6067,0.9991
16132662-5407477,6649.0,64.0,4.23,0.17,0.04,0.06,3.06,0.12,NGC6067,0.9921
16133012-5414246,6814.0,68.0,4.08,0.18,0.0,0.06,2.86,0.14,NGC6067,0.9986
16133092-5415385,6729.0,65.0,4.44,0.17,0.03,0.05,3.37,0.09,NGC6067,0.9976
16133302-5411568,6210.0,65.0,4.21,0.17,0.11,0.06,3.33,0.08,NGC6067,0.9989
16133331-5408429,6687.0,66.0,4.28,0.17,-0.13,0.06,3.11,0.12,NGC6067,0.9963
16133435-5409165,5591.0,66.0,4.38,0.17,0.08,0.05,3.27,0.13,NGC6067,0.9983
16134372-5415238,6206.0,65.0,4.42,0.18,0.08,0.06,3.17,0.09,NGC6067,0.9929
16135065-5407225,6261.0,66.0,4.28,0.18,0.15,0.05,3.35,0.06,NGC6067,0.9984
16135448-5409492,6798.0,67.0,4.18,0.17,0.13,0.05,2.72,0.15,NGC6067,0.999
16124736-5411005,4685.0,32.0,1.59,0.06,0.11,0.05,1.33,0.06,NGC6067,0.9984
16135905-5416254,4295.0,34.0,1.3,0.07,0.13,0.04,0.92,0.05,NGC6067,0.9984
16123130-5423060,6806.0,76.0,4.15,0.18,0.07,0.09,3.32,0.06,NGC6067,0.9983
16124401-5415267,6731.0,66.0,4.3,0.17,0.09,0.05,3.01,0.07,NGC6067,0.9984
16125235-5413384,6731.0,67.0,4.25,0.17,0.09,0.06,3.37,0.06,NGC6067,0.998
16130191-5409299,6996.0,107.0,3.31,0.33,-0.02,0.1,2.72,0.14,NGC6067,0.9983
16130507-5410027,6759.0,65.0,4.23,0.18,0.14,0.05,3.3,0.05,NGC6067,0.9988
16131929-5410381,6797.0,64.0,4.18,0.18,0.11,0.05,3.41,0.05,NGC6067,0.9977
16132237-5409212,6837.0,66.0,4.14,0.18,-0.05,0.05,3.11,0.06,NGC6067,0.9986
16133176-5418236,6714.0,64.0,4.2,0.17,0.07,0.05,3.2,0.08,NGC6067,0.9977
16133633-5415583,6978.0,87.0,4.13,0.22,0.13,0.08,3.34,0.08,NGC6067,0.9989
16135473-5408418,6784.0,68.0,4.2,0.17,0.04,0.06,3.26,0.05,NGC6067,0.9973
16140079-5421485,6703.0,66.0,4.32,0.17,0.07,0.05,3.27,0.05,NGC6067,0.9567
16140149-5406389,6575.0,66.0,4.23,0.18,0.03,0.05,3.17,0.07,NGC6067,0.9941
16140310-5412389,6684.0,66.0,4.24,0.17,0.05,0.05,3.23,0.06,NGC6067,0.9957
16140605-5416089,6679.0,67.0,4.23,0.17,0.17,0.06,2.0,,NGC6067,0.998
16123480-5420315,6854.0,66.0,4.34,0.18,0.18,0.06,3.27,0.09,NGC6067,0.999
16130100-5408053,6882.0,67.0,4.13,0.18,0.2,0.05,3.36,0.13,NGC6067,0.9969
16122142-5415576,6671.0,67.0,4.26,0.18,0.16,0.06,2.67,0.1,NGC6067,0.9976
16122322-5416086,6122.0,64.0,3.96,0.17,0.14,0.06,2.63,0.1,NGC6067,0.9984
16122889-5417165,6720.0,64.0,4.2,0.18,0.06,0.05,2.92,0.09,NGC6067,0.9985
16123362-5413562,6815.0,66.0,4.33,0.18,0.31,0.06,3.49,0.07,NGC6067,0.9764
16123866-5413142,6210.0,64.0,4.37,0.17,0.16,0.05,3.34,0.07,NGC6067,0.9986
16124043-5415278,6518.0,65.0,4.16,0.18,0.13,0.06,3.38,0.06,NGC6067,0.9973
16125636-5411244,6129.0,65.0,4.19,0.18,0.06,0.05,3.48,0.1,NGC6067,0.9703
16125696-5418268,6285.0,63.0,4.06,0.17,0.06,0.05,3.27,0.09,NGC6067,0.9933
16121539-5419192,4487.0,34.0,1.48,0.06,-0.03,0.05,1.3,0.06,NGC6067,0.9959
16122377-5425071,4695.0,43.0,1.59,0.06,0.0,0.05,1.4,0.08,NGC6067,0.9992
16123981-5417411,4299.0,31.0,1.44,0.06,-0.11,0.05,0.38,0.04,NGC6067,0.99
16130403-5412187,4152.0,32.0,1.1,0.07,-0.01,0.06,-1.0,,NGC6067,0.993
16134056-5407194,8000.0,750.0,3.21,0.45,-0.3,0.2,3.56,0.59,NGC6067,0.9974
16132107-5409550,4595.0,44.0,1.57,0.07,-0.11,0.04,1.27,0.06,NGC6067,0.9963
16132470-5420055,4339.0,31.0,1.47,0.06,-0.07,0.05,0.67,0.05,NGC6067,0.9987
16134400-5416542,4723.0,39.0,1.47,0.07,0.02,0.05,1.11,0.08,NGC6067,0.9992
16125008-5418591,7944.4,750.0,2.72,1.2,-0.39,0.2,3.38,,NGC6067,0.996
16130269-5408556,6750.0,500.0,3.26,0.45,-0.25,0.2,2.78,,NGC6067,0.9978
16125691-5413134,4260.0,46.0,0.86,0.1,0.5,0.07,-1.0,,NGC6067,0.9985
16131456-5411208,4565.0,30.0,1.78,0.06,-0.06,0.05,0.19,0.05,NGC6067,0.9993
16132359-5413426,4309.0,31.0,1.42,0.07,-0.09,0.06,-0.08,0.05,NGC6067,0.9984
16584259-5240288,6087.0,64.0,4.28,0.18,0.29,0.06,1.81,0.14,NGC6253,1.0
16585259-5243430,6006.0,64.0,4.27,0.17,0.36,0.05,1.19,0.51,NGC6253,0.9999
16590043-5245078,5883.0,65.0,4.27,0.17,0.31,0.05,1.42,0.22,NGC6253,0.9603
16590208-5244559,5943.0,66.0,4.17,0.17,0.23,0.05,1.1,1.21,NGC6253,0.9891
16590706-5241479,5884.0,63.0,4.04,0.15,0.36,0.07,1.43,0.3,NGC6253,0.9999
16591496-5241342,5798.0,64.0,3.89,0.14,0.32,0.07,1.75,,NGC6253,0.9947
16583737-5245390,5946.0,65.0,4.38,0.17,0.37,0.05,1.97,,NGC6253,0.9999
16585072-5240196,6020.0,66.0,4.35,0.17,0.31,0.05,1.71,0.16,NGC6253,0.9994
16585720-5243079,5841.0,65.0,4.12,0.14,0.33,0.07,2.14,0.08,NGC6253,0.9988
16590197-5243203,5894.0,64.0,4.16,0.17,0.25,0.05,1.28,0.23,NGC6253,0.9896
16591160-5243282,5880.0,65.0,4.34,0.18,0.3,0.06,1.87,0.1,NGC6253,0.9998
16591187-5242379,5914.0,64.0,4.23,0.18,0.3,0.05,1.76,0.12,NGC6253,0.9999
16584823-5241339,6004.0,34.0,4.23,0.05,0.36,0.06,2.72,0.03,NGC6253,0.9999
16590013-5242327,5893.0,35.0,4.17,0.05,0.28,0.05,2.61,0.04,NGC6253,0.9999
16585331-5241536,4483.0,31.0,2.46,0.05,0.24,0.17,-0.36,,NGC6253,0.9999
16592249-5239092,4513.0,22.0,2.49,0.03,0.24,0.05,-0.1,0.08,NGC6253,0.9999
16584804-5244199,5547.0,67.0,4.53,0.18,0.24,0.05,1.12,0.61,NGC6253,0.9999
16584864-5240234,5293.0,69.0,4.65,0.2,0.26,0.06,1.11,0.29,NGC6253,0.9998
16585177-5243282,5629.0,64.0,4.39,0.18,0.3,0.05,1.71,0.13,NGC6253,0.9999
16585297-5238437,5499.0,66.0,4.12,0.18,0.28,0.05,1.61,,NGC6253,0.9999
16585380-5244189,5262.0,63.0,4.54,0.18,0.26,0.06,0.99,0.37,NGC6253,1.0
16585401-5243387,5552.0,63.0,4.43,0.17,0.25,0.05,1.54,0.15,NGC6253,0.9977
16585617-5239492,5196.0,70.0,4.65,0.21,0.16,0.05,1.33,0.14,NGC6253,0.9999
16585622-5241584,5721.0,64.0,4.47,0.17,0.34,0.05,1.84,,NGC6253,0.9998
16585625-5245036,5411.0,63.0,4.39,0.18,0.28,0.05,1.34,,NGC6253,0.9999
16585651-5240280,5468.0,64.0,4.55,0.18,0.2,0.05,1.39,0.17,NGC6253,0.9997
16585702-5242295,5545.0,64.0,4.35,0.18,0.29,0.05,1.71,,NGC6253,0.9998
16585721-5238374,5669.0,65.0,4.39,0.17,0.34,0.05,1.49,0.17,NGC6253,0.9999
16585858-5241286,5814.0,66.0,4.31,0.17,0.32,0.05,1.32,0.31,NGC6253,0.9999
16590085-5242490,5378.0,66.0,4.38,0.17,0.32,0.05,1.58,,NGC6253,0.9999
16590156-5239391,5625.0,64.0,4.43,0.17,0.32,0.06,1.3,0.23,NGC6253,0.9999
16590223-5242311,5276.0,64.0,4.52,0.17,0.26,0.06,1.15,0.19,NGC6253,0.9998
16590270-5239498,5464.0,66.0,4.67,0.17,0.33,0.05,1.21,0.26,NGC6253,1.0
16590334-5243499,5753.0,64.0,4.27,0.17,0.32,0.05,1.72,,NGC6253,0.9999
16590358-5237524,5711.0,66.0,4.46,0.17,0.3,0.05,1.18,0.44,NGC6253,0.9999
16590793-5238146,5229.0,64.0,4.35,0.18,0.23,0.05,1.04,0.25,NGC6253,0.9901
16590820-5244035,5393.0,66.0,4.46,0.17,0.28,0.05,1.45,0.14,NGC6253,0.9999
16590835-5246171,5684.0,65.0,4.4,0.14,0.37,0.06,1.43,0.19,NGC6253,1.0
16590938-5244165,5621.0,70.0,4.41,0.21,0.18,0.05,1.67,0.12,NGC6253,0.9957
16590939-5243291,5412.0,67.0,4.55,0.17,0.22,0.05,1.13,0.25,NGC6253,0.9999
16590989-5245420,5368.0,64.0,4.63,0.17,0.31,0.05,1.1,0.25,NGC6253,0.9997
16591053-5239209,5856.0,65.0,4.68,0.17,0.32,0.06,1.86,,NGC6253,0.9998
16591174-5238065,5593.0,64.0,4.25,0.18,0.32,0.05,1.61,0.12,NGC6253,0.9999
16591192-5246292,5655.0,64.0,4.45,0.18,0.3,0.05,1.73,,NGC6253,0.9999
16591252-5240576,5538.0,66.0,4.3,0.17,0.24,0.06,1.09,0.33,NGC6253,0.9998
16591312-5241508,5480.0,63.0,4.61,0.18,0.3,0.05,1.54,,NGC6253,0.9991
16591321-5241216,5295.0,64.0,3.76,0.17,0.35,0.05,0.27,0.82,NGC6253,0.9992
16591940-5239071,5492.0,66.0,4.51,0.17,0.35,0.05,1.61,0.11,NGC6253,0.9999
16591958-5241154,5287.0,65.0,4.57,0.17,0.27,0.05,1.49,,NGC6253,0.9997
16592370-5245184,5304.0,65.0,4.51,0.18,0.29,0.05,1.1,0.21,NGC6253,1.0
16592506-5243115,5435.0,65.0,4.21,0.17,0.23,0.06,1.41,0.25,NGC6253,0.9992
16585109-5240459,4989.0,67.0,3.15,0.17,0.29,0.05,0.47,0.27,NGC6253,0.9981
16585229-5241405,6136.0,64.0,4.32,0.17,0.3,0.05,1.54,0.21,NGC6253,0.9999
16585568-5238402,5889.0,66.0,4.46,0.17,0.33,0.06,1.35,0.4,NGC6253,0.9999
16585692-5245055,4824.0,65.0,3.39,0.14,0.27,0.07,-0.58,0.57,NGC6253,0.9999
16585726-5241458,4866.0,64.0,3.51,0.14,0.3,0.07,0.73,0.12,NGC6253,0.9999
16585790-5244214,5285.0,64.0,3.65,0.18,0.35,0.05,1.59,,NGC6253,1.0
16590073-5240075,4807.0,63.0,3.37,0.14,0.28,0.07,0.68,0.1,NGC6253,0.9999
16590162-5237547,5931.0,63.0,4.36,0.18,0.32,0.05,1.91,,NGC6253,0.9981
16590198-5242432,5167.0,66.0,3.72,0.14,0.29,0.07,1.41,,NGC6253,0.9909
16590255-5244200,6000.0,500.0,4.44,0.2,0.35,0.2,1.65,,NGC6253,0.9993
16590361-5243496,5260.0,62.0,3.65,0.17,0.27,0.05,0.79,0.25,NGC6253,0.9999
16590420-5243026,5852.0,64.0,3.77,0.14,0.4,0.06,1.92,,NGC6253,0.9999
16590452-5245086,5911.0,64.0,3.77,0.14,0.32,0.07,1.51,0.17,NGC6253,0.9999
16590689-5242252,6101.0,64.0,4.32,0.17,0.08,0.05,1.88,0.1,NGC6253,0.9996
16590692-5237295,5959.0,64.0,4.38,0.17,0.33,0.05,2.42,0.07,NGC6253,0.9999
16590705-5242451,5998.0,63.0,4.41,0.18,0.34,0.05,2.55,0.06,NGC6253,0.9999
16590726-5246053,5928.0,65.0,4.3,0.17,0.31,0.05,2.03,0.09,NGC6253,0.9999
16590879-5240105,5550.0,64.0,3.67,0.15,0.32,0.07,1.72,,NGC6253,0.9997
16590960-5243388,5900.0,64.0,4.35,0.17,0.32,0.05,2.03,0.08,NGC6253,0.9999
16591368-5242500,5048.0,64.0,3.14,0.18,0.25,0.05,0.43,0.35,NGC6253,0.9989
16591899-5243216,5602.0,64.0,3.88,0.17,0.34,0.05,1.64,,NGC6253,0.9977
16591926-5244569,5203.0,64.0,3.68,0.15,0.35,0.07,1.44,,NGC6253,0.9999
16591998-5238293,4812.0,65.0,2.77,0.17,0.37,0.05,1.25,,NGC6253,0.9999
16592489-5241493,5762.0,62.0,3.72,0.14,0.38,0.06,1.77,,NGC6253,0.9999
16584993-5242583,4558.0,31.0,2.69,0.05,0.31,0.05,-0.17,,NGC6253,0.9999
16585587-5242213,4284.0,31.0,2.08,0.05,0.09,0.05,-0.76,0.11,NGC6253,0.9997
16593786-5238252,4548.0,30.0,2.68,0.05,0.22,0.05,-0.14,0.08,NGC6253,0.9999
16583745-5242481,4528.0,31.0,2.52,0.05,0.23,0.05,-0.02,0.08,NGC6253,0.9999
16584156-5243311,4493.0,31.0,2.43,0.05,0.26,0.05,-0.33,,NGC6253,0.9999
16591660-5242423,4494.0,31.0,2.66,0.05,0.23,0.05,-0.27,,NGC6253,1.0
16593278-5244054,4523.0,31.0,2.55,0.05,0.29,0.05,-0.24,0.13,NGC6253,0.9999
17000634-4441493,8000.0,750.0,1.21,1.2,-0.3,0.2,3.54,,NGC6259,0.9979
17001161-4438477,4624.0,64.0,2.27,0.17,0.04,0.05,1.31,0.1,NGC6259,0.9988
17002705-4443092,4518.0,64.0,2.08,0.17,0.07,0.05,1.35,0.1,NGC6259,0.9981
17003494-4446090,4265.0,66.0,1.63,0.17,0.1,0.05,0.59,0.1,NGC6259,0.9989
17002992-4441428,4484.0,40.0,1.89,0.07,0.09,0.05,1.11,0.07,NGC6259,0.9982
17003606-4437251,4593.0,31.0,2.03,0.05,0.16,0.05,1.34,0.05,NGC6259,0.9989
17004644-4440415,4495.0,31.0,2.04,0.05,0.21,0.05,1.02,0.05,NGC6259,0.9992
17004667-4438225,4636.0,30.0,2.16,0.05,0.15,0.05,1.43,0.05,NGC6259,0.9992
17005145-4441297,4677.0,31.0,2.41,0.05,0.17,0.05,1.25,0.05,NGC6259,0.9971
17011371-4437075,4478.0,31.0,2.25,0.05,0.24,0.05,1.15,0.05,NGC6259,0.9965
17002437-4442244,6395.0,62.0,4.25,0.18,0.2,0.06,2.9,0.08,NGC6259,0.9938
17002924-4440455,5729.0,68.0,4.29,0.17,0.02,0.06,2.71,0.11,NGC6259,0.9927
17003277-4436211,6421.0,66.0,4.4,0.17,0.36,0.05,3.17,0.11,NGC6259,0.9986
17003526-4439043,6982.0,72.0,3.67,0.21,-0.06,0.05,3.06,0.08,NGC6259,0.9985
17005568-4440186,6872.0,72.0,4.23,0.21,0.13,0.05,2.88,0.11,NGC6259,0.9986
17010923-4438430,6837.0,66.0,4.51,0.17,0.16,0.05,3.3,0.08,NGC6259,0.9987
17011373-4446027,6000.0,64.0,4.08,0.17,0.29,0.05,3.32,0.13,NGC6259,0.9979
17002424-4441472,4651.0,30.0,2.31,0.05,0.21,0.05,0.31,0.07,NGC6259,0.998
17002825-4438536,4614.0,31.0,2.17,0.05,0.25,0.05,1.43,0.05,NGC6259,0.9986
17002841-4437203,4651.0,30.0,2.33,0.05,0.1,0.05,0.53,0.06,NGC6259,0.9946
17003856-4441332,4521.0,31.0,2.18,0.05,0.16,0.05,1.11,0.04,NGC6259,0.9993
17005389-4443372,4619.0,31.0,2.36,0.05,0.09,0.05,1.17,0.05,NGC6259,0.9992
17005833-4440542,4703.0,30.0,2.46,0.05,0.26,0.05,1.47,0.05,NGC6259,0.9992
17002769-4444161,6399.0,64.0,4.24,0.18,0.25,0.05,2.63,0.14,NGC6259,0.999
17003927-4444213,6817.0,65.0,4.29,0.17,0.22,0.05,2.81,0.13,NGC6259,0.9961
17011428-4436415,6525.0,79.0,4.09,0.17,0.12,0.1,2.77,0.17,NGC6259,0.9953
17002583-4438277,5827.0,66.0,4.3,0.18,0.29,0.05,2.98,0.07,NGC6259,0.9988
17002837-4439088,6362.0,66.0,4.17,0.17,0.17,0.05,3.23,0.08,NGC6259,0.9988
17003453-4436325,6493.0,75.0,4.04,0.18,0.03,0.1,3.24,0.07,NGC6259,0.9992
17004380-4437147,6405.0,63.0,4.24,0.17,0.25,0.05,3.49,0.06,NGC6259,0.9979
17005572-4439228,6110.0,64.0,4.26,0.18,0.18,0.05,3.09,0.07,NGC6259,0.9911
17005929-4433403,6774.0,78.0,4.15,0.18,0.02,0.1,2.29,,NGC6259,0.9972
17011909-4440365,6336.0,66.0,4.17,0.17,0.21,0.05,2.96,0.1,NGC6259,0.9932
17040994-3808238,4097.0,75.0,4.73,0.19,0.02,0.1,0.31,0.17,NGC6281,0.9999
17041235-3805412,4754.0,64.0,4.85,0.17,0.21,0.05,0.25,0.25,NGC6281,0.9999
17041683-3756050,4899.0,63.0,4.83,0.17,0.27,0.05,1.23,0.08,NGC6281,0.9997
17042797-3753089,4537.0,63.0,4.48,0.17,0.11,0.05,1.0,0.09,NGC6281,0.9962
17043838-3756066,5312.0,65.0,4.44,0.17,0.12,0.05,2.23,0.07,NGC6281,0.9812
17044160-3811534,5085.0,65.0,4.59,0.17,0.22,0.06,1.98,0.08,NGC6281,0.9999
17044882-3800303,4808.0,64.0,4.64,0.17,0.25,0.05,1.26,0.07,NGC6281,0.9998
17045319-3751232,3580.0,106.0,4.84,0.24,-0.29,0.09,-0.26,0.47,NGC6281,0.9998
17045847-3755558,4586.0,65.0,4.8,0.18,0.18,0.05,0.45,,NGC6281,0.9998
17051654-3801506,3790.0,76.0,4.76,0.18,-0.18,0.09,0.31,0.2,NGC6281,0.9983
17051843-3759326,5406.0,66.0,4.5,0.18,0.19,0.05,2.17,0.08,NGC6281,0.9993
17052159-3757408,4046.0,78.0,4.68,0.18,0.0,0.09,-0.09,0.27,NGC6281,0.9955
17033446-3757517,4078.0,96.0,3.41,0.26,-0.5,0.15,-0.13,,NGC6281,0.989
17035153-3752182,4705.0,65.0,4.61,0.17,0.22,0.06,0.17,0.62,NGC6281,0.9999
17040130-3803112,5029.0,65.0,4.59,0.17,0.3,0.05,2.07,0.08,NGC6281,0.9999
17041483-3759446,4224.0,74.0,4.87,0.19,-0.03,0.09,0.31,0.19,NGC6281,0.9998
17041914-3802102,4372.0,63.0,4.86,0.18,0.07,0.05,0.04,0.21,NGC6281,0.9996
17042323-3752368,5169.0,67.0,4.69,0.18,0.23,0.05,2.44,0.08,NGC6281,0.9997
17042978-3803350,4124.0,107.0,4.78,0.24,0.04,0.09,-0.19,0.54,NGC6281,0.9995
17044207-3751300,4013.0,78.0,4.74,0.18,-0.02,0.09,-0.03,0.34,NGC6281,0.9997
17044357-3759424,5195.0,64.0,4.58,0.18,0.03,0.05,1.77,0.09,NGC6281,0.9997
17043904-3759075,5105.0,65.0,4.55,0.18,0.05,0.05,1.49,0.08,NGC6281,0.9999
17043597-3759311,4943.0,31.0,2.43,0.05,-0.01,0.05,-0.42,,NGC6281,0.9998
17044753-3753147,4900.0,31.0,2.42,0.05,-0.08,0.05,0.95,0.05,NGC6281,0.9997
17392038-3221178,5226.0,64.0,4.48,0.17,0.08,0.05,2.92,0.09,NGC6405,0.9941
17393043-3218510,5076.0,65.0,4.45,0.17,-0.07,0.05,3.06,0.09,NGC6405,0.9972
17393179-3210237,5213.0,64.0,4.27,0.17,-0.05,0.06,3.09,0.09,NGC6405,0.9982
17395360-3214178,5001.0,62.0,4.53,0.18,0.07,0.05,1.84,0.09,NGC6405,0.975
17400162-3214157,4544.0,65.0,4.4,0.17,-0.05,0.06,2.62,0.1,NGC6405,0.9889
17400163-3217469,5368.0,63.0,4.54,0.17,0.06,0.05,2.72,0.07,NGC6405,0.9983
17400370-3216356,5866.0,64.0,4.37,0.17,0.01,0.05,3.22,0.06,NGC6405,0.9868
17400463-3206516,6419.0,64.0,4.1,0.18,0.06,0.05,3.3,0.05,NGC6405,0.997
17400511-3223367,6073.0,65.0,4.23,0.18,-0.14,0.05,3.2,0.05,NGC6405,0.9967
17401815-3216285,5725.0,64.0,4.23,0.17,0.01,0.05,3.1,0.06,NGC6405,0.9861
17402187-3223284,5100.0,64.0,4.55,0.18,0.03,0.05,2.67,0.09,NGC6405,0.9892
17403107-3208304,5117.0,64.0,4.61,0.17,0.06,0.05,2.36,0.08,NGC6405,0.9945
17403400-3211107,4671.0,75.0,4.58,0.18,-0.06,0.09,1.42,0.12,NGC6405,0.9926
17403755-3219171,4594.0,79.0,4.45,0.18,-0.03,0.09,1.41,0.11,NGC6405,0.9979
17404320-3208225,5837.0,65.0,4.19,0.17,-0.02,0.05,3.32,0.06,NGC6405,0.9879
17394560-3216201,6263.0,66.0,4.06,0.17,0.01,0.05,3.29,0.05,NGC6405,0.998
17403230-3220119,4791.0,65.0,4.49,0.17,0.02,0.06,2.09,0.09,NGC6405,0.9948
17404242-3214021,6182.0,67.0,4.13,0.18,-0.04,0.06,3.38,0.06,NGC6405,0.9904
17404346-3212521,5340.0,66.0,4.4,0.17,0.06,0.05,3.01,0.08,NGC6405,0.9961
17404497-3200118,5405.0,63.0,4.47,0.17,0.06,0.05,2.97,0.08,NGC6405,0.9934
17404725-3209318,5288.0,67.0,4.35,0.17,-0.16,0.06,3.18,0.09,NGC6405,0.9949
17410728-3209064,4815.0,64.0,4.51,0.18,0.03,0.05,2.18,0.09,NGC6405,0.9965
17411683-3216214,4903.0,75.0,4.66,0.18,-0.07,0.09,2.24,0.11,NGC6405,0.9947
17412896-3216331,5221.0,64.0,4.39,0.18,0.12,0.06,2.72,0.09,NGC6405,0.9613
17392266-3221178,3491.0,107.0,4.87,0.23,-0.29,0.09,0.04,0.21,NGC6405,0.9944
17400555-3207590,4799.0,64.0,4.58,0.18,0.23,0.05,0.52,0.17,NGC6405,0.9983
17400695-3218516,5087.0,64.0,4.44,0.18,0.0,0.05,2.69,0.09,NGC6405,0.9944
17403265-3209472,3906.0,109.0,4.81,0.23,-0.11,0.09,0.45,0.19,NGC6405,0.9921
17404408-3204144,5089.0,64.0,4.43,0.17,0.03,0.06,2.59,0.08,NGC6405,0.9976
17404957-3219389,4397.0,76.0,4.41,0.18,0.03,0.09,0.19,0.21,NGC6405,0.9938
17400650-3211374,5319.0,30.0,4.5,0.05,0.01,0.05,2.68,0.04,NGC6405,0.9978
17400995-3212221,4908.0,46.0,4.3,0.07,0.03,0.08,2.05,0.06,NGC6405,0.9971
17392956-3216373,3301.0,108.0,4.93,0.23,-0.38,0.09,-1.0,,NGC6405,0.9932
17393767-3204165,3308.0,109.0,4.88,0.23,-0.38,0.09,-1.0,,NGC6405,0.9881
17394929-3221079,3495.0,107.0,4.88,0.23,-0.32,0.09,-1.0,,NGC6405,0.9921
17405056-3217399,4413.0,75.0,4.38,0.18,0.03,0.09,1.52,0.1,NGC6405,0.9969
17405579-3211459,3306.0,107.0,4.88,0.23,-0.38,0.09,-1.0,,NGC6405,0.9906
17395632-3212384,4584.0,75.0,4.48,0.18,0.0,0.09,1.58,0.11,NGC6405,0.989
17400973-3214075,3550.0,107.0,4.86,0.23,-0.27,0.09,-0.28,0.53,NGC6405,0.9972
17394931-3213362,4520.0,76.0,4.4,0.18,0.0,0.1,0.65,0.12,NGC6405,0.9984
17400533-3226584,6419.0,66.0,4.07,0.17,0.16,0.05,2.5,,NGC6405,0.9959
17400730-3203576,3963.0,76.0,4.53,0.17,0.06,0.09,0.12,0.25,NGC6405,0.9974
17400948-3212234,5399.0,33.0,4.48,0.05,-0.07,0.04,2.83,0.04,NGC6405,0.9931
17401432-3221402,5639.0,34.0,4.3,0.05,-0.05,0.06,2.97,0.04,NGC6405,0.9934
17403642-3212521,5297.0,31.0,4.38,0.05,-0.01,0.06,2.76,0.04,NGC6405,0.9769
18043159-2422578,3879.69,72.38,3.01,0.21,0.18,0.16,3.5,0.18,NGC6530,0.9985
18043952-2427240,4119.08,103.46,2.74,0.27,0.22,0.12,4.14,0.23,NGC6530,0.9987
18044307-2424087,4069.05,100.43,3.42,0.27,-0.13,0.18,3.45,0.16,NGC6530,0.9968
18035438-2423545,3811.8,66.21,3.29,0.2,0.13,0.21,3.3,0.26,NGC6530,0.9984
18043896-2425329,4044.37,95.3,3.22,0.26,-0.06,0.17,3.68,0.16,NGC6530,0.9975
18044221-2422474,3840.1,69.47,3.07,0.19,0.07,0.18,3.9,0.24,NGC6530,0.9981
18044243-2421308,4235.03,123.98,3.36,0.33,-0.02,0.15,3.55,0.2,NGC6530,0.9961
18044445-2427254,3824.06,67.93,3.22,0.2,-0.93,0.45,3.2,0.24,NGC6530,0.9984
18051849-2418536,3870.68,71.85,3.24,0.21,0.19,0.17,3.52,0.21,NGC6530,0.9988
18050965-2419297,4231.66,137.44,3.8,0.39,0.06,0.16,3.77,0.25,NGC6530,0.9913
18045005-2426512,3981.57,86.47,3.28,0.24,0.18,0.15,3.41,0.14,NGC6530,0.9974
18045153-2424173,4202.61,96.01,3.15,0.35,0.0,0.11,3.68,0.17,NGC6530,0.9976
18045277-2424285,3818.98,65.1,3.51,0.18,0.1,0.19,3.62,0.26,NGC6530,0.9967
18045350-2425578,4431.93,122.86,2.91,0.48,-0.1,0.12,2.89,0.2,NGC6530,0.9967
18053153-2427171,6232.0,96.0,3.62,0.57,0.22,0.18,3.21,0.15,NGC6530,0.9795
18042033-2424066,4077.81,72.57,4.67,0.1,0.14,0.08,3.41,0.08,NGC6530,0.9827
18050721-2413598,4461.0,93.0,4.64,0.1,0.02,0.07,3.51,0.14,NGC6530,0.998
18044426-2423572,4444.66,94.44,4.63,0.1,0.0,0.07,3.25,0.13,NGC6530,0.9985
18040256-2420109,4337.44,130.03,4.07,0.36,-0.05,0.14,3.3,0.23,NGC6530,0.9598
18040693-2420251,3931.65,78.28,4.08,0.23,-0.28,0.23,2.78,0.1,NGC6530,0.9894
18042671-2422418,3921.18,77.03,3.54,0.21,-1.16,0.46,3.36,0.27,NGC6530,0.9986
18043021-2417475,4018.65,87.04,2.67,0.21,0.33,0.11,3.71,0.11,NGC6530,0.9937
18043943-2419382,3860.04,68.66,3.74,0.19,-0.2,0.21,3.43,0.11,NGC6530,0.9987
18040412-2419413,3900.96,73.27,3.32,0.2,0.19,0.14,3.68,0.18,NGC6530,0.9987
18041139-2423377,3825.75,64.88,3.3,0.17,-0.08,0.2,3.06,,NGC6530,0.9982
18041409-2426527,4088.51,82.28,3.7,0.3,0.12,0.09,3.77,0.16,NGC6530,0.9983
18041487-2426378,3934.7,77.52,3.0,0.2,-0.69,0.29,3.12,0.16,NGC6530,0.9962
18042816-2426318,3980.06,86.93,4.57,0.23,0.07,0.15,3.43,0.14,NGC6530,0.9856
18043138-2424046,3867.96,69.3,3.62,0.18,0.15,0.15,3.51,0.2,NGC6530,0.9955
18044088-2420001,3991.0,95.84,5.45,0.26,-0.07,0.18,3.26,0.14,NGC6530,0.9977
18041896-2421317,4064.7,87.1,4.65,0.1,0.13,0.08,3.49,0.09,NGC6530,0.9882
18042036-2422005,4547.78,83.14,4.61,0.1,-0.03,0.06,3.22,0.13,NGC6530,0.9816
18043224-2424100,4967.0,79.0,3.79,0.19,-0.02,0.05,3.35,0.12,NGC6530,0.9628
18035164-2428266,5035.0,81.0,3.21,0.18,-0.2,0.08,3.14,0.18,NGC6530,0.9973
18024480-2414318,6867.0,94.0,4.23,0.12,-0.03,0.08,2.97,0.13,NGC6530,0.9976
18033730-2422470,4428.98,107.64,2.32,0.31,-0.4,0.13,2.92,0.2,NGC6530,0.9983
18034023-2422036,4163.31,110.71,2.27,0.36,-0.65,0.15,3.69,0.98,NGC6530,0.9977
18034165-2421111,4016.41,79.63,2.92,0.19,-1.75,0.6,2.33,0.16,NGC6530,0.9982
18034423-2426059,3843.39,69.43,4.57,0.15,0.05,0.17,3.63,0.21,NGC6530,0.9782
18033992-2423026,4456.75,170.08,1.52,1.02,-1.68,0.44,1.87,0.32,NGC6530,0.9985
18040222-2417534,3829.87,69.0,4.04,0.22,-0.03,0.23,3.31,0.21,NGC6530,0.9981
18040717-2421406,3879.53,75.86,3.28,0.22,0.04,0.2,3.22,0.18,NGC6530,0.9943
18041230-2420032,4031.19,88.53,3.81,0.24,-0.07,0.15,3.27,0.13,NGC6530,0.9915
18264783+0633089,4463.0,76.0,4.65,0.18,0.02,0.1,-0.07,0.25,NGC6633,0.9992
18283294+0649160,6630.0,66.0,4.16,0.17,-0.01,0.05,1.6,,NGC6633,0.9991
18262577+0630370,4012.0,77.0,4.76,0.18,-0.01,0.09,0.41,0.17,NGC6633,0.9985
18271164+0631060,4561.0,62.0,4.64,0.18,0.04,0.06,-0.13,0.22,NGC6633,0.9978
18281516+0638470,6570.0,66.0,4.04,0.18,-0.07,0.05,2.91,0.05,NGC6633,0.9799
18260963+0620448,4049.0,76.0,4.74,0.18,-0.04,0.1,0.66,0.14,NGC6633,0.9993
18264760+0626343,4043.0,77.0,4.81,0.19,-0.06,0.09,0.25,0.18,NGC6633,0.9993
18273422+0634253,4488.0,64.0,2.34,0.17,0.27,0.05,-1.0,,NGC6633,0.9585
18263401+0628302,3433.0,107.0,4.86,0.24,-0.33,0.09,-1.0,,NGC6633,0.9581
18265547+0630427,4946.0,65.0,4.64,0.17,-0.01,0.05,0.67,,NGC6633,0.9994
18274167+0626184,3514.0,109.0,4.87,0.24,-0.3,0.09,0.11,0.18,NGC6633,0.9988
18271112+0637427,6367.0,65.0,4.09,0.18,-0.09,0.06,2.83,0.05,NGC6633,0.9991
18272640+0634181,6256.0,67.0,4.13,0.17,-0.18,0.05,2.61,0.05,NGC6633,0.9804
18271548+0640513,4366.0,75.0,4.67,0.18,0.06,0.09,0.0,,NGC6633,0.9995
18270527+0627554,4647.0,65.0,4.62,0.17,-0.03,0.05,0.19,0.17,NGC6633,0.9986
18283246+0644404,6063.0,33.0,4.41,0.05,0.01,0.05,2.77,0.03,NGC6633,0.9994
18333543-1025562,6865.0,96.0,4.22,0.16,0.0,0.14,3.33,0.17,NGC6649,0.9967
18331701-1023594,6759.0,98.0,4.11,0.57,-0.13,0.25,3.48,0.12,NGC6649,0.9967
18332010-1029295,6594.0,97.0,3.98,0.65,0.34,0.24,3.81,0.15,NGC6649,0.976
18503432-0619130,5821.0,65.0,4.26,0.18,0.34,0.05,2.77,0.1,NGC6705,0.9998
18504122-0609271,6272.0,64.0,4.46,0.18,0.18,0.05,2.87,0.1,NGC6705,0.9999
18505019-0621276,4546.0,84.0,3.91,0.21,-0.16,0.08,1.05,0.25,NGC6705,0.9998
18505027-0615531,4812.0,95.0,3.98,0.26,-0.21,0.15,1.39,0.23,NGC6705,0.9997
18505445-0616368,5395.0,63.0,4.38,0.17,0.0,0.05,2.17,0.12,NGC6705,0.9999
18505881-0620296,6421.0,66.0,4.53,0.18,0.2,0.05,2.34,,NGC6705,0.9811
18510005-0610534,6314.0,67.0,4.53,0.17,-0.03,0.05,1.88,,NGC6705,0.9999
18510153-0617283,6134.0,62.0,4.56,0.17,0.2,0.05,3.07,0.09,NGC6705,0.9999
18510164-0614156,5615.0,75.0,4.65,0.18,0.04,0.1,2.76,0.12,NGC6705,0.9999
18510706-0609582,6435.0,66.0,4.27,0.18,0.11,0.05,3.01,0.06,NGC6705,0.9939
18510747-0615353,5779.0,70.0,4.54,0.21,0.14,0.05,3.01,0.1,NGC6705,0.9946
18510883-0608436,6969.0,67.0,4.16,0.18,0.02,0.06,3.23,0.05,NGC6705,0.9999
18511084-0613266,6392.0,75.0,4.4,0.18,0.12,0.09,2.6,0.17,NGC6705,0.9998
18511152-0614157,6011.0,81.0,3.7,0.22,0.21,0.08,3.18,0.16,NGC6705,0.9998
18511272-0615413,6034.0,83.0,4.98,0.21,0.44,0.05,2.65,0.18,NGC6705,0.9993
18511607-0620524,6199.0,66.0,4.69,0.17,0.18,0.05,3.14,0.09,NGC6705,0.9998
18513015-0617465,5507.0,82.0,4.62,0.23,-0.09,0.08,2.48,0.19,NGC6705,0.9996
18502541-0617094,6349.0,65.0,4.29,0.17,0.06,0.05,2.83,0.12,NGC6705,0.9999
18502655-0615001,6518.0,66.0,4.17,0.17,-0.03,0.06,3.01,0.07,NGC6705,0.9999
18502781-0611432,5700.0,65.0,4.26,0.17,-0.25,0.05,2.54,0.09,NGC6705,0.9999
18503218-0616449,6730.0,68.0,4.35,0.17,0.05,0.05,2.91,0.16,NGC6705,0.9994
18503507-0616527,6315.0,66.0,4.21,0.17,0.1,0.05,3.23,0.07,NGC6705,0.9997
18503539-0619590,6509.0,64.0,4.06,0.18,0.15,0.06,3.27,0.06,NGC6705,0.998
18505352-0616599,5713.0,64.0,4.36,0.17,0.06,0.06,3.13,0.1,NGC6705,0.9998
18510162-0619168,5879.0,64.0,4.57,0.17,0.16,0.05,2.95,0.1,NGC6705,0.9999
18510208-0615133,5830.0,71.0,4.36,0.21,0.13,0.05,2.96,0.11,NGC6705,0.9995
18510687-0613424,5905.0,81.0,4.73,0.22,0.47,0.03,3.06,0.14,NGC6705,0.9995
18510799-0612152,5637.0,64.0,4.05,0.17,0.06,0.05,2.71,0.11,NGC6705,0.9976
18511102-0617320,5594.0,76.0,4.31,0.18,0.18,0.09,2.81,0.12,NGC6705,0.9906
18511148-0614238,5885.0,64.0,4.7,0.18,0.24,0.05,3.12,0.11,NGC6705,0.9986
18511356-0615363,6248.0,66.0,4.41,0.17,0.22,0.06,2.85,0.11,NGC6705,0.9999
18511404-0610577,6125.0,64.0,4.49,0.18,-0.01,0.05,3.05,0.07,NGC6705,0.9999
18511478-0616356,5585.0,65.0,4.53,0.17,0.19,0.05,2.81,0.13,NGC6705,0.9998
18511828-0615038,6927.0,68.0,3.96,0.17,-0.01,0.05,3.03,0.08,NGC6705,0.9998
18514208-0618480,6632.0,66.0,4.35,0.17,0.12,0.05,2.69,0.16,NGC6705,0.9997
18503594-0616379,6899.0,67.0,4.12,0.17,0.13,0.05,3.03,0.09,NGC6705,0.9992
18505503-0617434,6069.0,65.0,4.49,0.17,0.17,0.05,3.07,0.09,NGC6705,0.9999
18511284-0615337,6018.0,66.0,4.65,0.18,0.12,0.05,2.8,0.08,NGC6705,0.9999
18511718-0616252,5605.0,65.0,4.2,0.17,0.11,0.05,3.06,0.14,NGC6705,0.9991
18511967-0608115,6760.0,65.0,4.37,0.17,0.12,0.05,3.11,0.09,NGC6705,0.9999
18512604-0610504,6724.0,66.0,4.08,0.17,0.08,0.05,3.19,0.07,NGC6705,0.9993
18504288-0619126,6740.0,65.0,4.24,0.17,-0.13,0.16,2.78,0.21,NGC6705,0.9999
18504637-0617528,6213.0,76.0,4.4,0.21,0.15,0.15,2.43,0.21,NGC6705,0.9997
18504884-0622571,6587.0,78.0,3.94,0.2,0.04,0.16,2.97,0.11,NGC6705,0.9995
18504954-0614585,6567.0,55.0,3.77,0.16,-0.89,0.06,2.56,0.16,NGC6705,0.9999
18505238-0616072,6550.0,55.0,4.72,0.16,-0.18,0.1,3.12,0.09,NGC6705,0.9998
18505760-0618351,5944.0,64.0,4.75,0.15,0.03,0.07,3.08,0.08,NGC6705,0.9999
18510015-0618579,6337.0,77.0,3.82,0.2,0.12,0.15,3.17,0.09,NGC6705,0.9992
18510229-0613161,6566.0,56.0,4.75,0.16,-0.14,0.11,2.82,0.1,NGC6705,0.9999
18510517-0614197,6570.0,79.0,4.31,0.21,-0.03,0.15,3.07,0.1,NGC6705,0.9983
18510636-0611016,6278.0,65.0,4.06,0.15,0.36,0.06,3.36,0.08,NGC6705,0.9886
18511836-0619458,6245.0,77.0,4.37,0.2,-0.07,0.16,2.97,0.09,NGC6705,0.9999
18511921-0616562,6310.0,79.0,4.37,0.21,0.18,0.14,2.3,0.25,NGC6705,0.9999
18513159-0620582,6718.0,63.0,3.58,0.16,0.18,0.15,3.32,0.11,NGC6705,0.9998
18513636-0616190,6017.0,171.0,4.51,0.26,-0.12,0.15,2.69,0.17,NGC6705,0.9916
18504737-0617184,4335.0,32.0,1.67,0.05,0.02,0.17,0.77,0.05,NGC6705,0.9997
18505581-0618148,4396.0,31.0,1.93,0.05,0.1,0.17,1.1,0.05,NGC6705,0.9999
18505755-0613461,4798.0,33.0,2.51,0.05,0.2,0.17,1.43,0.04,NGC6705,0.9997
18510786-0617119,4640.0,32.0,2.27,0.05,0.0,0.17,1.25,0.05,NGC6705,0.9999
18511534-0618359,4634.0,33.0,2.27,0.05,0.04,0.17,1.31,0.05,NGC6705,0.9999
18511571-0618146,4617.0,33.0,2.27,0.05,0.0,0.17,1.29,0.05,NGC6705,0.9999
18512662-0614537,4424.0,34.0,1.9,0.05,0.05,0.17,1.4,0.06,NGC6705,0.9999
18510632-0618158,6554.0,66.0,4.18,0.17,-0.03,0.05,3.4,0.11,NGC6705,0.9998
18505062-0619132,5892.0,64.0,4.39,0.18,0.0,0.05,2.92,0.07,NGC6705,0.9997
18505088-0620418,7000.0,74.0,4.1,0.21,-0.25,0.05,2.59,,NGC6705,0.9999
18505187-0618147,6771.0,65.0,4.25,0.18,-0.01,0.05,3.35,0.07,NGC6705,0.9999
18505375-0615439,6500.0,64.0,4.16,0.18,0.04,0.05,1.98,,NGC6705,0.9997
18505806-0617433,6915.0,69.0,4.13,0.2,0.08,0.05,3.16,0.08,NGC6705,0.9987
18510164-0620098,6673.0,67.0,4.28,0.18,0.0,0.06,3.37,0.06,NGC6705,0.9999
18510202-0614371,6365.0,67.0,4.26,0.18,0.09,0.05,2.62,0.12,NGC6705,0.9999
18510391-0619588,6460.0,66.0,4.18,0.17,-0.01,0.05,2.77,0.13,NGC6705,0.9999
18510465-0617295,6538.0,64.0,4.27,0.17,0.05,0.05,2.16,,NGC6705,0.9994
18511164-0614425,6689.0,66.0,4.19,0.17,-0.02,0.05,3.27,0.08,NGC6705,0.9999
18511194-0617294,6411.0,65.0,4.23,0.18,0.11,0.05,2.62,0.12,NGC6705,0.9983
18512242-0616061,6485.0,66.0,4.11,0.17,0.08,0.06,2.48,0.16,NGC6705,0.9981
18512477-0616482,6751.0,64.0,4.36,0.17,0.17,0.05,2.92,0.11,NGC6705,0.9971
18512556-0618415,6445.0,64.0,4.26,0.17,0.07,0.05,2.56,0.14,NGC6705,0.9999
18502831-0615122,4551.0,32.0,2.06,0.05,-0.09,0.17,1.18,0.05,NGC6705,0.9999
18504563-0612038,4638.0,31.0,2.36,0.05,0.02,0.17,1.4,0.05,NGC6705,0.9999
18510399-0620414,4589.0,40.0,2.17,0.06,-0.04,0.17,1.14,0.06,NGC6705,0.9999
18510662-0612442,4680.0,33.0,2.33,0.05,0.03,0.17,1.39,0.06,NGC6705,0.9998
18511116-0614340,4298.0,34.0,1.64,0.05,0.01,0.17,1.28,0.06,NGC6705,0.9999
18514034-0617128,4717.0,32.0,2.45,0.05,-0.13,0.17,1.45,0.05,NGC6705,0.9998
18504534-0616164,6333.0,67.0,4.43,0.17,0.11,0.05,2.31,,NGC6705,0.9979
18504857-0619229,6440.0,65.0,4.24,0.17,0.06,0.05,2.35,0.19,NGC6705,0.9999
18505292-0617209,6412.0,63.0,4.44,0.17,0.07,0.05,2.68,0.14,NGC6705,0.9999
18510650-0610467,6177.0,79.0,4.5,0.18,0.11,0.1,2.79,0.11,NGC6705,0.9998
18510680-0617043,6490.0,76.0,4.17,0.18,0.0,0.09,2.96,0.09,NGC6705,0.9996
18510729-0613388,6779.0,66.0,4.17,0.17,0.08,0.06,3.36,0.06,NGC6705,0.9997
18510848-0618256,6426.0,65.0,4.18,0.18,0.13,0.06,3.19,0.08,NGC6705,0.9987
18510953-0617014,6372.0,64.0,4.31,0.17,0.02,0.06,2.56,0.13,NGC6705,0.9991
18511002-0616414,6377.0,65.0,4.22,0.17,0.07,0.05,2.78,0.1,NGC6705,0.9976
18511320-0620387,6613.0,65.0,4.26,0.18,0.11,0.05,2.96,0.1,NGC6705,0.9994
18511428-0615151,6294.0,65.0,4.39,0.17,0.12,0.05,2.76,0.1,NGC6705,0.9999
18511445-0619430,6699.0,66.0,4.2,0.17,0.03,0.05,2.64,0.16,NGC6705,0.9996
18511883-0615030,6984.0,67.0,4.12,0.17,0.09,0.05,3.31,0.06,NGC6705,0.9995
18512082-0620040,6404.0,65.0,4.55,0.18,0.37,0.05,2.14,,NGC6705,0.9997
18512440-0615017,6137.0,65.0,4.44,0.17,0.16,0.06,3.03,0.07,NGC6705,0.9986
18513237-0613175,6927.0,69.0,4.2,0.2,0.03,0.06,3.29,0.07,NGC6705,0.9999
18503724-0614364,4712.0,31.0,2.4,0.05,0.06,0.05,1.29,0.06,NGC6705,0.9999
18510032-0617183,4715.0,31.0,2.36,0.05,0.05,0.05,1.27,0.05,NGC6705,0.9999
18510289-0615301,4639.0,31.0,2.4,0.05,0.03,0.05,1.25,0.05,NGC6705,0.9999
18511013-0615486,4508.0,30.0,2.14,0.05,0.14,0.05,-0.27,,NGC6705,0.9998
18502655-0613260,6546.0,66.0,4.08,0.17,0.08,0.05,2.1,,NGC6705,0.9999
18503978-0615502,6255.0,65.0,4.15,0.18,0.0,0.06,2.84,0.1,NGC6705,0.9999
18504489-0616552,6383.0,65.0,4.31,0.17,0.02,0.05,2.89,0.12,NGC6705,0.9999
18504647-0612289,6702.0,65.0,4.16,0.17,-0.01,0.06,2.65,0.21,NGC6705,0.9997
18505244-0625355,6837.0,108.0,4.12,0.24,-0.08,0.09,3.05,0.12,NGC6705,0.9897
18505594-0619386,6808.0,68.0,4.34,0.17,0.12,0.05,2.58,0.23,NGC6705,0.9999
18505635-0618459,6340.0,66.0,4.18,0.17,-0.24,0.05,2.65,0.1,NGC6705,0.9999
18510069-0626218,5943.0,65.0,4.31,0.18,0.08,0.06,3.06,0.08,NGC6705,0.9999
18510306-0616282,6439.0,64.0,4.2,0.17,0.03,0.06,3.04,0.07,NGC6705,0.9996
18510539-0621392,6857.0,78.0,4.07,0.18,0.04,0.1,2.66,0.25,NGC6705,0.9999
18510801-0615160,6324.0,66.0,4.25,0.18,0.14,0.06,3.08,0.09,NGC6705,0.9999
18511272-0625467,6234.0,65.0,3.97,0.17,0.06,0.06,3.01,0.1,NGC6705,0.9998
18511331-0614374,6848.0,108.0,4.16,0.24,0.04,0.09,3.35,0.12,NGC6705,0.9991
18511355-0612375,6419.0,65.0,4.11,0.18,0.16,0.06,3.0,0.15,NGC6705,0.9999
18511623-0617415,6815.0,65.0,4.05,0.17,0.06,0.05,3.0,0.09,NGC6705,0.9999
18512281-0615282,6469.0,66.0,4.13,0.17,0.14,0.05,2.68,0.13,NGC6705,0.999
18505494-0616182,4613.0,31.0,2.28,0.05,0.0,0.17,1.04,0.04,NGC6705,0.9999
18510023-0616594,4341.0,31.0,1.85,0.05,0.05,0.17,1.22,0.05,NGC6705,0.9996
18510200-0617265,4339.0,34.0,1.81,0.07,0.01,0.17,-0.12,0.08,NGC6705,0.9999
18511452-0616551,4679.0,34.0,2.32,0.05,0.03,0.17,1.33,0.06,NGC6705,0.9998
18514130-0620125,4613.0,31.0,2.26,0.05,-0.02,0.17,0.86,0.05,NGC6705,0.9999
18503383-0618439,6098.0,65.0,4.48,0.18,0.11,0.05,3.28,0.07,NGC6705,0.9997
18505252-0617468,6644.0,66.0,4.19,0.17,0.04,0.05,2.99,0.09,NGC6705,0.9918
18505280-0622538,6694.0,67.0,4.39,0.17,-0.07,0.05,3.33,0.07,NGC6705,0.9999
18505547-0610542,6394.0,66.0,4.39,0.17,0.12,0.05,3.19,0.09,NGC6705,0.9999
18510033-0610285,6079.0,64.0,4.17,0.17,0.2,0.05,2.01,0.15,NGC6705,0.9658
18510427-0612144,6869.0,78.0,4.27,0.18,-0.07,0.1,3.35,0.08,NGC6705,0.9999
18510673-0610010,6346.0,64.0,4.29,0.17,0.05,0.05,2.04,,NGC6705,0.9999
18510905-0608527,6637.0,66.0,4.32,0.17,0.08,0.05,2.5,,NGC6705,0.9997
18511681-0615094,6494.0,66.0,4.18,0.17,0.04,0.05,3.13,0.13,NGC6705,0.9906
18511980-0617373,6518.0,67.0,4.18,0.17,0.14,0.05,2.36,0.24,NGC6705,0.9999
18512127-0612152,6332.0,65.0,4.05,0.18,0.09,0.06,3.02,0.08,NGC6705,0.9999
18505944-0612435,4702.0,30.0,2.38,0.05,0.04,0.05,1.21,0.05,NGC6705,0.9999
18510093-0614564,4645.0,31.0,2.22,0.05,-0.01,0.05,0.52,0.05,NGC6705,0.9978
18510341-0616202,4683.0,31.0,2.27,0.05,0.02,0.05,1.32,0.05,NGC6705,0.9999
18510833-0616532,4641.0,31.0,2.27,0.05,0.12,0.05,0.98,0.05,NGC6705,0.9995
18511048-0615470,4625.0,31.0,2.25,0.05,0.07,0.05,1.26,0.05,NGC6705,0.9999
18510358-0616112,4739.0,31.0,2.41,0.05,0.14,0.05,1.32,0.05,NGC6705,0.9998
18505284+1020021,6563.0,66.0,3.84,0.17,-0.17,0.06,2.78,0.06,NGC6709,0.9951
18513000+1012442,7410.5,750.0,3.23,0.45,0.08,0.2,3.3,0.49,NGC6709,0.9996
18513180+1018498,4435.0,34.0,1.71,0.05,-0.07,0.04,0.99,0.06,NGC6709,0.9971
18511083+1025441,6222.0,66.0,4.04,0.17,-0.13,0.05,3.21,0.06,NGC6709,0.9996
18511505+1020236,6355.0,64.0,3.91,0.17,-0.09,0.06,3.08,0.05,NGC6709,0.9995
18511567+1014286,6628.0,66.0,4.02,0.17,0.01,0.05,3.32,0.05,NGC6709,0.9986
18512220+1023034,6304.0,67.0,4.01,0.18,-0.14,0.06,3.25,0.05,NGC6709,0.9997
18514091+1017112,6363.0,63.0,4.12,0.17,-0.04,0.05,3.12,0.05,NGC6709,0.989
18514176+1016272,6354.0,65.0,3.93,0.17,-0.12,0.05,3.2,0.05,NGC6709,0.9995
18514825+1016453,6488.0,64.0,4.25,0.18,0.0,0.06,3.06,0.06,NGC6709,0.9949
18505497+1021092,5757.0,65.0,4.36,0.17,-0.13,0.05,2.93,0.07,NGC6709,0.9986
18505793+1017370,5438.0,65.0,4.29,0.17,-0.02,0.05,2.66,0.08,NGC6709,0.9997
18510633+1020036,5313.0,63.0,4.24,0.18,-0.05,0.06,2.6,0.07,NGC6709,0.9997
18510672+1018038,5719.0,65.0,4.35,0.17,-0.07,0.05,2.81,0.07,NGC6709,0.9997
18511549+1019425,5898.0,67.0,4.28,0.18,-0.12,0.05,2.98,0.06,NGC6709,0.9985
18511603+1023593,5491.0,64.0,4.43,0.17,-0.09,0.05,2.72,0.07,NGC6709,0.9989
18511793+1016298,6169.0,66.0,3.93,0.17,-0.26,0.06,2.79,0.06,NGC6709,0.9988
18512169+1018474,5386.0,64.0,4.34,0.18,-0.01,0.05,2.62,0.07,NGC6709,0.9994
18512281+1014580,5929.0,62.0,4.26,0.17,-0.13,0.05,3.08,0.06,NGC6709,0.9995
18512486+1021010,5486.0,68.0,4.1,0.18,-0.18,0.05,2.99,0.08,NGC6709,0.961
18513127+1011312,6641.0,67.0,4.14,0.17,0.07,0.05,2.66,0.07,NGC6709,0.9974
18513678+1017535,5216.0,65.0,4.42,0.18,-0.11,0.05,2.17,0.08,NGC6709,0.9976
18510638+1021539,5601.0,59.0,4.41,0.1,-0.03,0.12,3.17,0.07,NGC6709,0.9991
18510831+1019141,5743.0,34.0,4.41,0.05,-0.02,0.04,2.82,0.04,NGC6709,0.9974
18512032+1021529,5443.0,66.0,4.04,0.18,-0.12,0.05,2.66,0.08,NGC6709,0.9995
18512265+1015217,4670.0,65.0,4.47,0.17,0.08,0.05,0.98,0.2,NGC6709,0.9993
18513175+1018134,4451.0,77.0,4.44,0.18,-0.12,0.1,1.27,0.14,NGC6709,0.9683
18513239+1012537,5358.0,66.0,4.22,0.17,-0.03,0.05,2.38,0.08,NGC6709,0.9995
18513572+1013304,4931.0,75.0,4.39,0.18,-0.14,0.09,3.2,0.13,NGC6709,0.9992
18513685+1017582,5923.0,65.0,4.32,0.18,-0.17,0.06,3.13,0.07,NGC6709,0.9996
18505966+1010091,5876.0,65.0,4.33,0.17,-0.19,0.05,3.11,0.06,NGC6709,0.9995
18510607+1024032,5015.0,74.0,4.68,0.18,-0.15,0.09,2.56,0.12,NGC6709,0.9942
18511575+1019329,4966.0,66.0,4.54,0.18,-0.02,0.05,1.96,0.09,NGC6709,0.9995
18511886+1013478,5293.0,64.0,4.37,0.18,-0.07,0.05,2.92,0.08,NGC6709,0.9996
18512236+1018107,4200.0,98.0,4.16,0.26,-0.11,0.15,0.12,0.49,NGC6709,0.9956
18512435+1017482,4860.0,65.0,4.6,0.17,0.03,0.05,1.92,0.09,NGC6709,0.9994
18512456+1014266,6115.0,64.0,4.04,0.17,-0.22,0.05,3.15,0.06,NGC6709,0.9976
18510082+1015409,5040.0,75.0,4.19,0.18,-0.12,0.1,3.05,0.18,NGC6709,0.9953
18512656+1012597,5670.0,65.0,3.97,0.17,-0.21,0.05,1.94,,NGC6709,0.9994
18512785+1020163,5756.0,66.0,4.12,0.17,-0.12,0.05,2.91,0.07,NGC6709,0.999
18505085+1023146,5082.0,64.0,4.02,0.17,-0.05,0.05,2.11,0.12,NGC6709,0.9955
18505224+1022150,4366.0,76.0,4.17,0.18,-0.08,0.1,0.66,0.21,NGC6709,0.9977
18510054+1019279,4558.0,74.0,4.71,0.18,-0.06,0.1,1.7,0.11,NGC6709,0.9985
18512562+1025401,5803.0,65.0,4.17,0.18,-0.06,0.05,2.97,0.06,NGC6709,0.9996
18513562+1025154,5094.0,65.0,4.36,0.18,0.01,0.05,2.28,0.09,NGC6709,0.9986
18513853+1019264,5652.0,66.0,4.48,0.18,-0.07,0.06,3.01,0.08,NGC6709,0.9995
18514085+1022213,4412.0,82.0,3.75,0.22,0.26,0.08,0.96,0.2,NGC6709,0.9991
19304849+2018587,6378.0,65.0,4.19,0.17,-0.06,0.06,2.46,,NGC6802,0.9992
19304862+2016316,6291.0,70.0,3.45,0.21,-0.18,0.06,2.6,,NGC6802,0.9938
19305047+2014362,6146.0,71.0,3.98,0.21,-0.1,0.06,2.8,0.1,NGC6802,0.9678
19303058+2013163,4997.0,33.0,2.73,0.05,0.18,0.04,1.13,0.06,NGC6802,0.9982
19303085+2016274,4920.0,33.0,2.59,0.05,0.12,0.04,0.74,0.07,NGC6802,0.9989
19303274+2014498,4892.0,33.0,2.59,0.05,0.05,0.04,0.79,0.06,NGC6802,0.9994
19303773+2016196,4961.0,33.0,2.85,0.05,0.09,0.04,1.46,0.05,NGC6802,0.9984
19303943+2015237,4865.0,33.0,2.65,0.05,0.15,0.04,0.98,0.05,NGC6802,0.9994
19303415+2017082,6582.0,106.0,4.33,0.34,0.46,0.03,3.31,0.21,NGC6802,0.9961
19303184+2014459,4981.0,33.0,2.81,0.05,0.17,0.04,1.34,0.06,NGC6802,0.9998
19303309+2015442,4705.0,33.0,2.5,0.05,0.14,0.04,0.55,0.07,NGC6802,0.9997
19303611+2016329,4890.0,34.0,2.62,0.05,0.14,0.04,0.83,0.05,NGC6802,0.9997
19303884+2014005,4989.0,32.0,2.81,0.05,0.16,0.04,1.01,0.05,NGC6802,0.9996
19304170+2015224,5074.0,33.0,2.89,0.05,0.16,0.04,1.33,0.04,NGC6802,0.9994
19304152+2012503,6970.0,66.0,4.33,0.18,0.16,0.06,3.05,0.14,NGC6802,0.9989
19304209+2015581,6846.0,73.0,3.91,0.21,0.13,0.05,3.03,0.09,NGC6802,0.9992
19302019+2016175,6383.0,64.0,4.41,0.17,0.27,0.05,2.36,,NGC6802,0.9989
19302237+2013203,6065.0,66.0,4.51,0.18,-0.14,0.05,2.8,0.13,NGC6802,0.9982
19302283+2013079,6891.0,109.0,4.19,0.24,-0.05,0.09,2.98,0.12,NGC6802,0.9997
19302531+2018425,5768.0,63.0,4.34,0.17,-0.23,0.06,2.7,0.11,NGC6802,0.9989
19302662+2018112,6097.0,81.0,4.45,0.22,-0.23,0.07,2.8,0.13,NGC6802,0.9993
19302781+2014295,6244.0,69.0,4.36,0.21,0.11,0.05,3.15,0.09,NGC6802,0.9869
19303118+2018297,6404.0,66.0,4.12,0.17,-0.05,0.05,2.36,0.24,NGC6802,0.9995
19303161+2015557,6594.0,66.0,3.88,0.17,0.0,0.05,2.26,,NGC6802,0.9996
19303217+2014363,6148.0,65.0,4.17,0.17,-0.14,0.06,2.77,0.11,NGC6802,0.9977
19303260+2018533,6790.0,72.0,4.25,0.21,0.23,0.05,3.01,0.14,NGC6802,0.9996
19303306+2019494,6625.0,82.0,4.24,0.21,0.26,0.08,3.17,0.13,NGC6802,0.9933
19303324+2012072,6565.0,65.0,4.34,0.18,0.1,0.05,2.61,0.16,NGC6802,0.9563
19303379+2016311,6919.0,65.0,4.13,0.17,-0.21,0.06,3.34,0.11,NGC6802,0.9996
19303409+2019228,6576.0,66.0,4.47,0.17,0.03,0.05,2.42,,NGC6802,0.9996
19303655+2011575,6712.0,65.0,4.47,0.17,0.0,0.05,2.52,,NGC6802,0.989
19303801+2015401,6828.0,65.0,4.36,0.18,0.14,0.05,3.14,0.08,NGC6802,0.9995
19303882+2016556,6477.0,66.0,4.21,0.18,-0.02,0.05,2.56,0.14,NGC6802,0.9964
19303884+2018153,6652.0,65.0,4.28,0.18,0.08,0.05,2.25,,NGC6802,0.9987
19303999+2013253,6786.0,67.0,4.1,0.18,0.03,0.05,2.3,,NGC6802,0.9944
19304135+2018523,6320.0,65.0,4.25,0.17,0.05,0.06,2.63,0.16,NGC6802,0.9995
19304207+2019498,6341.0,66.0,4.26,0.18,0.02,0.05,3.0,0.13,NGC6802,0.9964
19304370+2013100,6914.0,79.0,4.25,0.19,0.01,0.09,3.2,0.08,NGC6802,0.9531
09343686-4803335,5183.0,32.0,3.1,0.05,-0.08,0.05,1.13,0.06,Pismis15,0.9878
09343945-4801433,5054.0,34.0,3.07,0.05,0.08,0.04,1.03,0.04,Pismis15,0.9996
09344559-4802536,4616.0,33.0,2.48,0.05,-0.02,0.04,1.1,0.05,Pismis15,0.9996
09345191-4800467,5047.0,33.0,2.96,0.05,0.07,0.04,-1.0,,Pismis15,0.9997
09342354-4806138,5607.0,63.0,4.42,0.17,-0.19,0.05,2.45,0.12,Pismis15,0.9979
09342630-4802400,6244.0,102.0,4.68,0.32,0.03,0.09,3.15,0.12,Pismis15,0.999
09343319-4801141,6341.0,64.0,4.21,0.17,-0.12,0.05,2.78,0.1,Pismis15,0.9993
09343599-4752433,6169.0,65.0,4.47,0.18,0.08,0.05,2.62,0.13,Pismis15,0.9984
09343988-4804369,6102.0,94.0,4.95,0.25,-0.76,0.16,3.29,0.13,Pismis15,0.9983
09344165-4803062,6019.0,65.0,4.44,0.17,-0.41,0.05,2.62,0.09,Pismis15,0.9986
09344201-4800176,6048.0,67.0,4.39,0.18,-0.14,0.05,2.8,0.08,Pismis15,0.9982
09344286-4802556,5139.0,68.0,4.28,0.21,-0.72,0.05,1.63,0.17,Pismis15,0.998
09344467-4801219,6366.0,64.0,4.1,0.17,-0.24,0.06,2.74,0.12,Pismis15,0.9994
09344492-4809193,6110.0,65.0,4.34,0.17,0.0,0.05,2.69,0.09,Pismis15,0.9996
09345422-4805491,5600.0,64.0,4.35,0.18,-0.23,0.05,2.08,0.19,Pismis15,0.9992
09350576-4802202,6099.0,81.0,4.21,0.21,0.19,0.08,3.14,0.15,Pismis15,0.9984
09341931-4803025,5054.0,33.0,2.94,0.04,0.05,0.04,0.03,,Pismis15,0.9997
09335809-4805400,6034.0,64.0,4.34,0.18,-0.01,0.05,2.84,0.08,Pismis15,0.9988
09340599-4803106,5609.0,65.0,4.03,0.18,-0.21,0.05,2.5,0.11,Pismis15,0.9935
09341546-4800593,5857.0,64.0,4.23,0.17,-0.4,0.05,2.69,0.08,Pismis15,0.9942
09342230-4808350,6223.0,65.0,4.27,0.18,0.1,0.05,2.89,0.08,Pismis15,0.9975
09343106-4803390,5588.0,64.0,4.25,0.17,-0.14,0.05,2.17,0.13,Pismis15,0.9987
09343373-4801363,6403.0,64.0,4.21,0.17,-0.06,0.05,2.47,0.12,Pismis15,0.9963
09343449-4759292,5719.0,64.0,4.39,0.18,-0.08,0.05,1.73,,Pismis15,0.9978
09343953-4802305,5673.0,65.0,4.65,0.17,-0.26,0.05,2.51,0.12,Pismis15,0.9859
09343974-4803361,6556.0,65.0,3.99,0.18,-0.02,0.06,2.31,0.19,Pismis15,0.9959
09344405-4804238,6112.0,63.0,4.16,0.17,0.03,0.05,2.77,0.09,Pismis15,0.9995
09344860-4803533,6257.0,65.0,4.18,0.18,-0.05,0.06,3.07,0.06,Pismis15,0.9996
09345195-4804189,6547.0,65.0,4.04,0.18,-0.1,0.05,2.51,0.15,Pismis15,0.9959
09345356-4809328,5376.0,69.0,4.5,0.21,-0.14,0.05,1.47,0.4,Pismis15,0.9987
09345506-4804302,6325.0,66.0,4.21,0.18,0.01,0.06,2.71,0.08,Pismis15,0.9994
09350889-4756462,5722.0,65.0,3.9,0.17,-0.22,0.05,2.09,0.19,Pismis15,0.9981
13364430-6205471,6846.0,71.0,4.52,0.21,-0.11,0.06,3.16,0.08,Pismis18,0.9783
13370391-6206005,6330.0,66.0,4.09,0.17,0.06,0.05,2.47,0.15,Pismis18,0.9994
13370214-6206095,4877.0,31.0,2.67,0.05,0.21,0.05,-0.1,0.24,Pismis18,0.9993
13365219-6205531,5322.0,64.0,4.03,0.17,-0.09,0.05,2.31,0.17,Pismis18,0.9884
13365304-6204298,6910.0,77.0,4.16,0.17,-0.06,0.09,2.53,,Pismis18,0.9992
13371182-6206030,4791.0,31.0,2.59,0.05,0.14,0.05,0.23,0.09,Pismis18,0.9992
13365597-6205130,4795.0,31.0,2.54,0.05,0.13,0.05,0.04,,Pismis18,0.9996
13364831-6206517,4965.0,31.0,2.69,0.05,0.16,0.05,0.63,0.08,Pismis18,0.9994
13365882-6205197,5026.0,31.0,2.83,0.05,0.1,0.05,1.45,0.03,Pismis18,0.9996
13370523-6206433,4844.0,31.0,2.6,0.05,0.13,0.05,1.03,0.04,Pismis18,0.9973
13365279-6207090,6389.0,66.0,4.19,0.18,0.12,0.05,2.57,0.15,Pismis18,0.9852
17523947-2932158,6869.0,79.0,4.16,0.18,0.01,0.1,3.0,0.11,Rup134,0.9944
17524112-2932326,6786.0,66.0,3.82,0.17,0.04,0.05,2.71,0.1,Rup134,0.9868
17524301-2931520,6590.0,65.0,3.92,0.17,0.23,0.05,3.11,0.05,Rup134,0.9887
17524319-2931308,6352.0,64.0,3.58,0.17,0.2,0.06,3.49,0.06,Rup134,0.9998
17524413-2934145,6520.0,66.0,4.07,0.18,0.09,0.05,2.13,,Rup134,0.9817
17524414-2934279,6807.0,66.0,4.08,0.18,0.06,0.05,3.2,0.1,Rup134,0.9998
17524477-2935536,6819.0,64.0,4.19,0.18,0.11,0.05,3.3,0.06,Rup134,0.9999
17524597-2937389,6618.0,66.0,4.05,0.17,0.24,0.05,2.38,,Rup134,0.9997
17524659-2933195,6640.0,77.0,4.07,0.18,0.06,0.09,3.43,0.07,Rup134,0.9951
17524821-2931236,6487.0,66.0,4.1,0.18,0.16,0.05,2.18,0.23,Rup134,0.9932
17524991-2929269,6395.0,65.0,4.19,0.17,0.23,0.06,2.72,0.12,Rup134,0.9996
17525688-2932582,6796.0,65.0,4.03,0.18,0.01,0.06,3.28,0.09,Rup134,0.9985
17523883-2932586,4706.0,31.0,2.66,0.05,0.27,0.05,0.69,0.07,Rup134,0.9998
17524150-2931565,4748.0,30.0,2.76,0.05,0.27,0.05,0.98,0.06,Rup134,0.9976
17524180-2933493,4745.0,31.0,2.83,0.05,0.29,0.05,0.92,0.06,Rup134,0.9812
17524742-2931471,5266.0,32.0,3.59,0.05,0.01,0.05,1.57,0.05,Rup134,0.9793
17525298-2931582,4728.0,31.0,2.65,0.05,0.3,0.05,0.4,0.09,Rup134,0.9999
17523118-2934246,6249.0,65.0,4.23,0.17,0.15,0.05,2.96,0.08,Rup134,0.9965
17523213-2932242,6708.0,66.0,4.25,0.17,0.19,0.05,2.4,0.29,Rup134,0.9998
17524062-2931514,6636.0,65.0,4.25,0.17,0.2,0.05,2.52,0.14,Rup134,0.9801
17524205-2933433,6752.0,68.0,4.2,0.17,0.07,0.05,2.86,0.09,Rup134,0.9987
17524257-2928150,6297.0,74.0,3.89,0.18,0.16,0.1,3.29,0.07,Rup134,0.9998
17524495-2937471,6656.0,63.0,4.11,0.17,0.19,0.05,2.3,0.37,Rup134,0.9993
17524594-2935333,6706.0,78.0,3.99,0.18,0.04,0.09,3.25,0.08,Rup134,0.9868
17524624-2935457,6516.0,67.0,4.24,0.17,0.13,0.05,2.03,,Rup134,0.9994
17524660-2930228,6525.0,65.0,3.8,0.18,0.1,0.05,3.73,0.06,Rup134,0.9995
17524705-2929234,6462.0,65.0,3.89,0.17,0.11,0.05,2.24,,Rup134,0.9988
17524710-2935129,6658.0,65.0,4.4,0.17,0.17,0.06,2.74,0.2,Rup134,0.9996
17525018-2934381,6666.0,78.0,4.14,0.18,0.12,0.1,2.06,,Rup134,0.9996
17525034-2929051,6616.0,66.0,4.08,0.17,0.16,0.05,3.33,0.06,Rup134,0.9995
17525132-2932259,6458.0,66.0,4.07,0.17,0.04,0.05,2.37,0.17,Rup134,0.9612
17525329-2926591,6799.0,67.0,4.06,0.17,0.19,0.05,3.32,0.06,Rup134,0.9952
17525404-2933213,6826.0,66.0,4.19,0.17,-0.11,0.05,3.54,0.1,Rup134,0.9996
17525464-2938168,6936.0,67.0,3.96,0.17,0.09,0.05,3.2,0.07,Rup134,0.9998
17525752-2927078,6825.0,65.0,4.19,0.18,0.15,0.05,2.94,0.1,Rup134,0.9999
17531466-2931058,6396.0,64.0,4.31,0.17,0.1,0.05,2.14,,Rup134,0.9923
17523419-2932291,4781.0,30.0,2.8,0.05,0.27,0.05,1.19,0.04,Rup134,0.9999
17523763-2931527,4723.0,31.0,2.65,0.05,0.28,0.05,0.54,0.09,Rup134,0.9999
17524206-2931490,4783.0,31.0,2.88,0.05,0.19,0.05,1.32,0.04,Rup134,0.9998
17524920-2936248,4652.0,32.0,2.67,0.05,0.21,0.05,1.46,0.05,Rup134,0.9998
17525618-2933162,4764.0,32.0,2.73,0.05,0.26,0.05,0.68,0.06,Rup134,0.9998
17522812-2935298,6415.0,65.0,3.85,0.17,0.16,0.05,2.87,0.22,Rup134,0.9912
17522857-2935451,6110.0,64.0,4.38,0.18,0.26,0.06,3.02,0.08,Rup134,0.9909
17524514-2932118,6086.0,65.0,4.44,0.17,0.29,0.06,3.1,0.07,Rup134,0.9807
17524740-2931558,6428.0,65.0,4.24,0.17,0.26,0.06,2.52,0.19,Rup134,0.9996
17524821-2931164,6426.0,66.0,4.12,0.17,0.14,0.05,2.79,0.11,Rup134,0.9966
17524826-2929394,6795.0,65.0,4.24,0.18,0.22,0.05,3.55,0.06,Rup134,0.9999
17525371-2928010,4592.0,93.0,4.78,0.26,0.26,0.13,1.0,0.26,Rup134,0.9995
17523401-2932444,4692.0,31.0,2.67,0.05,0.31,0.05,0.58,0.08,Rup134,0.9999
17523876-2929501,4783.0,31.0,2.76,0.05,0.33,0.05,0.35,0.11,Rup134,0.9992
17523522-2931006,6449.0,65.0,3.93,0.18,0.08,0.05,3.26,0.12,Rup134,0.999
17523681-2932140,6346.0,66.0,4.28,0.18,0.14,0.05,1.95,,Rup134,0.968
17524159-2935491,6430.0,64.0,4.09,0.17,0.26,0.05,2.75,0.11,Rup134,0.9998
17524250-2931417,6509.0,64.0,4.26,0.18,0.18,0.06,2.32,0.26,Rup134,0.9998
17525654-2936015,5520.0,76.0,4.2,0.19,0.19,0.09,2.28,0.13,Rup134,0.9707
17523054-2930564,4775.0,30.0,2.75,0.05,0.27,0.05,0.94,0.05,Rup134,0.9998
17523237-2936332,4730.0,31.0,2.65,0.05,0.24,0.05,0.86,0.06,Rup134,0.9995
17524677-2930020,4685.0,41.0,2.64,0.06,0.31,0.05,0.65,0.08,Rup134,0.9999
17524758-2937061,4787.0,30.0,2.74,0.05,0.32,0.05,0.56,0.08,Rup134,0.9998
17522747-2935422,6210.0,64.0,4.34,0.17,0.29,0.05,2.77,0.1,Rup134,0.9997
17523247-2933116,6803.0,78.0,4.14,0.18,0.05,0.09,3.47,0.06,Rup134,0.9995
17523336-2933123,6746.0,65.0,4.08,0.17,0.26,0.06,3.42,0.05,Rup134,0.9999
17523717-2933037,5832.0,64.0,4.7,0.17,0.4,0.05,2.41,0.14,Rup134,0.9996
17524794-2934107,6739.0,65.0,3.93,0.17,0.16,0.05,3.21,0.08,Rup134,0.988
17525782-2928315,5948.0,66.0,4.14,0.18,0.33,0.05,2.92,0.11,Rup134,0.991
17530020-2932570,6619.0,66.0,3.95,0.17,0.06,0.06,3.14,0.06,Rup134,0.999
17530202-2933463,6675.0,66.0,4.16,0.17,0.2,0.05,2.88,0.07,Rup134,0.9994
17530556-2936190,6879.0,66.0,4.02,0.17,0.11,0.05,3.49,0.06,Rup134,0.9998
17530509-2934389,4711.0,31.0,2.7,0.05,0.3,0.05,0.62,0.07,Rup134,0.9999
17521322-2936320,4703.0,64.0,2.62,0.16,0.11,0.05,1.39,0.1,Rup134,0.9998
17521619-2928068,4610.0,65.0,2.48,0.17,0.08,0.05,0.66,0.1,Rup134,0.9999
17523112-2934016,4700.0,30.0,2.56,0.05,0.24,0.05,0.06,,Rup134,0.9552
17524531-2933465,4734.0,33.0,2.76,0.05,0.26,0.04,0.58,0.1,Rup134,0.9999
10435350-5932012,4662.0,81.0,2.8,0.44,-0.08,0.1,3.58,0.19,Trumpler14,0.9856
10441080-5940135,4192.58,117.7,3.71,0.33,-0.16,0.17,3.48,0.21,Trumpler14,0.9804
10434581-5929497,5851.0,82.0,4.08,0.22,-0.07,0.09,3.53,0.1,Trumpler14,0.9909
10440180-5930080,4614.0,93.0,3.31,0.41,-0.01,0.09,3.6,0.21,Trumpler14,0.9755
10444160-5938417,4494.24,185.77,1.9,0.68,-0.86,0.22,3.5,0.38,Trumpler14,0.9714
10444976-5942081,5379.0,82.0,4.6,0.23,0.07,0.08,4.06,0.17,Trumpler14,0.9509
10445212-5945154,4560.0,95.0,3.95,0.72,-0.32,0.18,3.88,0.37,Trumpler14,0.9906
10445684-5946446,5009.0,84.0,2.99,0.23,0.01,0.06,1.14,,Trumpler14,0.9857
10450960-5940433,5216.0,82.0,3.39,0.29,-0.19,0.09,3.48,0.13,Trumpler14,0.9907
10451108-5944572,5270.0,83.0,4.07,0.24,0.06,0.08,3.93,0.14,Trumpler14,0.9899
10452140-5939285,4551.03,152.0,2.4,0.47,0.01,0.11,3.23,0.45,Trumpler14,0.9788
10434389-5935564,5532.0,94.0,3.57,0.5,-0.05,0.13,4.28,0.18,Trumpler14,0.9756
10434610-5934384,4591.0,95.0,4.21,0.53,-0.25,0.16,3.2,0.23,Trumpler14,0.9875
10435187-5935503,5165.0,94.0,4.01,0.44,0.07,0.1,3.81,0.17,Trumpler14,0.9688
10435620-5935326,5686.0,94.0,3.26,0.38,0.22,0.1,3.49,0.18,Trumpler14,0.9876
10441650-5935440,4314.64,128.72,3.51,0.38,0.25,0.12,3.02,0.18,Trumpler14,0.9863
10441921-5931510,4224.68,103.41,3.12,0.25,0.31,0.09,3.74,0.12,Trumpler14,0.9819
10442582-5933541,5074.0,94.0,2.9,0.4,0.13,0.09,4.07,0.18,Trumpler14,0.9798
10452127-5935464,5259.0,94.0,4.92,0.56,-0.14,0.13,3.74,0.17,Trumpler14,0.9849
10442540-5943549,4714.0,96.0,4.28,0.61,-0.23,0.14,3.74,0.3,Trumpler14,0.9862
10450780-5940264,3984.58,89.28,3.09,0.21,-0.04,0.13,3.81,0.23,Trumpler14,0.9804
10433677-5936482,4643.0,83.0,4.63,0.24,-0.04,0.08,1.9,0.13,Trumpler14,0.9884
10440091-5933513,4322.5,99.12,4.69,0.1,-0.02,0.07,3.14,0.11,Trumpler14,0.9854
10441795-5943570,4665.0,97.0,3.82,0.54,-0.04,0.12,4.04,0.3,Trumpler14,0.9797
10445306-5944483,6941.0,99.0,3.99,0.34,0.32,0.15,3.14,0.15,Trumpler14,0.9752
10451304-5933369,5829.0,96.0,5.02,0.58,-0.03,0.16,4.64,0.26,Trumpler14,0.9818
10444969-5945033,4985.0,95.0,3.09,0.57,0.02,0.13,3.64,0.25,Trumpler14,0.9814
10451284-5945040,5927.0,82.0,4.33,0.2,-0.03,0.09,3.39,0.11,Trumpler14,0.9716
10442470-5945551,5982.0,85.0,4.23,0.18,0.11,0.08,3.79,0.11,Trumpler14,0.9855
10443560-5943390,4718.0,82.0,2.69,0.11,-0.04,0.06,0.46,0.17,Trumpler14,0.9504
10451490-5944416,4478.17,153.07,3.37,0.42,0.32,0.11,3.22,0.22,Trumpler14,0.9838
10452849-5942469,4545.77,149.21,2.86,0.47,0.43,0.1,3.6,0.27,Trumpler14,0.9903
10454892-5938076,6327.0,95.0,3.67,0.42,0.15,0.15,2.25,,Trumpler14,0.9663
10434013-5933561,4945.0,95.0,3.25,0.58,-0.08,0.14,3.34,0.2,Trumpler14,0.9863
10434698-5933182,4986.0,80.0,2.89,0.25,-0.04,0.07,3.41,0.15,Trumpler14,0.9842
10434757-5933405,4522.94,157.47,4.23,0.51,-0.3,0.18,3.16,0.3,Trumpler14,0.9712
10441031-5930011,4713.0,95.0,2.54,0.47,-0.18,0.11,3.78,0.2,Trumpler14,0.9597
10441951-5943519,4723.0,96.0,3.32,0.54,-0.08,0.12,3.79,0.2,Trumpler14,0.9715
10434190-5933530,5094.0,93.0,2.87,0.43,0.16,0.1,3.86,0.18,Trumpler14,0.9847
10434878-5932357,4662.0,81.0,2.67,0.24,0.15,0.09,3.38,0.16,Trumpler14,0.9821
10442014-5943396,5068.0,96.0,3.19,0.47,-0.21,0.12,4.53,0.21,Trumpler14,0.9735
10445507-5948244,5919.0,93.0,3.33,0.47,0.11,0.14,3.71,0.19,Trumpler14,0.9922
10433196-5933564,5629.0,92.0,3.29,0.54,-0.1,0.15,2.59,0.15,Trumpler14,0.9657
12391248-6035506,6737.0,67.0,3.85,0.17,0.06,0.05,2.61,0.08,Trumpler20,0.9993
12400515-6038487,6700.0,64.0,3.99,0.17,0.06,0.05,3.38,0.05,Trumpler20,0.9996
12392657-6035049,6104.9,500.0,3.46,0.45,-0.3,0.2,2.18,0.41,Trumpler20,0.9945
12394776-6040044,6463.0,68.0,3.86,0.17,0.12,0.05,3.38,0.07,Trumpler20,0.9992
12395491-6036424,6895.0,67.0,4.17,0.18,0.04,0.05,3.16,0.06,Trumpler20,0.9579
12395340-6039474,6500.0,500.0,3.27,0.45,-0.25,0.2,3.01,0.36,Trumpler20,0.9995
12392645-6038072,6748.0,63.0,4.04,0.17,0.06,0.05,3.13,0.07,Trumpler20,0.9994
12393887-6034141,6254.0,65.0,3.92,0.18,-0.24,0.06,1.73,,Trumpler20,0.9924
12395279-6037015,6728.0,66.0,3.95,0.17,0.08,0.05,3.36,0.07,Trumpler20,0.9997
12393424-6036164,6857.0,66.0,4.1,0.17,0.02,0.05,3.35,0.06,Trumpler20,0.9994
12395051-6037541,6766.0,67.0,4.1,0.17,0.09,0.05,3.45,0.06,Trumpler20,0.9995
12391344-6045559,6037.0,66.0,4.28,0.18,0.13,0.06,2.25,0.3,Trumpler20,0.998
12394345-6029273,5796.0,83.0,4.43,0.22,0.17,0.08,1.91,,Trumpler20,0.9819
12395017-6027518,5902.0,101.0,4.8,0.32,0.28,0.09,2.3,,Trumpler20,0.987
12400843-6038566,5584.0,65.0,3.91,0.18,-0.23,0.06,1.83,0.18,Trumpler20,0.9983
12401409-6040509,5756.0,65.0,4.29,0.18,-0.07,0.06,2.48,0.11,Trumpler20,0.9962
12401747-6044074,6928.0,83.0,3.99,0.22,0.23,0.08,3.16,0.22,Trumpler20,0.9966
12401759-6034564,5553.0,70.0,4.29,0.2,0.08,0.05,2.11,0.19,Trumpler20,0.9971
12402442-6043250,6239.0,84.0,4.65,0.22,0.26,0.08,3.04,0.17,Trumpler20,0.9911
12394715-6040584,4554.0,32.0,2.39,0.05,0.07,0.04,0.07,0.06,Trumpler20,0.9998
12400259-6039545,4437.0,34.0,2.21,0.05,0.05,0.04,-0.58,0.15,Trumpler20,0.9998
12400449-6036566,4371.0,34.0,2.01,0.05,0.04,0.04,1.2,0.06,Trumpler20,0.9997
12402478-6043103,4563.0,33.0,2.43,0.05,0.05,0.04,-0.23,,Trumpler20,0.9998
12384675-6038103,6048.0,65.0,4.49,0.18,0.0,0.05,2.81,0.11,Trumpler20,0.9981
12391356-6035259,6140.0,64.0,4.24,0.17,0.1,0.05,2.8,0.08,Trumpler20,0.9993
12391893-6035203,6163.0,64.0,4.46,0.17,0.32,0.05,2.68,0.13,Trumpler20,0.9977
12392346-6039543,5429.0,76.0,4.07,0.18,0.05,0.09,1.66,0.18,Trumpler20,0.9987
12392402-6041379,5995.0,67.0,4.58,0.17,0.22,0.05,2.58,0.11,Trumpler20,0.9983
12392647-6043019,6429.0,65.0,4.15,0.18,0.26,0.05,3.04,0.09,Trumpler20,0.9986
12392860-6038054,5739.0,63.0,4.05,0.17,-0.02,0.06,2.43,0.09,Trumpler20,0.9994
12393512-6036217,5691.0,64.0,4.34,0.17,-0.33,0.05,2.42,0.09,Trumpler20,0.9989
12393819-6043009,5270.0,64.0,4.24,0.17,0.15,0.06,1.53,0.29,Trumpler20,0.9992
12393903-6038514,6127.0,64.0,4.03,0.17,-0.1,0.06,2.79,0.08,Trumpler20,0.9904
12394168-6039176,6069.0,66.0,4.51,0.18,0.15,0.06,2.85,0.09,Trumpler20,0.9994
12394601-6038476,5648.0,76.0,4.03,0.18,0.04,0.09,2.32,0.14,Trumpler20,0.999
12394615-6036058,5871.0,65.0,4.55,0.17,0.09,0.05,2.73,0.12,Trumpler20,0.9986
12394945-6033567,5079.0,65.0,3.59,0.18,-0.08,0.06,1.15,0.4,Trumpler20,0.9976
12395315-6037078,5742.0,65.0,3.95,0.17,-0.28,0.06,2.53,0.09,Trumpler20,0.9739
12400016-6040123,5769.0,61.0,4.67,0.18,0.06,0.05,2.21,0.16,Trumpler20,0.9783
12400068-6036501,5433.0,66.0,4.22,0.17,-0.03,0.05,2.27,0.13,Trumpler20,0.9945
12401194-6034051,5847.0,65.0,4.53,0.17,0.06,0.05,2.44,0.13,Trumpler20,0.9984
12401318-6037507,5810.0,65.0,4.54,0.17,0.0,0.05,2.35,0.12,Trumpler20,0.9995
12401439-6041562,5858.0,65.0,4.67,0.17,0.01,0.05,2.69,0.1,Trumpler20,0.9965
12392636-6040217,4828.0,33.0,2.74,0.05,0.13,0.04,0.62,0.07,Trumpler20,0.9997
12393740-6032568,4960.0,33.0,2.89,0.05,0.21,0.04,0.7,0.1,Trumpler20,0.9995
12394049-6041006,4817.0,32.0,2.68,0.05,0.16,0.04,0.25,,Trumpler20,0.989
12394385-6033165,4879.0,34.0,2.77,0.05,0.11,0.04,-0.24,,Trumpler20,0.9995
12402227-6037419,4844.0,34.0,2.72,0.05,0.14,0.04,0.25,,Trumpler20,0.9994
12400377-6041319,5437.0,79.0,4.73,0.22,-0.08,0.08,2.1,0.18,Trumpler20,0.9966
12390409-6034001,4456.0,34.0,2.28,0.05,0.09,0.04,-0.06,,Trumpler20,0.9997
12391113-6036528,4833.0,33.0,2.8,0.05,0.14,0.04,0.04,,Trumpler20,0.9988
12395554-6037268,4779.0,33.0,2.66,0.05,0.15,0.04,-0.12,0.19,Trumpler20,0.9994
12391158-6040270,6175.0,65.0,4.34,0.18,0.17,0.05,2.67,0.09,Trumpler20,0.9915
12391337-6041382,6275.0,65.0,4.27,0.17,0.16,0.05,3.24,0.07,Trumpler20,0.9976
12392282-6039194,6098.0,64.0,4.35,0.17,0.03,0.05,2.97,0.08,Trumpler20,0.9994
12392371-6034274,6018.0,63.0,4.52,0.17,-0.05,0.05,2.7,0.1,Trumpler20,0.9947
12392480-6038245,5444.0,65.0,4.69,0.17,0.07,0.06,1.63,0.22,Trumpler20,0.999
12392786-6031196,5936.0,76.0,3.98,0.18,0.2,0.09,2.62,0.12,Trumpler20,0.9991
12393097-6042167,6162.0,67.0,4.19,0.17,-0.03,0.05,2.78,0.09,Trumpler20,0.9963
12393849-6039127,6043.0,64.0,4.18,0.17,0.1,0.05,2.88,0.08,Trumpler20,0.9975
12394422-6035497,5710.0,64.0,3.83,0.18,0.24,0.05,2.13,0.2,Trumpler20,0.9972
12394647-6035378,5913.0,64.0,4.18,0.18,-0.04,0.05,2.67,0.08,Trumpler20,0.9989
12394886-6040557,6045.0,66.0,4.24,0.17,0.02,0.06,2.6,0.1,Trumpler20,0.9992
12395050-6042265,6253.0,66.0,4.05,0.17,0.02,0.05,2.81,0.11,Trumpler20,0.9913
12395161-6037146,5998.0,67.0,4.59,0.17,-0.04,0.06,3.0,0.09,Trumpler20,0.9989
12395165-6040534,6278.0,63.0,4.26,0.17,0.01,0.05,2.97,0.09,Trumpler20,0.998
12395506-6034375,5774.0,64.0,3.82,0.17,-0.06,0.06,2.46,0.15,Trumpler20,0.994
12400047-6041437,6054.0,64.0,4.4,0.17,0.11,0.05,2.98,0.07,Trumpler20,0.9951
12401772-6038451,6004.0,64.0,4.43,0.18,-0.03,0.05,2.86,0.09,Trumpler20,0.9983
12401834-6035587,5882.0,64.0,4.12,0.17,-0.06,0.05,2.63,0.09,Trumpler20,0.9957
12391200-6036322,4870.0,33.0,2.79,0.05,0.2,0.04,0.49,0.09,Trumpler20,0.9998
12394514-6038258,4828.0,34.0,2.8,0.05,0.19,0.04,0.18,,Trumpler20,0.9997
12400109-6031395,4741.0,34.0,2.72,0.05,0.17,0.04,0.64,0.06,Trumpler20,0.9998
12394854-6038050,6002.0,64.0,4.17,0.17,-0.03,0.05,2.83,0.11,Trumpler20,0.9968
12390709-6038056,4916.0,33.0,2.96,0.04,0.15,0.04,0.45,,Trumpler20,0.9996
12394307-6039193,4771.0,33.0,2.7,0.05,0.13,0.04,0.12,,Trumpler20,0.9997
12393781-6039051,4819.0,34.0,2.72,0.05,0.09,0.04,-0.57,,Trumpler20,0.9994
12394475-6038339,4726.0,32.0,2.65,0.05,0.12,0.04,-1.0,,Trumpler20,0.9994
12385550-6035009,6101.0,65.0,4.13,0.18,-0.1,0.06,2.78,0.09,Trumpler20,0.9976
12391978-6035065,5714.0,63.0,3.98,0.17,-0.18,0.05,2.13,0.11,Trumpler20,0.9992
12392386-6032508,6184.0,66.0,4.37,0.17,-0.09,0.06,2.71,0.08,Trumpler20,0.9914
12392434-6037476,6234.0,64.0,4.07,0.18,-0.14,0.06,2.55,0.12,Trumpler20,0.9976
12392553-6035470,6230.0,67.0,4.13,0.17,0.09,0.06,2.79,0.1,Trumpler20,0.9991
12393256-6034398,5831.0,66.0,4.15,0.18,-0.24,0.05,1.9,0.14,Trumpler20,0.9979
12393589-6038214,4966.0,64.0,2.7,0.17,0.16,0.05,1.07,,Trumpler20,0.9859
12393675-6041449,5794.0,64.0,4.28,0.17,0.01,0.05,2.3,0.14,Trumpler20,0.9976
12394526-6041409,6425.0,63.0,4.07,0.18,0.13,0.06,2.85,0.1,Trumpler20,0.983
12395215-6035301,5889.0,64.0,4.37,0.17,-0.03,0.06,2.21,0.18,Trumpler20,0.9983
12395342-6039545,6465.0,65.0,4.17,0.17,0.11,0.05,2.28,0.18,Trumpler20,0.9994
12400187-6037190,6304.0,66.0,4.18,0.17,0.13,0.05,2.03,0.3,Trumpler20,0.9576
12400752-6034473,6022.0,63.0,4.34,0.17,-0.05,0.06,2.83,0.08,Trumpler20,0.9993
12401020-6038241,6208.0,66.0,4.04,0.18,-0.19,0.05,2.73,0.12,Trumpler20,0.9963
12391942-6036514,6711.0,67.0,3.96,0.17,0.09,0.06,3.19,0.06,Trumpler20,0.9998
12393927-6036278,6076.0,65.0,4.36,0.18,0.17,0.05,3.15,0.07,Trumpler20,0.9982
12394057-6036027,5088.0,65.0,3.44,0.17,-0.29,0.06,1.19,0.3,Trumpler20,0.9973
12394352-6036458,5489.0,64.0,4.01,0.18,0.03,0.05,1.9,0.19,Trumpler20,0.9917
12394852-6037478,6239.0,64.0,4.39,0.18,-0.02,0.05,2.87,0.07,Trumpler20,0.9939
12395191-6041089,6721.0,66.0,3.88,0.17,0.05,0.06,2.77,0.11,Trumpler20,0.997
12392698-6036053,4689.0,33.0,2.57,0.05,0.11,0.04,0.77,0.06,Trumpler20,0.9998
12394596-6038389,4817.0,33.0,2.68,0.05,0.11,0.04,-0.67,,Trumpler20,0.9997
16010433-5332336,4686.0,33.0,2.56,0.05,0.22,0.04,0.83,0.06,Trumpler23,1.0
16010639-5331056,4725.0,33.0,2.63,0.05,0.15,0.04,1.13,0.07,Trumpler23,1.0
16003935-5332367,4725.0,33.0,2.63,0.05,0.18,0.04,0.86,0.06,Trumpler23,1.0
16004312-5330509,4815.0,33.0,2.85,0.05,0.24,0.04,1.43,0.04,Trumpler23,1.0
16005168-5332013,4784.0,33.0,2.6,0.05,0.21,0.04,0.72,0.05,Trumpler23,1.0
16010025-5333101,4805.0,33.0,2.72,0.05,0.2,0.04,1.35,0.05,Trumpler23,1.0
16010770-5329374,4753.0,32.0,2.63,0.05,0.22,0.04,1.36,0.05,Trumpler23,1.0
16004350-5331482,6689.0,66.0,3.66,0.17,-0.04,0.05,2.5,,Trumpler23,0.9999
16004357-5328513,6851.0,68.0,3.89,0.18,0.03,0.06,2.81,0.07,Trumpler23,0.9989
16004569-5332567,6810.0,71.0,4.24,0.2,0.08,0.06,2.87,0.13,Trumpler23,0.9999
16004889-5331273,7107.0,750.0,2.48,1.2,-0.25,0.2,2.08,,Trumpler23,1.0
16005241-5331345,6617.0,65.0,4.15,0.17,0.16,0.05,2.09,,Trumpler23,0.9999
16005675-5335029,6469.0,67.0,4.11,0.17,0.17,0.05,2.24,,Trumpler23,0.9999
16005827-5330323,6840.0,67.0,4.14,0.18,0.14,0.06,3.08,0.07,Trumpler23,1.0
16005947-5330396,6310.0,66.0,4.17,0.17,0.12,0.05,1.97,,Trumpler23,0.9918
16010323-5330273,6571.0,66.0,3.99,0.18,0.23,0.06,2.41,0.21,Trumpler23,1.0
16010497-5333409,7250.0,750.0,3.02,0.7,0.25,0.2,3.11,0.58,Trumpler23,0.9999
16010533-5333195,6396.0,64.0,4.14,0.17,0.15,0.05,2.58,0.08,Trumpler23,1.0
16010723-5333561,7000.0,500.0,2.75,1.2,0.25,0.2,2.75,,Trumpler23,1.0
16005798-5331476,4767.0,32.0,2.7,0.05,0.23,0.04,-0.12,,Trumpler23,0.9981
06360559+0929354,5681.0,64.0,3.64,0.18,-0.51,0.05,2.4,0.11,Trumpler5,0.9987
06360656+0935017,6537.0,83.0,4.11,0.22,-0.21,0.07,2.5,,Trumpler5,0.9945
06360665+0933293,5948.0,80.0,3.81,0.21,-0.29,0.08,2.96,0.16,Trumpler5,0.9891
06360781+0927396,6350.0,80.0,4.87,0.22,-0.35,0.08,2.72,0.21,Trumpler5,0.999
06360821+0928247,5628.0,106.0,3.14,0.34,-0.49,0.09,2.55,0.17,Trumpler5,0.9907
06360862+0932063,6510.0,64.0,4.08,0.17,-0.48,0.05,2.13,,Trumpler5,0.9997
06360867+0930259,6251.0,84.0,4.2,0.22,-0.46,0.08,1.9,,Trumpler5,0.9987
06360955+0926531,6371.0,65.0,4.02,0.17,-0.46,0.05,2.59,0.17,Trumpler5,0.9993
06361104+0926387,6231.0,64.0,3.56,0.17,-0.51,0.05,2.35,0.15,Trumpler5,0.9997
06361160+0922370,6368.0,80.0,3.52,0.22,-0.37,0.08,2.45,,Trumpler5,0.9992
06361198+0924330,6348.0,71.0,4.32,0.21,-0.35,0.05,2.67,0.18,Trumpler5,0.9983
06361300+0928347,6579.0,83.0,4.01,0.22,-0.44,0.08,3.16,0.2,Trumpler5,0.9989
06361327+0922465,6919.0,66.0,3.85,0.18,-0.32,0.05,2.62,0.26,Trumpler5,0.9998
06361621+0934332,5463.0,82.0,3.0,0.22,-0.47,0.08,2.03,0.21,Trumpler5,0.9993
06361646+0932383,6557.0,66.0,3.86,0.17,-0.52,0.06,2.55,,Trumpler5,0.9996
06361837+0921325,6409.0,65.0,4.24,0.18,-0.26,0.05,2.52,0.19,Trumpler5,0.9996
06361901+0925326,6530.0,65.0,4.18,0.17,-0.31,0.05,2.19,,Trumpler5,0.9992
06361935+0933239,6277.0,64.0,3.99,0.18,-0.38,0.05,1.98,0.27,Trumpler5,0.9994
06361957+0934297,6349.0,105.0,3.41,0.34,-0.42,0.09,3.0,0.13,Trumpler5,0.9985
06361976+0921316,6255.0,83.0,4.09,0.22,-0.39,0.08,2.43,,Trumpler5,0.9995
06362075+0930551,6541.0,64.0,4.17,0.17,-0.37,0.05,2.1,,Trumpler5,0.9873
06362306+0929095,5935.0,64.0,3.98,0.17,-0.41,0.06,2.88,0.07,Trumpler5,0.9998
06362323+0932294,6431.0,83.0,3.73,0.22,-0.68,0.08,3.0,0.14,Trumpler5,0.9942
06362419+0929377,6377.0,65.0,4.09,0.17,-0.42,0.05,2.45,0.14,Trumpler5,0.9993
06362492+0924545,6207.0,96.0,3.56,0.26,-0.64,0.15,2.37,0.27,Trumpler5,0.9961
06362520+0931294,5940.0,80.0,4.27,0.22,-0.62,0.08,2.51,0.11,Trumpler5,0.9994
06362565+0928354,6672.0,84.0,4.06,0.21,-0.29,0.08,2.23,,Trumpler5,0.9961
06362719+0928046,6776.0,83.0,4.19,0.22,-0.23,0.08,2.47,,Trumpler5,0.9981
06362751+0928302,6581.0,65.0,3.98,0.18,-0.32,0.06,2.46,,Trumpler5,0.9997
06362832+0932180,6314.0,83.0,4.14,0.22,-0.63,0.08,2.77,0.11,Trumpler5,0.9998
06362884+0928240,6302.0,67.0,4.14,0.17,-0.48,0.05,2.44,0.12,Trumpler5,0.9997
06362914+0929539,6408.0,84.0,4.58,0.22,-0.38,0.08,2.78,0.15,Trumpler5,0.9998
06363004+0933162,5940.0,81.0,4.28,0.22,-0.82,0.08,2.43,0.15,Trumpler5,0.9994
06363084+0932196,6148.0,86.0,3.48,0.21,-0.51,0.08,2.89,0.16,Trumpler5,0.9916
06363204+0927106,6411.0,70.0,4.2,0.21,-0.44,0.05,2.32,,Trumpler5,0.9997
06363208+0928042,6707.0,84.0,4.08,0.21,-0.08,0.08,3.0,0.23,Trumpler5,0.9937
06363259+0930167,6355.0,65.0,3.84,0.17,-0.33,0.06,2.2,0.17,Trumpler5,0.9998
06363552+0933589,6689.0,67.0,4.04,0.17,-0.25,0.05,2.73,0.14,Trumpler5,0.9996
06363588+0926478,6524.0,65.0,3.92,0.18,-0.38,0.06,2.89,0.11,Trumpler5,0.9997
06363639+0930406,6313.0,65.0,3.78,0.17,-0.68,0.06,2.11,,Trumpler5,0.9983
06363651+0931166,6961.0,68.0,3.81,0.17,-0.22,0.05,2.16,,Trumpler5,0.9918
06363685+0932130,6492.0,80.0,4.17,0.22,-0.51,0.08,2.92,0.17,Trumpler5,0.9997
06363803+0927046,6558.0,82.0,4.09,0.22,-0.3,0.08,2.38,,Trumpler5,0.9989
06363961+0928186,6463.0,85.0,4.2,0.21,0.38,0.06,2.57,,Trumpler5,0.9973
06364138+0928414,6535.0,82.0,4.59,0.22,-0.62,0.08,2.93,0.21,Trumpler5,0.9997
06360830+0923326,6606.0,84.0,4.29,0.22,-0.49,0.08,3.06,0.16,Trumpler5,0.9996
06360951+0930376,5789.0,85.0,3.59,0.22,-0.86,0.08,1.9,,Trumpler5,0.9877
06361143+0923201,6196.0,82.0,4.16,0.22,-0.59,0.08,3.1,0.14,Trumpler5,0.9995
06361230+0927441,6369.0,66.0,4.18,0.17,-0.49,0.05,2.33,0.21,Trumpler5,0.9992
06361246+0923269,5943.0,81.0,3.86,0.22,-0.57,0.08,2.44,0.2,Trumpler5,0.9987
06361276+0934597,6421.0,65.0,4.01,0.18,-0.65,0.06,2.51,0.11,Trumpler5,0.9997
06361351+0923171,6439.0,65.0,3.97,0.17,-0.22,0.05,2.73,0.11,Trumpler5,0.9992
06361636+0924069,5629.0,64.0,4.07,0.17,-0.43,0.05,1.58,0.14,Trumpler5,0.9999
06361652+0927280,6779.0,109.0,4.38,0.33,-0.06,0.09,3.18,0.16,Trumpler5,0.999
06361756+0925549,6125.0,66.0,3.97,0.17,-0.75,0.06,2.17,0.22,Trumpler5,0.9983
06361797+0929089,6516.0,64.0,4.16,0.18,-0.54,0.05,2.29,0.2,Trumpler5,0.9997
06361799+0927395,6816.0,83.0,4.47,0.22,-0.14,0.08,3.27,0.17,Trumpler5,0.9942
06361816+0931583,6234.0,64.0,4.26,0.17,-0.58,0.05,2.48,0.12,Trumpler5,0.9982
06361859+0924042,6371.0,107.0,3.84,0.34,-0.56,0.1,2.82,0.23,Trumpler5,0.9987
06361884+0928389,6400.0,67.0,4.15,0.18,-0.9,0.05,2.44,0.13,Trumpler5,0.9972
06361930+0927180,6530.0,67.0,4.4,0.18,-0.58,0.06,3.0,0.07,Trumpler5,0.9995
06361945+0928324,5926.0,64.0,3.87,0.17,-0.38,0.05,2.39,0.09,Trumpler5,0.9998
06361963+0925024,6667.0,83.0,3.78,0.22,-0.47,0.08,2.94,0.13,Trumpler5,0.9963
06362047+0926566,6408.0,64.0,4.17,0.17,-0.57,0.05,2.52,0.18,Trumpler5,0.9989
06362053+0925152,6088.0,66.0,3.67,0.17,-0.56,0.05,1.87,0.24,Trumpler5,0.9936
06362119+0931077,6214.0,65.0,3.97,0.17,-0.75,0.06,1.89,,Trumpler5,0.9997
06362130+0922396,6307.0,85.0,3.78,0.22,-0.44,0.08,2.4,,Trumpler5,0.9989
06362145+0928087,6517.0,64.0,4.15,0.18,-0.41,0.06,2.04,,Trumpler5,0.9953
06362169+0924169,6095.0,83.0,3.61,0.22,-0.35,0.08,2.74,0.17,Trumpler5,0.9994
06362180+0930342,6056.0,62.0,4.31,0.17,-0.7,0.05,2.66,0.09,Trumpler5,0.9993
06362192+0929512,5980.0,71.0,4.35,0.2,-0.79,0.05,2.62,0.17,Trumpler5,0.9995
06362240+0922063,6525.0,80.0,4.08,0.22,-0.46,0.07,2.7,,Trumpler5,0.9996
06362247+0925310,6263.0,64.0,4.37,0.18,-0.55,0.05,2.42,0.14,Trumpler5,0.9997
06362263+0930122,6197.0,81.0,3.26,0.22,-0.33,0.08,2.76,0.15,Trumpler5,0.9989
06362378+0930509,6306.0,66.0,3.8,0.18,-0.56,0.05,2.13,,Trumpler5,0.9733
06362415+0925368,6528.0,84.0,4.5,0.22,-0.3,0.08,2.84,0.2,Trumpler5,0.9995
06362536+0926180,6431.0,82.0,4.57,0.22,-0.5,0.07,2.21,,Trumpler5,0.9994
06362551+0922180,6656.0,83.0,3.67,0.22,-0.55,0.08,2.78,0.21,Trumpler5,0.9996
06362557+0929549,6116.0,63.0,3.66,0.18,-0.64,0.05,2.86,0.06,Trumpler5,0.9997
06362559+0921595,6426.0,66.0,4.09,0.18,-0.27,0.05,2.82,0.15,Trumpler5,0.9993
06362758+0931144,5839.0,63.0,3.92,0.17,-0.63,0.05,2.56,0.12,Trumpler5,0.9988
06362760+0926130,6379.0,65.0,4.12,0.18,-0.5,0.06,2.21,,Trumpler5,0.9995
06362770+0926532,6214.0,64.0,4.08,0.18,-0.54,0.05,2.72,0.08,Trumpler5,0.9998
06362776+0931477,5134.0,62.0,3.88,0.17,-0.46,0.05,1.18,0.12,Trumpler5,0.9998
06362917+0930579,5784.0,80.0,2.99,0.21,-0.84,0.08,2.49,0.13,Trumpler5,0.9997
06362922+0927208,6335.0,65.0,4.3,0.17,-0.46,0.06,2.38,0.15,Trumpler5,0.9998
06362937+0925295,6381.0,80.0,3.58,0.22,-0.14,0.08,2.63,,Trumpler5,0.9961
06362948+0927058,6579.0,82.0,4.26,0.22,-0.45,0.08,2.72,0.18,Trumpler5,0.9997
06363034+0926154,6216.0,66.0,4.13,0.18,-0.63,0.06,2.08,0.25,Trumpler5,0.9986
06363090+0929402,6566.0,83.0,3.68,0.22,-0.47,0.07,2.73,0.16,Trumpler5,0.957
06363137+0929125,6380.0,83.0,4.78,0.22,-0.09,0.08,3.03,0.17,Trumpler5,0.9992
06363257+0930356,5972.0,82.0,4.43,0.22,-0.43,0.07,2.37,0.27,Trumpler5,0.9995
06363340+0925282,6521.0,65.0,4.14,0.17,-0.48,0.05,2.74,0.16,Trumpler5,0.9997
06363452+0924519,6208.0,64.0,4.45,0.17,-0.39,0.05,2.12,0.27,Trumpler5,0.9915
06363462+0927037,6068.0,67.0,3.97,0.17,-0.45,0.06,2.47,0.08,Trumpler5,0.9995
06363498+0928362,6582.0,65.0,4.21,0.17,-0.2,0.05,2.08,,Trumpler5,0.9997
06363501+0926077,6082.0,66.0,4.08,0.18,-0.45,0.05,2.52,0.16,Trumpler5,0.9859
06363540+0925561,6319.0,65.0,4.38,0.18,-0.67,0.05,2.38,0.21,Trumpler5,0.9955
06363582+0929375,6211.0,64.0,3.92,0.18,-0.56,0.05,3.05,0.06,Trumpler5,0.9992
06363641+0929573,6442.0,67.0,3.82,0.17,-0.58,0.06,2.52,0.13,Trumpler5,0.9994
06363716+0923371,6611.0,103.0,4.26,0.33,0.15,0.1,3.11,0.18,Trumpler5,0.9986
06363729+0930414,6376.0,65.0,4.17,0.18,-0.52,0.05,2.53,0.2,Trumpler5,0.9997
06363731+0924202,6739.0,84.0,4.21,0.22,-0.33,0.08,3.07,0.15,Trumpler5,0.9987
06363737+0922207,6233.0,65.0,3.77,0.17,-0.7,0.05,2.75,0.1,Trumpler5,0.9997
06363797+0930583,6583.0,82.0,4.1,0.21,0.1,0.08,3.15,0.17,Trumpler5,0.9983
06363812+0930178,6205.0,64.0,3.52,0.18,-0.45,0.05,2.87,0.14,Trumpler5,0.9985
06363865+0923169,6145.0,64.0,4.24,0.17,-0.48,0.05,2.21,0.13,Trumpler5,0.9968
06364062+0932214,6460.0,83.0,3.86,0.21,-0.53,0.08,2.61,0.2,Trumpler5,0.9992
06364123+0922030,6235.0,83.0,3.85,0.21,-0.55,0.08,2.34,0.19,Trumpler5,0.9984
06364124+0923328,6221.0,79.0,3.66,0.22,-0.49,0.08,2.16,,Trumpler5,0.9995
06364175+0923497,6478.0,81.0,3.9,0.22,-0.3,0.08,3.01,0.14,Trumpler5,0.9994
06364202+0927014,6434.0,64.0,4.25,0.18,-0.4,0.05,2.37,0.2,Trumpler5,0.9964
06364227+0928346,6823.0,83.0,3.86,0.22,-0.25,0.07,2.84,0.21,Trumpler5,0.977
06364292+0926218,6040.0,66.0,4.27,0.17,-0.42,0.06,2.41,0.22,Trumpler5,0.9993
06364312+0930023,6429.0,65.0,3.97,0.17,-0.45,0.06,2.87,0.14,Trumpler5,0.9997
06364332+0922569,6037.0,82.0,3.4,0.21,-0.46,0.08,2.51,0.15,Trumpler5,0.9983
06364408+0928390,6225.0,63.0,4.02,0.17,-0.48,0.06,1.94,0.2,Trumpler5,0.9995
06364547+0926550,5115.0,98.0,2.59,0.26,-0.86,0.15,1.42,,Trumpler5,0.958
06364725+0924286,6767.0,84.0,4.61,0.22,-0.24,0.08,3.35,0.16,Trumpler5,0.9991
06364758+0922541,6510.0,65.0,4.22,0.17,-0.44,0.05,2.69,0.16,Trumpler5,0.9995
06364797+0931031,6248.0,65.0,3.96,0.17,-0.63,0.05,2.46,0.16,Trumpler5,0.9995
06364805+0927134,6550.0,83.0,4.38,0.21,-0.66,0.08,2.49,,Trumpler5,0.9997
06365008+0927325,6704.0,83.0,4.66,0.22,-0.46,0.08,2.82,0.15,Trumpler5,0.9987
06365282+0929444,6857.0,85.0,4.15,0.22,-0.32,0.07,2.91,,Trumpler5,0.9993
06365467+0928330,6659.0,83.0,3.73,0.22,-0.06,0.08,3.35,0.14,Trumpler5,0.9995
06365488+0929364,6156.0,97.0,4.44,0.26,-1.14,0.16,3.23,0.16,Trumpler5,0.9984
06360137+0927586,6331.0,66.0,3.97,0.17,-0.73,0.05,2.36,,Trumpler5,0.9991
06360897+0924317,6037.0,74.0,4.34,0.18,-1.47,0.09,1.93,,Trumpler5,0.9984
06360933+0922568,5552.0,93.0,3.2,0.26,-1.81,0.16,2.02,0.2,Trumpler5,0.9962
06361130+0928094,6112.0,65.0,3.87,0.17,-0.95,0.05,2.69,0.07,Trumpler5,0.9998
06361727+0927359,6207.0,66.0,3.94,0.17,-0.36,0.05,3.0,0.07,Trumpler5,0.9997
06361784+0922523,5862.0,64.0,3.77,0.17,-0.57,0.05,2.56,0.08,Trumpler5,0.9998
06361961+0927111,6288.0,65.0,3.98,0.18,-0.67,0.05,2.94,0.11,Trumpler5,0.9995
06362060+0927301,6671.0,82.0,3.57,0.22,-0.67,0.08,2.53,0.22,Trumpler5,0.9997
06362087+0927165,6347.0,81.0,4.14,0.22,-0.36,0.08,2.74,0.22,Trumpler5,0.9984
06362195+0932362,5885.0,63.0,3.72,0.18,-0.56,0.05,2.58,0.07,Trumpler5,0.9977
06362198+0931349,6002.0,65.0,4.16,0.18,-0.52,0.05,2.61,0.08,Trumpler5,0.9997
06362341+0929199,6055.0,65.0,3.9,0.17,-0.54,0.05,2.36,0.12,Trumpler5,0.9998
06362416+0930425,6369.0,83.0,4.7,0.22,-0.6,0.07,2.69,0.18,Trumpler5,0.9998
06362440+0927046,6430.0,65.0,4.36,0.18,-0.55,0.05,2.81,0.13,Trumpler5,0.9997
06362459+0933559,6187.0,83.0,3.7,0.22,-0.63,0.08,1.89,,Trumpler5,0.9998
06362475+0929534,6450.0,66.0,3.98,0.18,-0.4,0.05,2.65,0.11,Trumpler5,0.9996
06362507+0930169,6299.0,84.0,4.29,0.22,-0.66,0.08,2.67,0.16,Trumpler5,0.9969
06362598+0927443,6246.0,83.0,4.4,0.22,-0.46,0.08,2.55,0.15,Trumpler5,0.9998
06362604+0925256,6309.0,81.0,3.94,0.22,-0.54,0.08,2.72,0.17,Trumpler5,0.999
06362613+0929522,6345.0,66.0,4.14,0.18,-0.88,0.05,2.92,0.08,Trumpler5,0.9998
06362636+0926181,6653.0,83.0,4.25,0.22,-0.34,0.08,2.85,0.17,Trumpler5,0.9991
06362639+0929315,6409.0,64.0,3.73,0.17,-0.4,0.05,2.64,0.14,Trumpler5,0.9993
06362657+0926424,6152.0,83.0,4.04,0.22,-0.41,0.08,2.18,,Trumpler5,0.9985
06362775+0928386,6410.0,65.0,4.09,0.17,-0.49,0.05,2.15,,Trumpler5,0.9986
06362816+0924242,6388.0,83.0,3.9,0.23,-0.38,0.08,2.42,,Trumpler5,0.9856
06362909+0933283,6144.0,65.0,3.69,0.18,-0.58,0.06,2.99,0.07,Trumpler5,0.9998
06362991+0924286,6630.0,85.0,4.12,0.22,-0.21,0.08,2.48,,Trumpler5,0.9992
06363006+0926422,6630.0,82.0,4.13,0.22,-0.11,0.08,3.05,0.15,Trumpler5,0.9992
06363193+0926455,6446.0,67.0,4.0,0.17,-0.18,0.05,2.15,,Trumpler5,0.9983
06363208+0930531,6274.0,81.0,4.44,0.22,-0.4,0.08,2.8,0.13,Trumpler5,0.9993
06363255+0925523,6464.0,65.0,4.07,0.17,-0.64,0.05,2.63,0.11,Trumpler5,0.9998
06363269+0926086,6047.0,65.0,4.21,0.18,-0.38,0.06,2.59,0.15,Trumpler5,0.9997
06363277+0922578,6378.0,84.0,4.23,0.21,-0.37,0.08,2.33,,Trumpler5,0.9997
06363298+0931222,6150.0,82.0,4.24,0.22,-0.26,0.08,2.88,0.15,Trumpler5,0.998
06363321+0928020,6460.0,70.0,4.15,0.2,-0.41,0.06,3.06,0.12,Trumpler5,0.9996
06363359+0928489,5907.0,83.0,3.69,0.22,-0.72,0.07,1.85,,Trumpler5,0.9993
06363377+0925239,6325.0,81.0,3.45,0.22,-0.59,0.08,3.0,0.2,Trumpler5,0.9992
06363433+0928002,6292.0,65.0,4.61,0.18,-0.64,0.05,2.66,0.14,Trumpler5,0.9998
06363476+0921222,6204.0,84.0,3.97,0.22,-0.71,0.08,2.61,0.17,Trumpler5,0.9991
06363548+0930425,6647.0,85.0,4.25,0.21,-0.11,0.08,2.79,0.2,Trumpler5,0.9996
06363605+0926302,6757.0,83.0,4.06,0.21,-0.54,0.08,2.61,,Trumpler5,0.9998
06363674+0931233,6319.0,82.0,4.56,0.22,-0.39,0.08,2.95,0.1,Trumpler5,0.9982
06363730+0928019,6314.0,82.0,4.38,0.22,-0.62,0.08,2.53,,Trumpler5,0.9985
06363735+0929575,6817.0,83.0,4.38,0.22,-0.58,0.08,2.3,,Trumpler5,0.9995
06363749+0933376,6476.0,81.0,2.74,0.22,-0.71,0.08,2.68,,Trumpler5,0.9994
06363802+0927014,6640.0,67.0,4.15,0.18,-0.25,0.05,2.63,0.18,Trumpler5,0.9986
06363826+0928425,6129.0,67.0,4.17,0.17,-0.44,0.05,2.21,0.15,Trumpler5,0.9998
06363837+0924359,6771.0,85.0,4.24,0.22,-0.32,0.08,3.09,0.15,Trumpler5,0.9983
06363926+0928582,6490.0,66.0,4.07,0.18,-0.28,0.06,2.46,0.15,Trumpler5,0.9997
06363968+0925202,6367.0,66.0,3.93,0.18,-0.55,0.06,2.54,0.15,Trumpler5,0.9998
06363989+0927223,6405.0,65.0,4.05,0.18,-0.57,0.06,2.5,0.12,Trumpler5,0.9984
06364155+0922301,6497.0,82.0,4.6,0.22,-0.67,0.07,2.15,,Trumpler5,0.9997
06364178+0923134,6525.0,83.0,4.23,0.22,-0.26,0.08,3.04,0.17,Trumpler5,0.9993
06364238+0927402,6307.0,65.0,4.05,0.17,-0.6,0.06,1.96,,Trumpler5,0.9986
06364265+0934049,6655.0,65.0,4.02,0.17,-0.29,0.05,2.49,,Trumpler5,0.9996
06364332+0933565,6582.0,65.0,4.04,0.17,-0.53,0.06,2.62,0.12,Trumpler5,0.9817
06364338+0923034,5960.0,76.0,4.38,0.18,-0.52,0.1,3.01,0.09,Trumpler5,0.9998
06364404+0924233,6100.0,82.0,4.38,0.22,-0.68,0.08,2.39,,Trumpler5,0.9918
06364420+0930142,6481.0,82.0,3.96,0.22,0.18,0.07,3.15,0.16,Trumpler5,0.9984
06364456+0923524,5959.0,84.0,4.03,0.22,-0.57,0.08,2.2,,Trumpler5,0.9993
06364590+0925268,5353.0,82.0,2.72,0.22,-1.2,0.08,1.94,0.21,Trumpler5,0.9986
06364644+0932319,6697.0,85.0,4.02,0.22,-0.15,0.08,2.81,0.19,Trumpler5,0.9993
06364650+0927289,5926.0,64.0,3.92,0.17,-0.62,0.05,2.53,0.11,Trumpler5,0.9998
06364700+0923411,6569.0,83.0,4.3,0.22,-0.29,0.08,2.69,0.19,Trumpler5,0.9997
06364791+0928443,6828.0,82.0,4.1,0.22,-0.36,0.08,2.8,0.16,Trumpler5,0.9998
06364792+0923352,6432.0,81.0,4.03,0.22,-0.43,0.08,2.9,0.14,Trumpler5,0.9994
06365057+0928151,6453.0,83.0,4.11,0.22,-0.33,0.08,2.61,0.21,Trumpler5,0.9996
06365198+0930583,5874.0,64.0,3.82,0.18,-0.49,0.05,2.58,0.16,Trumpler5,0.9986
06365298+0925034,6557.0,80.0,4.06,0.22,-0.54,0.07,2.41,,Trumpler5,0.9995
06365298+0930031,6756.0,83.0,4.22,0.22,-0.16,0.08,2.79,,Trumpler5,0.9997
06365424+0930014,6098.0,67.0,4.52,0.17,-0.29,0.05,2.85,0.11,Trumpler5,0.9993
06365524+0930096,5514.0,65.0,4.22,0.17,-0.45,0.05,1.82,0.11,Trumpler5,0.9998
06365623+0927250,6394.0,63.0,4.05,0.17,-0.65,0.05,2.52,0.17,Trumpler5,0.9998
06362376+0931022,4868.0,33.0,2.49,0.05,-0.38,0.04,-0.97,,Trumpler5,0.9999
06362385+0930285,5052.0,33.0,2.52,0.05,-0.37,0.04,0.08,,Trumpler5,0.9994
06362482+0927465,4809.0,33.0,2.64,0.05,-0.35,0.04,1.06,0.04,Trumpler5,0.9998
06362589+0930599,5020.0,32.0,2.46,0.05,-0.38,0.04,-0.06,,Trumpler5,0.9996
06362771+0926470,4948.0,33.0,2.6,0.05,-0.32,0.04,0.08,,Trumpler5,0.9999
06363708+0929406,4999.0,33.0,2.55,0.05,-0.34,0.04,0.05,,Trumpler5,0.9997
06354525+0926520,6207.0,66.0,3.88,0.17,-0.68,0.06,1.87,,Trumpler5,0.9995
06354963+0928501,5231.0,66.0,4.06,0.18,-0.51,0.05,1.37,0.13,Trumpler5,0.9997
06354989+0932373,6395.0,82.0,3.58,0.22,-0.81,0.08,2.46,0.14,Trumpler5,0.9995
06355812+0928472,6335.0,65.0,3.85,0.17,-0.51,0.06,2.51,0.12,Trumpler5,0.9996
06355840+0931545,6482.0,82.0,4.18,0.22,-0.81,0.08,2.07,,Trumpler5,0.9997
06360088+0933044,6354.0,72.0,3.95,0.21,-0.56,0.05,2.27,,Trumpler5,0.9997
06360414+0930468,6341.0,64.0,4.09,0.18,-0.74,0.05,2.48,0.12,Trumpler5,0.9998
06360431+0935137,6346.0,65.0,3.93,0.17,-0.6,0.06,2.46,0.12,Trumpler5,0.9995
06360445+0927290,6401.0,80.0,4.55,0.22,-0.61,0.08,2.55,0.16,Trumpler5,0.9987
06360474+0927151,6229.0,67.0,4.19,0.17,-0.67,0.05,2.13,,Trumpler5,0.9989
06360791+0929420,6302.0,67.0,4.09,0.18,-0.41,0.05,2.74,0.09,Trumpler5,0.9993
06360889+0922523,6160.0,64.0,4.43,0.17,-0.59,0.06,3.04,0.07,Trumpler5,0.9978
06360895+0928154,6136.0,64.0,4.1,0.17,-0.38,0.06,1.84,0.26,Trumpler5,0.9984
06360979+0933585,5733.0,64.0,4.02,0.18,-0.5,0.05,2.25,0.07,Trumpler5,0.9996
06361240+0935093,6286.0,63.0,3.94,0.18,-0.65,0.05,2.42,0.15,Trumpler5,0.9997
06361300+0920510,6524.0,66.0,3.99,0.17,-0.33,0.05,2.56,0.16,Trumpler5,0.9996
06361636+0930008,6680.0,66.0,4.31,0.17,-0.2,0.05,2.33,,Trumpler5,0.9985
06361842+0930214,5856.0,67.0,3.94,0.17,-0.47,0.05,2.69,0.07,Trumpler5,0.9971
06361894+0921297,6200.0,66.0,4.12,0.18,-0.38,0.05,2.09,,Trumpler5,0.9675
06361914+0932028,6281.0,66.0,4.28,0.17,-0.32,0.06,2.24,,Trumpler5,0.9902
06362042+0931352,6498.0,66.0,4.03,0.18,-0.52,0.05,2.33,0.24,Trumpler5,0.9937
06362077+0922483,6057.0,66.0,3.86,0.17,-0.39,0.05,2.04,0.15,Trumpler5,0.9998
06362207+0934564,6513.0,65.0,3.73,0.17,-0.23,0.05,2.27,0.3,Trumpler5,0.9993
06362213+0934193,6114.0,65.0,3.98,0.18,-0.37,0.05,2.62,0.07,Trumpler5,0.9997
06362248+0933553,6240.0,64.0,3.9,0.18,-0.7,0.05,2.96,0.08,Trumpler5,0.9999
06362443+0926526,6155.0,63.0,3.78,0.17,-0.64,0.06,2.85,0.06,Trumpler5,0.9857
06362506+0924177,6686.0,67.0,4.16,0.17,-0.15,0.06,2.69,0.14,Trumpler5,0.9956
06362823+0930275,5900.0,64.0,3.97,0.17,-0.54,0.05,2.45,0.08,Trumpler5,0.999
06362857+0929492,6224.0,65.0,4.1,0.18,-0.57,0.05,2.44,0.11,Trumpler5,0.9986
06362876+0927125,6256.0,64.0,3.76,0.17,-0.44,0.05,2.58,0.09,Trumpler5,0.9688
06362885+0927007,5774.0,63.0,4.03,0.17,-0.52,0.05,2.44,0.07,Trumpler5,0.9998
06362960+0931120,6239.0,65.0,3.99,0.16,-0.61,0.05,2.84,0.06,Trumpler5,0.9998
06363139+0936329,6507.0,65.0,4.26,0.17,-0.54,0.05,2.89,0.08,Trumpler5,0.9998
06363162+0930119,6364.0,66.0,4.02,0.17,-0.54,0.05,2.7,0.09,Trumpler5,0.9998
06363216+0933117,6220.0,64.0,4.17,0.18,-0.45,0.05,3.17,0.06,Trumpler5,0.9975
06363247+0929050,5927.0,64.0,4.11,0.17,-0.45,0.06,2.09,0.11,Trumpler5,0.9998
06363261+0933520,6413.0,65.0,4.05,0.17,-0.59,0.05,2.85,0.09,Trumpler5,0.9998
06363415+0927163,6662.0,66.0,4.16,0.17,-0.33,0.05,2.13,,Trumpler5,0.9998
06363435+0933176,6422.0,65.0,3.99,0.17,-0.35,0.05,2.82,0.08,Trumpler5,0.9995
06363449+0931257,6425.0,78.0,4.17,0.18,-0.55,0.1,3.03,0.08,Trumpler5,0.9954
06363556+0926589,6190.0,65.0,4.04,0.18,-0.39,0.06,1.91,0.25,Trumpler5,0.9996
06363602+0925385,6395.0,67.0,4.29,0.17,-0.54,0.05,2.32,0.17,Trumpler5,0.9939
06363632+0930061,6413.0,65.0,4.09,0.17,-0.52,0.05,2.28,,Trumpler5,0.9994
06363799+0925146,6433.0,65.0,4.22,0.17,-0.42,0.05,3.03,0.08,Trumpler5,0.9997
06363859+0931252,5942.0,65.0,3.94,0.18,-0.42,0.05,2.75,0.07,Trumpler5,0.9998
06363985+0916270,6358.0,64.0,3.74,0.17,-0.36,0.06,2.22,0.23,Trumpler5,0.9975
06364157+0936252,6368.0,65.0,4.02,0.17,-0.59,0.05,2.83,0.08,Trumpler5,0.9994
06364210+0927075,6412.0,65.0,3.98,0.17,-0.45,0.06,2.5,0.11,Trumpler5,0.9997
06364314+0930362,5658.0,65.0,3.85,0.17,-0.5,0.06,1.4,0.29,Trumpler5,0.9994
06364501+0930290,6365.0,66.0,4.27,0.18,-0.69,0.06,2.32,0.2,Trumpler5,0.9998
06364594+0931043,6389.0,66.0,4.06,0.18,-0.52,0.06,3.03,0.06,Trumpler5,0.9994
06364606+0930350,6219.0,67.0,3.92,0.18,-0.6,0.06,2.91,0.07,Trumpler5,0.9997
06364821+0925577,6238.0,65.0,4.13,0.17,-0.62,0.05,2.47,0.1,Trumpler5,0.9998
06365130+0931454,6277.0,65.0,4.2,0.17,-0.7,0.05,2.27,0.16,Trumpler5,0.9925
06365240+0932299,6310.0,67.0,3.98,0.17,-0.58,0.06,2.56,0.1,Trumpler5,0.9981
06365276+0925179,6403.0,64.0,4.08,0.17,-0.6,0.05,2.5,0.11,Trumpler5,0.9999
06365402+0924137,6167.0,68.0,4.09,0.18,-0.5,0.05,2.28,0.11,Trumpler5,0.9995
06365494+0930160,6288.0,65.0,3.93,0.17,-0.67,0.05,2.75,0.08,Trumpler5,0.9998
06365625+0927182,6270.0,63.0,4.09,0.18,-0.69,0.06,2.11,0.22,Trumpler5,0.999
06365763+0929372,6336.0,65.0,3.79,0.17,-0.66,0.05,3.0,0.07,Trumpler5,0.9998
06365802+0928046,6353.0,66.0,4.23,0.17,-0.53,0.05,2.32,,Trumpler5,0.9998
06365809+0931369,6304.0,64.0,4.26,0.18,-0.64,0.05,2.3,0.17,Trumpler5,0.9996
06370230+0928455,5142.0,64.0,3.91,0.18,-0.43,0.06,0.97,0.16,Trumpler5,0.9996
06354937+0929255,6456.0,65.0,4.22,0.17,-0.43,0.06,2.07,,Trumpler5,0.9997
06355509+0924007,6186.0,68.0,4.31,0.21,-0.68,0.05,2.4,0.18,Trumpler5,0.9995
06355624+0924205,6539.0,107.0,3.86,0.34,-0.27,0.1,2.93,0.16,Trumpler5,0.9954
06355934+0932443,6477.0,66.0,4.05,0.17,-0.7,0.05,2.41,,Trumpler5,0.9988
06360086+0926116,6233.0,69.0,3.88,0.21,-0.74,0.05,2.5,0.18,Trumpler5,0.9997
06360235+0923079,6491.0,84.0,3.86,0.23,-0.49,0.08,2.53,0.22,Trumpler5,0.9976
06360304+0935036,5891.0,81.0,3.46,0.22,-0.57,0.08,2.6,0.15,Trumpler5,0.9986
06360595+0929052,6504.0,65.0,4.13,0.18,-0.44,0.06,2.92,0.07,Trumpler5,0.9682
06360612+0932188,6645.0,83.0,4.17,0.22,-0.54,0.08,2.78,0.18,Trumpler5,0.9997
06360729+0930103,6347.0,65.0,4.03,0.18,-0.51,0.05,2.83,0.12,Trumpler5,0.9996
06360808+0926370,6017.0,63.0,4.03,0.18,-0.42,0.05,2.02,0.15,Trumpler5,0.9836
06360816+0936413,6264.0,80.0,4.51,0.22,-0.47,0.07,2.38,0.18,Trumpler5,0.9969
06360854+0930026,6451.0,72.0,4.46,0.21,-0.51,0.05,3.11,0.11,Trumpler5,0.9997
06360906+0929428,6392.0,66.0,4.54,0.17,-0.42,0.05,2.72,0.17,Trumpler5,0.9865
06360984+0926234,6069.0,67.0,3.75,0.17,-0.41,0.05,2.25,0.14,Trumpler5,0.9991
06361038+0928310,6814.0,105.0,4.43,0.33,-0.05,0.1,2.78,,Trumpler5,0.9955
06361096+0926552,6510.0,84.0,4.68,0.22,-0.25,0.08,2.47,,Trumpler5,0.999
06361101+0928578,6312.0,66.0,4.57,0.17,-0.6,0.05,2.27,,Trumpler5,0.9996
06361156+0936246,6291.0,70.0,4.13,0.21,-0.12,0.06,2.55,0.22,Trumpler5,0.9997
06361199+0921014,6920.0,67.0,4.02,0.17,-0.15,0.05,2.21,,Trumpler5,0.9937
06361272+0926477,6482.0,65.0,4.24,0.18,-0.51,0.06,2.43,,Trumpler5,0.9986
06361333+0927213,6716.0,88.0,4.41,0.22,-0.57,0.08,2.65,0.28,Trumpler5,0.9955
06361621+0933511,6061.0,83.0,3.57,0.21,-0.87,0.08,2.38,0.16,Trumpler5,0.9779
06361628+0932405,6354.0,67.0,4.27,0.18,-0.38,0.05,2.87,0.14,Trumpler5,0.9994
06361658+0934382,5900.0,82.0,4.4,0.22,-0.48,0.08,2.66,0.16,Trumpler5,0.9969
06361688+0937058,6417.0,65.0,4.08,0.18,-0.51,0.05,2.93,0.08,Trumpler5,0.9998
06361802+0934176,5876.0,63.0,3.88,0.17,-1.0,0.05,2.3,0.14,Trumpler5,0.9996
06361840+0925390,6496.0,67.0,4.12,0.18,-0.87,0.06,2.85,0.13,Trumpler5,0.9996
06361911+0930452,6183.0,81.0,4.0,0.22,-0.56,0.08,2.15,,Trumpler5,0.999
06361914+0929461,5890.0,65.0,4.02,0.17,-0.44,0.05,1.5,0.24,Trumpler5,0.9998
06362086+0928434,6307.0,66.0,4.02,0.18,-0.56,0.05,2.12,0.25,Trumpler5,0.9998
06362407+0930579,6456.0,65.0,4.22,0.17,-0.53,0.05,3.24,0.07,Trumpler5,0.9982
06362452+0929057,6335.0,67.0,4.45,0.17,-0.6,0.05,2.44,0.16,Trumpler5,0.9995
06362466+0932449,6235.0,64.0,4.14,0.17,-0.49,0.05,2.99,0.08,Trumpler5,0.9997
06362469+0925021,6249.0,63.0,4.12,0.17,-0.55,0.05,3.02,0.06,Trumpler5,0.9997
06362528+0928114,6895.0,105.0,4.21,0.34,-0.03,0.1,2.98,0.19,Trumpler5,0.9986
06362642+0928237,6426.0,68.0,4.21,0.17,-0.38,0.05,2.29,0.17,Trumpler5,0.978
06362817+0932263,6068.0,65.0,4.14,0.18,-0.62,0.05,1.89,,Trumpler5,0.9998
06362928+0931599,6262.0,103.0,3.92,0.34,-0.32,0.09,2.19,,Trumpler5,0.9996
06362965+0934309,6495.0,66.0,3.93,0.18,-0.44,0.05,2.53,0.14,Trumpler5,0.9996
06362979+0935340,6496.0,104.0,3.35,0.33,-0.19,0.1,3.4,0.16,Trumpler5,0.9993
06363097+0927469,6282.0,66.0,3.92,0.18,-0.72,0.05,2.27,0.18,Trumpler5,0.9998
06363333+0934184,6504.0,85.0,3.83,0.22,-0.39,0.08,2.89,0.12,Trumpler5,0.9913
06363350+0922080,6185.0,62.0,3.76,0.17,-0.52,0.06,2.66,0.14,Trumpler5,0.9988
06363449+0930526,6677.0,107.0,4.34,0.35,-0.2,0.1,3.0,0.18,Trumpler5,0.9994
06363483+0927195,6106.0,81.0,4.49,0.21,-0.31,0.08,2.61,0.17,Trumpler5,0.9991
06363537+0932521,6299.0,82.0,3.38,0.22,-0.44,0.08,2.6,,Trumpler5,0.9991
06363626+0927174,6517.0,83.0,4.09,0.21,-0.3,0.08,2.08,,Trumpler5,0.9996
06363815+0935313,6479.0,104.0,3.9,0.34,-0.21,0.09,2.77,0.19,Trumpler5,0.9984
06363889+0929416,6398.0,84.0,4.23,0.22,-0.38,0.08,2.45,0.28,Trumpler5,0.998
06364023+0931126,6655.0,64.0,4.14,0.17,-0.37,0.05,2.72,0.13,Trumpler5,0.9996
06364096+0933188,6567.0,82.0,4.11,0.22,-0.24,0.08,2.83,,Trumpler5,0.9955
06364155+0933118,6443.0,79.0,3.6,0.22,-0.42,0.08,2.55,0.2,Trumpler5,0.9848
06364162+0928507,6307.0,67.0,3.93,0.17,-0.47,0.05,2.61,0.13,Trumpler5,0.9979
06364165+0927435,6564.0,83.0,3.88,0.22,-0.33,0.08,2.82,0.16,Trumpler5,0.9938
06364180+0927220,6288.0,64.0,4.26,0.17,-0.5,0.05,2.55,0.13,Trumpler5,0.9999
06364209+0929280,6319.0,64.0,3.97,0.17,-0.56,0.05,2.34,0.19,Trumpler5,0.9995
06364369+0932366,6638.0,66.0,3.81,0.17,-0.31,0.05,2.68,,Trumpler5,0.9985
06364391+0930079,6317.0,102.0,4.52,0.33,-0.36,0.09,2.58,0.22,Trumpler5,0.9941
06364423+0928255,6468.0,81.0,4.21,0.21,-0.43,0.08,2.57,0.21,Trumpler5,0.9994
06364461+0929350,6316.0,66.0,4.26,0.17,-0.53,0.05,3.04,0.06,Trumpler5,0.9983
06364528+0923371,4795.0,64.0,2.89,0.18,-0.34,0.05,0.11,0.2,Trumpler5,0.9996
06364668+0932000,6761.0,82.0,4.32,0.22,-0.29,0.08,2.96,0.18,Trumpler5,0.9515
06364675+0933537,6653.0,107.0,4.09,0.34,-0.11,0.09,3.26,0.16,Trumpler5,0.9956
06364748+0934457,6786.0,105.0,3.95,0.34,-0.23,0.09,3.16,0.18,Trumpler5,0.9982
06365095+0921205,5505.0,64.0,3.83,0.17,-0.54,0.05,1.77,0.11,Trumpler5,0.9978
06365127+0927196,6345.0,67.0,4.19,0.17,-0.35,0.05,2.12,,Trumpler5,0.9997
06370152+0931560,4936.0,63.0,2.92,0.17,-0.46,0.05,0.39,0.18,Trumpler5,0.9998
06370462+0931093,4781.0,64.0,2.76,0.18,-0.37,0.06,0.58,0.1,Trumpler5,0.9999
06360151+0926432,6210.0,104.0,4.27,0.33,-0.23,0.1,2.98,0.2,Trumpler5,0.9968
06360383+0925434,6198.0,76.0,3.81,0.18,-0.43,0.1,2.15,0.28,Trumpler5,0.9994
06360507+0930339,5821.0,65.0,2.78,0.17,-0.86,0.05,2.35,0.23,Trumpler5,0.9729
06360622+0924596,6446.0,84.0,3.45,0.22,-0.53,0.08,2.65,,Trumpler5,0.9972
06360634+0928304,6193.0,83.0,3.89,0.22,-0.37,0.08,2.64,0.19,Trumpler5,0.9987
06360930+0926435,6350.0,67.0,4.06,0.17,-0.53,0.05,2.25,,Trumpler5,0.9998
06360990+0927059,5496.0,81.0,2.92,0.22,-1.05,0.08,2.13,0.17,Trumpler5,0.9985
06361182+0924081,6439.0,66.0,3.98,0.17,-0.45,0.06,2.65,0.12,Trumpler5,0.9996
06361885+0930583,6434.0,83.0,4.97,0.21,-0.15,0.08,3.05,0.16,Trumpler5,0.9925
06362155+0927401,6402.0,66.0,4.23,0.17,-0.6,0.05,2.24,,Trumpler5,0.9994
06362203+0925397,6627.0,67.0,4.03,0.18,-0.28,0.05,2.42,0.15,Trumpler5,0.9997
06362311+0923567,5469.0,82.0,4.14,0.22,-1.2,0.08,2.24,0.18,Trumpler5,0.9972
06362386+0928317,6192.0,65.0,4.38,0.18,-0.4,0.05,2.64,0.11,Trumpler5,0.9845
06362390+0931218,6292.0,82.0,2.88,0.22,-0.96,0.08,2.62,0.21,Trumpler5,0.9991
06362486+0931581,6793.0,102.0,4.52,0.33,-0.07,0.09,3.14,0.17,Trumpler5,0.9988
06362495+0933284,6489.0,81.0,3.76,0.22,-0.36,0.08,2.64,0.18,Trumpler5,0.9997
06362642+0933154,6526.0,85.0,4.36,0.22,-0.51,0.08,2.39,0.3,Trumpler5,0.9989
06362718+0927077,6318.0,64.0,4.36,0.17,-0.54,0.05,2.48,0.13,Trumpler5,0.9996
06362772+0927309,6430.0,65.0,4.14,0.17,-0.52,0.06,2.53,,Trumpler5,0.9995
06362784+0926326,6362.0,65.0,4.11,0.17,-0.5,0.05,2.08,,Trumpler5,0.9998
06362823+0928298,6091.0,65.0,4.65,0.17,-0.53,0.05,2.78,0.1,Trumpler5,0.9987
06362828+0930399,6091.0,83.0,3.78,0.22,-0.02,0.08,2.69,0.17,Trumpler5,0.9563
06362897+0928532,6226.0,65.0,4.08,0.17,-0.61,0.06,2.87,0.06,Trumpler5,0.9981
06363054+0932144,6185.0,67.0,4.19,0.18,-0.58,0.05,2.86,0.11,Trumpler5,0.9969
06363083+0926218,5688.0,67.0,4.11,0.17,-0.77,0.05,2.47,0.11,Trumpler5,0.9979
06363196+0930129,6239.0,63.0,4.31,0.17,-0.55,0.05,2.97,0.06,Trumpler5,0.9994
06363236+0929429,6417.0,66.0,3.95,0.17,-0.56,0.05,1.74,,Trumpler5,0.9997
06363365+0926168,6118.0,64.0,4.23,0.17,-0.48,0.05,2.62,0.11,Trumpler5,0.9996
06363409+0930466,6263.0,66.0,3.73,0.17,-0.5,0.06,2.22,0.21,Trumpler5,0.9985
06363421+0928110,5924.0,65.0,4.54,0.18,-0.34,0.06,2.46,0.11,Trumpler5,0.9996
06363587+0927449,6770.0,67.0,3.72,0.18,-0.27,0.06,2.16,,Trumpler5,0.9997
06363634+0926287,6098.0,65.0,4.27,0.17,-0.45,0.06,2.55,0.1,Trumpler5,0.9997
06363635+0929489,6437.0,66.0,4.08,0.18,-0.34,0.05,2.25,0.23,Trumpler5,0.9998
06363666+0930531,6606.0,107.0,4.33,0.33,-0.3,0.09,2.62,0.19,Trumpler5,0.9996
06363726+0932204,6366.0,65.0,3.82,0.17,-0.27,0.05,2.35,0.18,Trumpler5,0.9993
06363829+0930218,6823.0,85.0,4.34,0.22,-0.11,0.08,3.3,0.13,Trumpler5,0.9973
06363837+0928081,6426.0,66.0,4.13,0.17,-0.84,0.05,1.86,,Trumpler5,0.9996
06363964+0929532,6230.0,66.0,4.11,0.18,-0.55,0.05,2.53,0.19,Trumpler5,0.9983
06364012+0933312,5979.0,80.0,3.99,0.22,-0.36,0.08,2.99,0.14,Trumpler5,0.9992
06364080+0930150,6152.0,61.0,3.82,0.17,-0.53,0.05,2.54,0.24,Trumpler5,0.9993
06364146+0925187,6357.0,84.0,3.59,0.23,-0.28,0.08,3.15,0.14,Trumpler5,0.9978
06364209+0930427,6529.0,81.0,3.81,0.22,-0.5,0.08,3.09,0.13,Trumpler5,0.9988
06364285+0929598,6510.0,65.0,4.09,0.17,-0.26,0.05,2.38,0.2,Trumpler5,0.9739
06364376+0930293,6381.0,66.0,3.99,0.17,-0.47,0.05,2.33,0.14,Trumpler5,0.9985
06364431+0931489,6496.0,84.0,3.78,0.22,-0.45,0.08,2.67,0.18,Trumpler5,0.9998
06364722+0930176,6399.0,83.0,4.35,0.22,-0.39,0.08,2.59,0.19,Trumpler5,0.9976
06365076+0930589,6519.0,65.0,4.02,0.18,-0.55,0.05,2.62,0.15,Trumpler5,0.9989
06365472+0931430,6182.0,65.0,3.91,0.17,-0.53,0.05,2.99,0.07,Trumpler5,0.9995
06365665+0931397,6689.0,66.0,4.03,0.17,-0.33,0.05,2.79,0.12,Trumpler5,0.9998
06365848+0933459,6406.0,85.0,3.95,0.22,-0.73,0.08,2.55,0.16,Trumpler5,0.9996
06370347+0930004,6388.0,66.0,3.91,0.17,-0.52,0.05,2.93,0.07,Trumpler5,0.9995
06360263+0930013,4879.0,32.0,2.75,0.05,-0.32,0.04,1.0,0.05,Trumpler5,0.9997
06361919+0932429,5016.0,33.0,2.45,0.05,-0.38,0.04,0.1,,Trumpler5,0.9995
06363920+0926328,4865.0,32.0,2.63,0.05,-0.31,0.04,1.24,0.04,Trumpler5,0.9998
06363982+0932186,4862.0,32.0,2.61,0.05,-0.34,0.04,0.94,0.05,Trumpler5,0.9998
06364406+0929234,4884.0,33.0,2.71,0.05,-0.27,0.04,0.87,0.05,Trumpler5,0.9997
06364579+0926380,4946.0,33.0,2.62,0.05,-0.28,0.04,-0.85,,Trumpler5,0.9998
06355917+0931052,6105.0,65.0,3.88,0.17,-0.81,0.05,2.48,0.1,Trumpler5,0.9998
06360155+0927405,5921.0,84.0,4.01,0.22,-0.58,0.07,2.02,0.34,Trumpler5,0.9993
06360155+0932239,6582.0,83.0,4.29,0.22,-0.55,0.08,2.49,,Trumpler5,0.9997
06360221+0926432,6297.0,65.0,4.17,0.17,-0.64,0.05,2.91,0.07,Trumpler5,0.9997
06360488+0926574,6150.0,65.0,3.76,0.18,-0.66,0.06,3.02,0.06,Trumpler5,0.9997
06360647+0928433,6231.0,66.0,4.28,0.17,-0.68,0.05,2.33,0.14,Trumpler5,0.9998
06360801+0929217,6453.0,65.0,4.06,0.17,-0.52,0.06,3.08,0.07,Trumpler5,0.9996
06360938+0932204,5657.0,65.0,4.52,0.17,-0.46,0.06,2.45,0.15,Trumpler5,0.9995
06361028+0926525,5968.0,65.0,3.99,0.17,-0.41,0.05,1.97,0.17,Trumpler5,0.9998
06361033+0932112,6281.0,110.0,4.3,0.33,-0.28,0.09,2.78,0.18,Trumpler5,0.9987
06361064+0927209,5901.0,63.0,4.13,0.18,-0.42,0.05,2.62,0.14,Trumpler5,0.999
06361106+0923577,6158.0,81.0,4.7,0.22,-0.54,0.08,2.03,,Trumpler5,0.999
06361117+0924429,5976.0,82.0,3.28,0.22,-0.4,0.08,2.8,0.18,Trumpler5,0.9989
06361148+0927574,6248.0,64.0,4.04,0.17,-0.6,0.05,2.21,,Trumpler5,0.9994
06361230+0928329,6372.0,79.0,4.19,0.19,-0.73,0.09,2.64,,Trumpler5,0.9996
06361301+0923521,6361.0,67.0,4.16,0.17,-0.26,0.05,2.91,0.12,Trumpler5,0.9941
06361555+0931490,6392.0,68.0,4.33,0.18,-0.72,0.05,2.48,0.2,Trumpler5,0.9997
06361606+0931216,6543.0,66.0,4.36,0.17,-0.25,0.05,2.62,,Trumpler5,0.9997
06361615+0926125,6558.0,83.0,4.66,0.21,-0.44,0.08,2.66,0.18,Trumpler5,0.9985
06361623+0925483,6055.0,65.0,4.25,0.18,-0.36,0.05,2.65,0.15,Trumpler5,0.9982
06361906+0928419,6605.0,83.0,3.39,0.22,-0.68,0.08,2.97,0.15,Trumpler5,0.9972
06361968+0933150,6446.0,71.0,4.07,0.21,-0.22,0.05,2.51,0.18,Trumpler5,0.9997
06361987+0928313,6491.0,63.0,4.37,0.18,-0.24,0.06,2.83,0.11,Trumpler5,0.9977
06362127+0934497,5537.0,81.0,3.24,0.22,-0.57,0.08,2.45,0.15,Trumpler5,0.9991
06362234+0932200,6455.0,64.0,4.05,0.17,-0.35,0.06,2.02,,Trumpler5,0.9949
06362246+0930398,5610.0,65.0,4.01,0.17,-0.27,0.05,1.95,0.1,Trumpler5,0.9997
06362308+0926595,6464.0,66.0,4.05,0.18,-0.38,0.06,2.66,0.1,Trumpler5,0.9995
06362400+0927396,6329.0,65.0,4.48,0.17,-0.25,0.05,2.4,0.17,Trumpler5,0.9923
06362508+0936005,6522.0,65.0,4.09,0.18,-0.3,0.06,2.75,0.1,Trumpler5,0.9995
06362667+0931105,6780.0,82.0,4.42,0.22,-0.07,0.08,3.13,0.16,Trumpler5,0.9995
06362708+0932072,6052.0,84.0,3.06,0.22,-0.8,0.08,2.73,0.14,Trumpler5,0.9982
06362792+0926060,6289.0,81.0,4.47,0.22,-0.43,0.08,2.14,0.31,Trumpler5,0.9792
06363076+0927559,6653.0,83.0,4.06,0.22,-0.4,0.08,2.88,0.12,Trumpler5,0.9998
06363128+0931459,6386.0,63.0,4.15,0.18,-0.35,0.06,2.49,,Trumpler5,0.9997
06363305+0934444,6288.0,83.0,4.24,0.22,-0.51,0.08,2.86,0.13,Trumpler5,0.9997
06363355+0933213,6374.0,66.0,4.16,0.18,-0.51,0.05,2.56,0.09,Trumpler5,0.9995
06363408+0933489,6642.0,82.0,3.84,0.22,-0.58,0.08,2.19,,Trumpler5,0.9997
06363464+0931130,6466.0,64.0,4.32,0.18,-0.25,0.06,2.26,,Trumpler5,0.9996
06363543+0931431,6749.0,106.0,4.27,0.33,0.19,0.09,2.94,0.34,Trumpler5,0.9986
06363635+0931571,6689.0,83.0,4.38,0.22,-0.4,0.07,2.64,,Trumpler5,0.9997
06363664+0932132,6296.0,63.0,4.27,0.17,-0.51,0.05,2.6,0.16,Trumpler5,0.9943
06363826+0930535,6601.0,67.0,4.2,0.17,-0.28,0.05,2.16,,Trumpler5,0.9992
06363843+0926460,6621.0,67.0,3.61,0.18,-0.34,0.05,2.87,0.12,Trumpler5,0.9997
06363860+0925269,6293.0,82.0,5.0,0.21,-0.65,0.07,2.48,0.17,Trumpler5,0.9966
06363916+0928247,6385.0,67.0,4.31,0.17,-0.49,0.05,2.63,0.1,Trumpler5,0.9991
06363945+0924520,6410.0,64.0,4.01,0.17,-0.52,0.05,1.92,,Trumpler5,0.9843
06364286+0932223,6618.0,105.0,4.17,0.33,-0.35,0.1,2.17,,Trumpler5,0.9992
06362930+0929452,4518.0,34.0,2.18,0.05,-0.43,0.04,-0.18,,Trumpler5,0.9998
06354344+0927424,4928.0,64.0,3.04,0.17,-0.29,0.05,0.8,0.13,Trumpler5,0.9998
06355251+0931140,4827.0,64.0,2.78,0.17,-0.34,0.05,0.61,0.12,Trumpler5,0.9997
06355356+0926362,5211.0,65.0,3.71,0.18,-0.46,0.05,0.78,0.17,Trumpler5,0.9966
06355500+0927463,4955.0,64.0,2.98,0.18,-0.43,0.05,0.86,0.19,Trumpler5,0.9996
06355611+0932514,5700.0,63.0,3.74,0.17,-0.59,0.05,1.88,0.13,Trumpler5,0.9923
06355943+0930308,4606.0,65.0,2.17,0.17,-0.49,0.05,0.88,0.09,Trumpler5,0.9999
06360206+0934567,4582.0,64.0,2.18,0.17,-0.45,0.05,0.37,0.09,Trumpler5,0.9997
06360324+0923405,4972.0,65.0,2.87,0.17,-0.32,0.05,0.36,0.29,Trumpler5,0.9993
06360568+0923295,4692.0,64.0,2.37,0.17,-0.33,0.05,0.62,,Trumpler5,0.9893
06361016+0917049,4966.0,65.0,3.13,0.18,-0.46,0.05,0.81,0.26,Trumpler5,0.9998
06361857+0929582,4937.0,67.0,3.01,0.17,-0.41,0.05,1.3,0.1,Trumpler5,0.9993
06362026+0928193,4804.0,65.0,2.86,0.18,-0.37,0.05,0.37,0.16,Trumpler5,0.9993
06362157+0918077,5054.0,63.0,3.28,0.18,-0.41,0.05,0.92,0.16,Trumpler5,0.9966
06362340+0931154,5053.0,64.0,3.21,0.17,-0.33,0.05,0.84,0.17,Trumpler5,0.9988
06362392+0928171,4885.0,62.0,2.91,0.17,-0.34,0.06,0.6,0.15,Trumpler5,0.9949
06362394+0926436,5086.0,65.0,3.2,0.17,-0.4,0.05,1.0,0.14,Trumpler5,0.9971
06362496+0927088,4751.0,64.0,2.82,0.17,-0.51,0.06,1.32,0.09,Trumpler5,0.9855
06362510+0931563,4649.0,66.0,2.23,0.17,-0.41,0.05,0.11,0.15,Trumpler5,0.9995
06362535+0928401,6342.0,64.0,4.07,0.17,-0.35,0.06,2.2,,Trumpler5,0.9889
06362606+0931548,4390.0,66.0,1.93,0.17,-0.47,0.05,0.42,0.11,Trumpler5,0.9991
06362809+0925563,5137.0,65.0,3.65,0.17,-0.49,0.05,0.94,0.14,Trumpler5,0.9994
06362915+0936195,4976.0,66.0,2.97,0.18,-0.42,0.05,0.44,0.17,Trumpler5,0.9998
06362975+0931274,4858.0,63.0,2.93,0.17,-0.31,0.05,0.99,0.1,Trumpler5,0.9991
06363139+0922098,4899.0,65.0,2.83,0.17,-0.37,0.06,0.78,,Trumpler5,0.9999
06363336+0932421,5481.0,62.0,3.63,0.17,-0.52,0.05,1.6,0.12,Trumpler5,0.9805
06363436+0926539,4588.0,64.0,2.11,0.17,-0.49,0.06,-0.38,0.29,Trumpler5,0.9986
06363575+0928060,5171.0,65.0,3.69,0.17,-0.56,0.05,0.87,0.15,Trumpler5,0.9995
06363678+0929173,4533.0,66.0,2.05,0.18,-0.5,0.05,0.58,0.1,Trumpler5,0.9977
06363799+0931160,4801.0,65.0,2.87,0.17,-0.36,0.05,1.14,0.09,Trumpler5,0.9993
06363851+0919297,4962.0,66.0,3.05,0.18,-0.49,0.06,0.51,0.2,Trumpler5,0.9999
06363996+0931309,5144.0,65.0,3.73,0.17,-0.54,0.05,0.6,0.28,Trumpler5,0.9996
06364070+0926485,4902.0,66.0,3.09,0.17,-0.55,0.05,0.61,0.17,Trumpler5,0.9999
06364206+0924341,4571.0,66.0,2.09,0.18,-0.36,0.05,0.61,0.09,Trumpler5,0.9985
06364254+0932232,4493.0,64.0,1.94,0.17,-0.54,0.06,-0.11,0.14,Trumpler5,0.9998
06364351+0922147,4572.0,66.0,2.11,0.18,-0.53,0.05,0.66,0.09,Trumpler5,0.9995
06364387+0924253,4976.0,64.0,2.97,0.17,-0.47,0.05,0.51,0.23,Trumpler5,0.969
06364731+0932596,4473.0,63.0,1.91,0.17,-0.53,0.05,-0.33,0.17,Trumpler5,0.9998
06364741+0919364,4907.0,66.0,2.95,0.18,-0.34,0.05,1.23,0.1,Trumpler5,0.9997
06365196+0932248,4437.0,63.0,1.97,0.17,-0.49,0.05,0.42,0.12,Trumpler5,0.9997
06365365+0927306,4944.0,65.0,2.93,0.17,-0.31,0.05,0.29,0.24,Trumpler5,0.9999
06365402+0927545,5123.0,63.0,3.19,0.17,-0.42,0.05,0.81,,Trumpler5,0.9998
06365484+0930456,4986.0,65.0,3.2,0.18,-0.43,0.05,1.2,0.11,Trumpler5,0.9995
06365507+0927312,4923.0,65.0,3.01,0.17,-0.49,0.06,1.06,0.11,Trumpler5,0.9998
06365561+0922540,4974.0,65.0,3.12,0.18,-0.48,0.06,0.41,0.33,Trumpler5,0.9998
06365578+0921580,5137.0,76.0,3.79,0.18,-0.6,0.09,1.39,0.13,Trumpler5,0.956
06365710+0926134,6394.0,65.0,4.16,0.18,-0.22,0.05,2.49,0.16,Trumpler5,0.9998
06365798+0922413,6340.0,67.0,3.86,0.18,-0.2,0.05,2.42,0.18,Trumpler5,0.9964
06370086+0927395,4974.0,66.0,3.02,0.18,-0.46,0.05,0.63,0.13,Trumpler5,0.9996
06360411+0922174,6401.0,82.0,3.92,0.22,-0.21,0.07,2.39,,Trumpler5,0.9996
06360719+0920290,6363.0,64.0,3.97,0.17,-0.57,0.05,2.29,,Trumpler5,0.9996
06361088+0921383,6357.0,82.0,4.19,0.22,-0.42,0.08,2.37,,Trumpler5,0.9826
06361198+0919310,6352.0,66.0,4.04,0.17,-0.59,0.05,2.18,0.26,Trumpler5,0.9998
06361584+0931288,6604.0,103.0,4.61,0.33,0.28,0.09,2.47,,Trumpler5,0.9982
06361624+0922028,6024.0,84.0,3.27,0.21,-0.33,0.08,3.05,0.16,Trumpler5,0.9976
06361656+0927018,6287.0,64.0,4.22,0.17,-0.36,0.06,2.75,0.12,Trumpler5,0.9997
06361903+0923338,6499.0,82.0,3.87,0.22,-0.45,0.08,2.56,,Trumpler5,0.9961
06361943+0929189,6361.0,84.0,4.3,0.22,-0.27,0.08,2.9,0.18,Trumpler5,0.9922
06361946+0927139,6282.0,65.0,3.68,0.17,-0.33,0.05,2.47,,Trumpler5,0.9995
06361950+0930386,6181.0,82.0,4.0,0.22,-0.54,0.08,2.92,0.13,Trumpler5,0.997
06362026+0930227,5563.0,80.0,3.22,0.22,-0.98,0.07,1.92,0.25,Trumpler5,0.9993
06362050+0931401,5816.0,65.0,3.88,0.17,-0.5,0.05,1.9,0.13,Trumpler5,0.9976
06362121+0919574,6457.0,64.0,4.0,0.17,-0.45,0.05,2.84,0.09,Trumpler5,0.995
06362151+0923386,6148.0,81.0,3.88,0.22,-0.5,0.08,2.65,0.16,Trumpler5,0.9989
06362153+0925541,6274.0,81.0,3.79,0.22,-0.47,0.08,2.74,,Trumpler5,0.993
06362171+0928544,5612.0,85.0,2.58,0.22,-0.9,0.07,2.46,0.16,Trumpler5,0.9839
06362173+0929100,6333.0,80.0,4.12,0.22,-0.33,0.08,2.84,0.12,Trumpler5,0.9998
06362178+0930428,6122.0,66.0,3.85,0.17,-0.74,0.06,2.51,0.17,Trumpler5,0.9994
06362196+0927307,6795.0,84.0,4.29,0.21,-0.55,0.08,2.88,0.17,Trumpler5,0.9992
06362213+0926508,6270.0,83.0,4.37,0.22,-0.33,0.07,2.05,,Trumpler5,0.9963
06362223+0931557,5965.0,82.0,4.08,0.22,-0.45,0.08,2.77,0.16,Trumpler5,0.9992
06362245+0926351,6611.0,64.0,4.2,0.18,-0.11,0.05,2.63,0.19,Trumpler5,0.9974
06362262+0923071,6305.0,80.0,3.4,0.22,-0.17,0.08,3.26,0.14,Trumpler5,0.9992
06362322+0923206,6487.0,66.0,4.01,0.18,-0.47,0.05,2.87,0.1,Trumpler5,0.9966
06362526+0926040,6340.0,65.0,3.69,0.17,-0.53,0.05,2.77,0.09,Trumpler5,0.9997
06362594+0930083,6165.0,95.0,3.08,0.27,-0.71,0.16,3.02,0.17,Trumpler5,0.997
06362598+0928222,6338.0,65.0,4.42,0.17,-0.34,0.05,2.67,0.17,Trumpler5,0.9993
06362616+0926286,6176.0,82.0,4.78,0.22,-0.76,0.07,2.29,,Trumpler5,0.9995
06362729+0927269,6451.0,66.0,4.24,0.18,-0.38,0.05,2.6,0.26,Trumpler5,0.9995
06362845+0929318,6192.0,65.0,4.19,0.18,-0.62,0.06,2.2,,Trumpler5,0.9993
06362849+0930073,6173.0,67.0,4.16,0.18,-0.66,0.05,2.4,0.15,Trumpler5,0.9997
06362891+0927306,6487.0,80.0,4.37,0.22,-0.56,0.08,2.59,0.21,Trumpler5,0.9826
06362908+0926372,6583.0,81.0,4.2,0.21,-0.54,0.08,2.45,,Trumpler5,0.9987
06362958+0924256,6460.0,83.0,4.57,0.22,-0.15,0.08,2.33,,Trumpler5,0.9995
06362958+0928545,6589.0,83.0,3.97,0.22,-0.01,0.08,2.33,,Trumpler5,0.9795
06363071+0927478,6002.0,84.0,4.3,0.22,-0.52,0.07,2.3,0.35,Trumpler5,0.9807
06363159+0926165,6570.0,65.0,3.88,0.18,-0.52,0.06,2.18,,Trumpler5,0.9835
06363188+0923308,6810.0,104.0,4.17,0.34,-0.13,0.09,2.56,,Trumpler5,0.995
06363222+0926251,5690.0,82.0,3.53,0.22,-0.25,0.08,2.27,0.21,Trumpler5,0.9924
06363273+0925010,6355.0,86.0,3.62,0.22,-0.28,0.07,2.69,0.25,Trumpler5,0.9864
06363303+0926140,6470.0,84.0,4.0,0.22,-0.58,0.08,2.43,,Trumpler5,0.9996
06363327+0928194,6499.0,101.0,3.81,0.25,-0.55,0.15,2.71,,Trumpler5,0.9996
06363331+0924470,6413.0,82.0,4.17,0.33,-0.49,0.08,3.05,0.22,Trumpler5,0.9599
06363411+0925252,6515.0,85.0,3.96,0.22,-0.32,0.08,3.38,0.18,Trumpler5,0.9965
06363433+0928362,6249.0,66.0,4.14,0.17,-0.71,0.05,2.29,0.27,Trumpler5,0.9986
06363454+0928129,6528.0,64.0,3.99,0.18,-0.55,0.05,2.08,,Trumpler5,0.9998
06363513+0929296,6352.0,82.0,3.83,0.22,-0.09,0.08,2.97,0.17,Trumpler5,0.9957
06363520+0929521,6288.0,65.0,4.16,0.18,-0.6,0.05,2.31,0.2,Trumpler5,0.9996
06363582+0930398,6397.0,64.0,4.16,0.17,-0.53,0.06,3.06,0.11,Trumpler5,0.9751
06363594+0927016,6016.0,83.0,3.53,0.21,-0.62,0.08,2.63,0.19,Trumpler5,0.9996
06363656+0928535,6356.0,66.0,4.31,0.17,-0.68,0.06,2.49,0.19,Trumpler5,0.9958
06363658+0930162,5905.0,67.0,3.37,0.18,-0.28,0.05,2.13,,Trumpler5,0.9976
06363683+0926017,6086.0,82.0,3.45,0.21,-0.32,0.08,2.65,0.16,Trumpler5,0.9994
06363705+0928181,6373.0,80.0,4.75,0.22,-0.44,0.08,2.67,0.21,Trumpler5,0.9986
06363964+0923558,6396.0,82.0,3.61,0.22,-0.55,0.08,3.14,0.09,Trumpler5,0.9997
06364049+0928353,6279.0,66.0,4.32,0.17,-0.42,0.05,2.43,0.18,Trumpler5,0.9995
06364059+0925007,6342.0,77.0,4.07,0.18,-0.49,0.1,2.71,0.11,Trumpler5,0.9998
06364146+0931334,6465.0,83.0,4.08,0.22,-0.25,0.08,2.73,0.29,Trumpler5,0.9777
06364214+0929439,6416.0,65.0,4.07,0.17,-0.6,0.05,2.5,0.21,Trumpler5,0.999
06364235+0930019,5253.0,64.0,3.61,0.17,-0.4,0.06,1.37,0.18,Trumpler5,0.9998
06364262+0925241,6021.0,82.0,3.87,0.22,-0.6,0.08,2.03,,Trumpler5,0.9967
06364311+0930416,5910.0,82.0,3.0,0.22,-0.67,0.08,2.57,0.14,Trumpler5,0.9987
06364350+0925040,6819.0,98.0,3.55,0.26,-0.51,0.15,2.56,,Trumpler5,0.9995
06364410+0929426,6520.0,82.0,4.04,0.22,-0.3,0.08,2.79,0.16,Trumpler5,0.999
06364420+0931532,6146.0,82.0,3.22,0.21,-0.55,0.08,2.4,0.33,Trumpler5,0.9986
06364451+0930001,5671.0,84.0,3.64,0.22,-0.43,0.08,2.61,0.14,Trumpler5,0.9984
06364473+0931396,6194.0,80.0,3.8,0.22,-0.11,0.08,2.47,0.24,Trumpler5,0.998
06364528+0927477,6633.0,84.0,4.72,0.22,-0.25,0.08,3.06,0.15,Trumpler5,0.9972
06364552+0931333,6175.0,81.0,4.04,0.21,-0.3,0.07,2.65,0.14,Trumpler5,0.9992
06364626+0931274,6342.0,83.0,3.87,0.21,-0.14,0.08,3.17,0.15,Trumpler5,0.9994
06365188+0927185,6634.0,83.0,3.97,0.21,-0.24,0.07,2.83,0.24,Trumpler5,0.9998
06365213+0931068,6722.0,81.0,4.35,0.22,0.03,0.08,2.98,0.17,Trumpler5,0.9997
06365782+0930350,6639.0,84.0,4.29,0.22,-0.26,0.08,2.28,,Trumpler5,0.9997
06364702+0928015,6577.0,88.0,4.39,0.22,-0.41,0.08,3.12,0.15,Trumpler5,0.9964
06354951+0928126,6356.0,69.0,4.52,0.18,-0.43,0.05,2.63,0.16,Trumpler5,0.9998
06355070+0923145,4953.0,66.0,2.98,0.17,-0.4,0.05,0.64,0.15,Trumpler5,0.9996
06355481+0932373,6434.0,63.0,4.0,0.18,-0.47,0.06,2.85,0.11,Trumpler5,0.9997
06360148+0926080,6435.0,66.0,4.2,0.18,-0.38,0.05,3.05,0.08,Trumpler5,0.9997
06360350+0929443,6455.0,82.0,4.82,0.23,0.05,0.08,3.01,0.17,Trumpler5,0.9985
06360390+0922472,6551.0,81.0,4.4,0.22,-0.29,0.08,2.88,0.19,Trumpler5,0.9996
06360505+0929253,6233.0,83.0,3.13,0.22,-0.76,0.08,2.81,0.14,Trumpler5,0.9995
06360574+0931067,6876.0,85.0,3.83,0.23,-0.1,0.08,3.18,0.2,Trumpler5,0.9996
06360666+0928170,5858.0,83.0,4.56,0.22,-0.88,0.07,2.01,,Trumpler5,0.9985
06360762+0926564,6424.0,67.0,4.05,0.18,-0.33,0.05,2.67,0.09,Trumpler5,0.9996
06360913+0931561,6549.0,82.0,4.71,0.21,-0.34,0.08,2.81,,Trumpler5,0.9994
06360923+0923272,6367.0,82.0,4.29,0.22,-0.52,0.08,2.4,,Trumpler5,0.9995
06360983+0926122,6681.0,84.0,4.84,0.22,-0.17,0.08,2.72,,Trumpler5,0.9996
06361362+0923038,6638.0,65.0,4.19,0.18,-0.36,0.05,2.51,,Trumpler5,0.9981
06361373+0926127,6395.0,86.0,4.72,0.22,-0.6,0.07,2.72,0.17,Trumpler5,0.9997
06361379+0931394,5775.0,67.0,4.39,0.17,-0.3,0.05,2.52,0.16,Trumpler5,0.9987
06361598+0925562,6499.0,64.0,4.12,0.17,-0.34,0.06,2.49,0.13,Trumpler5,0.9995
06361636+0927207,6437.0,65.0,4.05,0.17,-0.27,0.05,2.74,0.15,Trumpler5,0.9997
06361671+0925443,6556.0,66.0,4.05,0.18,-0.37,0.06,2.54,0.18,Trumpler5,0.9992
06361830+0923505,6693.0,66.0,4.1,0.17,-0.17,0.05,2.17,,Trumpler5,0.9998
06361887+0924234,6568.0,83.0,3.92,0.22,-0.14,0.08,2.66,,Trumpler5,0.995
06361940+0931370,6492.0,83.0,4.13,0.22,-0.44,0.08,2.69,,Trumpler5,0.9994
06362370+0932446,6574.0,66.0,3.94,0.18,-0.32,0.05,2.91,0.12,Trumpler5,0.9968
06362404+0930514,6843.0,82.0,3.8,0.21,-0.42,0.08,2.37,,Trumpler5,0.9993
06362452+0926480,6325.0,66.0,3.98,0.17,-0.21,0.05,2.64,0.12,Trumpler5,0.9973
06362547+0933342,4879.0,65.0,2.9,0.18,-0.38,0.05,1.13,0.09,Trumpler5,0.9987
06362651+0927537,6691.0,80.0,4.2,0.22,-0.27,0.07,2.97,0.14,Trumpler5,0.983
06362828+0928226,6379.0,83.0,4.16,0.22,-0.07,0.08,2.78,0.19,Trumpler5,0.9996
06362889+0931580,6675.0,83.0,4.52,0.22,-0.13,0.08,2.86,0.19,Trumpler5,0.9998
06362913+0927565,6197.0,63.0,4.61,0.17,-0.64,0.06,2.53,0.17,Trumpler5,0.9998
06362923+0928130,6328.0,83.0,3.69,0.22,-0.34,0.08,2.42,0.25,Trumpler5,0.9997
06363030+0931434,6342.0,66.0,4.24,0.17,-0.54,0.05,2.45,0.18,Trumpler5,0.9992
06363050+0929395,5867.0,66.0,4.42,0.17,-0.78,0.05,2.44,0.13,Trumpler5,0.9939
06363121+0928039,6342.0,65.0,4.37,0.17,-0.41,0.05,2.99,0.15,Trumpler5,0.9996
06363278+0927238,6293.0,83.0,3.82,0.22,-0.28,0.07,2.61,,Trumpler5,0.9912
06363325+0929169,6866.0,86.0,3.81,0.21,-0.46,0.08,3.08,0.18,Trumpler5,0.9877
06363367+0932318,6534.0,82.0,4.25,0.22,-0.78,0.08,2.36,,Trumpler5,0.9996
06363466+0931306,5093.0,64.0,3.88,0.17,-0.5,0.05,0.75,0.18,Trumpler5,0.9984
06363593+0927222,6198.0,68.0,4.1,0.17,-0.42,0.05,2.66,0.07,Trumpler5,0.9987
06363849+0931304,6682.0,83.0,4.36,0.22,-0.01,0.07,2.43,,Trumpler5,0.9991
06363937+0929230,6661.0,83.0,4.72,0.22,-0.26,0.08,2.76,0.25,Trumpler5,0.9985
06364197+0931148,6439.0,83.0,3.75,0.22,-0.34,0.08,2.61,0.41,Trumpler5,0.996
06365098+0930126,6009.0,68.0,4.47,0.17,-0.32,0.06,2.52,0.12,Trumpler5,0.9948
06355514+0926069,4928.0,33.0,2.49,0.05,-0.35,0.04,-0.52,,Trumpler5,0.9997
06360199+0932398,4904.0,33.0,2.8,0.05,-0.28,0.04,0.79,0.07,Trumpler5,0.9999
06360333+0928126,4862.0,33.0,2.52,0.05,-0.39,0.04,0.36,,Trumpler5,0.9999
06362067+0932132,4395.0,33.0,1.89,0.06,-0.38,0.04,-0.15,0.06,Trumpler5,0.9998
06362591+0934221,5063.0,33.0,2.5,0.05,-0.35,0.04,0.13,,Trumpler5,0.9998
06363924+0923230,5051.0,33.0,2.49,0.05,-0.36,0.04,-0.09,,Trumpler5,0.9997
06364614+0936246,4896.0,32.0,2.76,0.05,-0.34,0.04,0.77,0.09,Trumpler5,0.9998
06355161+0927011,5246.0,79.0,3.55,0.22,-0.7,0.08,1.62,,Trumpler5,0.9987
06360090+0929243,5993.0,82.0,3.58,0.22,-0.73,0.08,2.15,,Trumpler5,0.9799
06360350+0926370,6634.0,82.0,3.7,0.22,-0.48,0.08,2.29,,Trumpler5,0.9961
06360510+0933460,6355.0,64.0,3.92,0.17,-0.7,0.05,2.57,0.12,Trumpler5,0.9998
06360732+0929078,6309.0,66.0,4.25,0.17,-0.75,0.05,2.59,0.12,Trumpler5,0.9999
06360836+0927561,6042.0,65.0,3.45,0.17,-0.73,0.06,3.06,0.08,Trumpler5,0.9998
06361116+0931325,5772.0,84.0,4.52,0.21,-0.54,0.08,2.29,0.25,Trumpler5,0.9992
06361233+0930473,6377.0,67.0,4.33,0.17,-0.77,0.06,2.79,0.1,Trumpler5,0.9985
06361304+0931533,6558.0,66.0,3.69,0.17,-0.25,0.06,3.15,0.09,Trumpler5,0.9996
06361566+0925501,6437.0,83.0,4.52,0.22,-0.75,0.08,3.13,0.15,Trumpler5,0.9996
06361573+0929123,6459.0,84.0,3.97,0.22,-0.27,0.08,2.26,,Trumpler5,0.9996
06361599+0924008,6857.0,81.0,3.68,0.21,-0.65,0.08,3.11,,Trumpler5,0.9995
06361643+0925141,6446.0,84.0,3.74,0.21,-0.34,0.08,2.62,0.25,Trumpler5,0.9997
06361740+0928306,6195.0,81.0,3.81,0.22,-0.37,0.08,2.34,,Trumpler5,0.999
06361871+0933244,6012.0,83.0,4.67,0.22,-0.42,0.08,2.4,0.26,Trumpler5,0.9993
06361957+0925330,6281.0,67.0,4.25,0.18,-0.42,0.05,2.02,,Trumpler5,0.9993
06362044+0926081,6086.0,64.0,4.08,0.17,-0.53,0.05,2.44,0.22,Trumpler5,0.9991
06362100+0925496,6201.0,82.0,3.85,0.22,-0.2,0.08,2.29,,Trumpler5,0.9986
06362181+0928030,6213.0,66.0,4.07,0.17,-0.26,0.05,3.27,0.09,Trumpler5,0.9998
06362266+0933203,6254.0,82.0,4.5,0.22,-0.3,0.08,3.09,0.18,Trumpler5,0.9952
06362333+0926348,6454.0,84.0,4.51,0.22,-0.49,0.08,2.73,0.14,Trumpler5,0.9993
06362410+0931291,6268.0,82.0,4.17,0.22,-0.57,0.08,2.43,,Trumpler5,0.9823
06362521+0933059,5198.0,81.0,3.01,0.22,-0.51,0.08,2.02,0.18,Trumpler5,0.9889
06362565+0926460,6503.0,82.0,3.96,0.22,-0.29,0.08,2.4,,Trumpler5,0.9997
06362616+0929213,5823.0,81.0,3.41,0.23,-0.98,0.08,2.27,0.16,Trumpler5,0.9989
06362655+0931078,6392.0,80.0,3.52,0.21,-0.36,0.08,2.45,,Trumpler5,0.9998
06362694+0927089,6833.0,106.0,4.26,0.33,-0.03,0.1,3.08,0.28,Trumpler5,0.999
06362727+0931504,6203.0,66.0,4.49,0.18,-0.28,0.05,2.29,0.23,Trumpler5,0.9949
06362826+0926239,6476.0,84.0,3.69,0.21,-0.25,0.08,2.93,0.17,Trumpler5,0.9985
06362827+0931255,5986.0,82.0,4.62,0.22,-0.43,0.08,2.36,0.18,Trumpler5,0.9993
06362877+0927063,6410.0,85.0,3.58,0.22,-0.47,0.08,2.67,,Trumpler5,0.9995
06362879+0927210,6877.0,84.0,4.41,0.22,-0.07,0.07,3.01,0.29,Trumpler5,0.9996
06362917+0925540,5854.0,63.0,4.15,0.17,-0.41,0.05,1.93,0.16,Trumpler5,0.9998
06362953+0933069,6102.0,82.0,3.07,0.22,-0.78,0.08,2.62,0.27,Trumpler5,0.9997
06362977+0932132,5493.0,64.0,3.75,0.18,-0.37,0.05,1.96,0.12,Trumpler5,0.9997
06362991+0926198,6640.0,80.0,3.97,0.22,-0.3,0.08,2.89,0.14,Trumpler5,0.9989
06363236+0933277,6268.0,64.0,3.74,0.17,-0.53,0.05,2.34,0.22,Trumpler5,0.9984
06363280+0929014,6757.0,83.0,3.71,0.22,-0.17,0.08,3.49,0.17,Trumpler5,0.9997
06363363+0932410,6292.0,82.0,3.77,0.21,-0.24,0.08,2.68,,Trumpler5,0.9996
06363450+0926060,6791.0,84.0,3.64,0.22,-0.51,0.08,2.74,0.2,Trumpler5,0.9999
06363493+0929053,6784.0,82.0,3.96,0.22,-0.44,0.08,2.77,,Trumpler5,0.999
06363637+0925070,6877.0,105.0,4.49,0.33,-0.16,0.09,2.53,,Trumpler5,0.9971
06363639+0930530,6417.0,64.0,4.15,0.18,-0.39,0.05,3.07,0.08,Trumpler5,0.9998
06363663+0928473,5798.0,98.0,2.5,0.27,-1.29,0.15,2.94,0.19,Trumpler5,0.9982
06363669+0925561,5977.0,65.0,3.94,0.18,-0.53,0.05,2.22,,Trumpler5,0.9997
06363719+0926118,6282.0,81.0,4.23,0.22,-0.23,0.08,2.54,,Trumpler5,0.9921
06363852+0929335,5192.0,64.0,3.95,0.17,-0.36,0.05,1.27,0.18,Trumpler5,0.9998
06363977+0929249,6283.0,95.0,3.96,0.26,-0.34,0.15,2.6,,Trumpler5,0.9983
06363986+0927137,6574.0,84.0,3.84,0.21,-0.26,0.08,2.92,0.24,Trumpler5,0.9879
06363996+0927506,6821.0,102.0,4.32,0.26,-0.72,0.16,3.19,0.21,Trumpler5,0.9998
06364008+0930248,6416.0,81.0,3.37,0.21,-0.59,0.07,2.8,0.14,Trumpler5,0.9994
06364135+0926298,6662.0,82.0,4.01,0.22,-0.66,0.08,3.01,0.15,Trumpler5,0.9998
06364223+0927357,6342.0,82.0,4.22,0.22,-0.46,0.07,2.69,0.21,Trumpler5,0.9997
06364227+0929072,6512.0,81.0,4.07,0.21,-0.05,0.08,2.8,0.23,Trumpler5,0.9997
06364401+0926520,5693.0,92.0,3.2,0.26,-0.4,0.15,2.25,,Trumpler5,0.9981
06364550+0926046,5132.0,66.0,3.3,0.17,-0.57,0.05,1.54,0.13,Trumpler5,0.9998
06364704+0926533,5852.0,80.0,4.12,0.22,-0.31,0.08,2.74,0.23,Trumpler5,0.9991
06365015+0929557,6187.0,66.0,3.83,0.17,-0.6,0.06,2.49,0.21,Trumpler5,0.9995
06355784+0929176,5039.0,33.0,2.48,0.05,-0.37,0.04,0.13,,Trumpler5,0.9999
06360816+0931220,5023.0,34.0,2.45,0.05,-0.38,0.04,-0.45,,Trumpler5,0.9999
06363311+0926310,4864.0,32.0,2.69,0.05,-0.33,0.04,0.84,0.05,Trumpler5,0.9999
06363598+0927352,4860.0,34.0,2.75,0.05,-0.32,0.04,1.24,0.04,Trumpler5,0.9998
06364020+0929478,4963.0,32.0,2.5,0.05,-0.37,0.04,4.08,0.05,Trumpler5,0.9998
06354551+0933214,5445.0,80.0,2.97,0.22,-1.22,0.08,2.18,0.17,Trumpler5,0.9974
06354924+0929126,6319.0,66.0,4.18,0.17,-0.53,0.05,2.09,,Trumpler5,0.9996
06355107+0931164,5976.0,79.0,3.32,0.22,-1.13,0.08,2.37,0.16,Trumpler5,0.9994
06355110+0925391,5663.0,83.0,3.25,0.22,-0.76,0.08,2.31,0.21,Trumpler5,0.9992
06355367+0926164,6192.0,78.0,4.0,0.18,-0.85,0.09,2.9,0.09,Trumpler5,0.9996
06355389+0924267,6117.0,64.0,3.68,0.18,-0.69,0.05,2.59,0.13,Trumpler5,0.9997
06355407+0928116,5788.0,80.0,3.4,0.22,-0.71,0.07,2.8,0.16,Trumpler5,0.9995
06355701+0922045,5760.0,82.0,3.85,0.22,-0.4,0.08,2.56,0.17,Trumpler5,0.9995
06355727+0924359,6062.0,65.0,3.96,0.17,-0.74,0.05,2.23,0.18,Trumpler5,0.999
06355832+0922354,6601.0,66.0,4.06,0.17,-0.24,0.05,2.8,,Trumpler5,0.9994
06360036+0929499,5882.0,82.0,4.58,0.22,-0.31,0.08,2.83,0.13,Trumpler5,0.9997
06360207+0923577,6118.0,83.0,3.72,0.22,-0.88,0.08,2.59,0.15,Trumpler5,0.999
06360248+0926474,6278.0,64.0,4.08,0.17,-0.52,0.05,2.13,0.21,Trumpler5,0.9998
06360312+0932540,6287.0,66.0,4.26,0.18,-0.58,0.05,2.69,0.11,Trumpler5,0.9992
06360336+0933429,6478.0,81.0,4.87,0.21,-0.32,0.08,3.09,0.15,Trumpler5,0.9996
06360387+0931103,6178.0,65.0,3.79,0.18,-0.61,0.06,1.83,,Trumpler5,0.9995
06360392+0923151,6217.0,65.0,3.89,0.17,-0.44,0.05,2.39,0.17,Trumpler5,0.9978
06360437+0922359,6436.0,85.0,3.67,0.22,-0.56,0.08,2.78,0.15,Trumpler5,0.997
06360492+0933298,6445.0,66.0,4.22,0.17,-0.54,0.05,2.36,0.28,Trumpler5,0.9978
06360534+0931107,6334.0,81.0,4.96,0.22,-0.07,0.07,3.05,0.17,Trumpler5,0.9993
08111144-4727377,5388.0,84.0,3.9,0.19,0.06,0.08,3.66,0.1,gamma2_Vel,0.9991
08095427-4721419,5837.0,34.0,4.39,0.05,-0.02,0.05,3.77,0.03,gamma2_Vel,0.9849
08085400-4717236,3938.95,60.67,4.42,0.08,-0.03,0.03,2.83,0.03,gamma2_Vel,0.9993
08072292-4655555,4008.92,62.2,4.67,0.11,0.03,0.02,3.16,0.05,gamma2_Vel,0.9511
08104067-4655470,6108.0,82.0,4.28,0.11,0.04,0.07,3.41,0.07,gamma2_Vel,0.9536
08093920-4721387,5357.0,81.0,4.05,0.2,0.09,0.08,3.63,0.1,gamma2_Vel,0.9973
05350606+1000198,5163.0,81.0,4.02,0.14,-0.01,0.05,3.4,0.11,lam_Ori,0.986
05350834+0942538,5126.0,55.0,4.5,0.1,0.08,0.11,3.8,0.08,lam_Ori,0.9972
05322563+1236354,4481.52,75.96,4.51,0.1,0.03,0.05,3.56,0.19,lam_Ori,0.9937
05352469+1011453,6200.0,37.0,4.16,0.07,-0.06,0.05,3.43,0.03,lam_Ori,0.9988
05370084+0949045,5112.0,57.0,4.49,0.1,0.14,0.12,3.93,0.08,lam_Ori,0.9998
05432474+0906084,4542.0,30.0,4.1,0.05,-0.18,0.05,3.43,0.05,lam_Ori,0.969
05301704+1215410,4108.28,65.51,4.74,0.08,-0.39,0.04,3.13,0.06,lam_Ori,0.9991
05352611+0943365,3923.55,60.65,4.76,0.08,-0.1,0.04,0.15,0.17,lam_Ori,0.9982
05361661+0950484,3967.58,61.92,4.65,0.1,0.03,0.03,3.46,0.05,lam_Ori,0.9992
